# tirage default_rng(20260826), uniform(-2,2) x 4096 pour x et D ; colonnes x D x'' D''
-1.3614224141024649 0.65109898080302386 3.8847793632606042 -4.2714781976728249
-0.43886103278424793 -1.7215387901464707 0.52338523151295857 2.7162387699625916
1.3528841517169292 1.3551919627525457 -3.8290619644616299 -8.7963973296402926
0.29209716249812168 1.1323927151746518 -0.31701911215868117 -1.4222425103819072
-1.2759077870855831 -0.39789197443237878 3.3530099790726999 2.3411255700718572
-1.517768541226995 1.944629132957596 5.0141325491698439 -15.383696667800871
1.5029842787423582 1.1566622166069407 -4.8981682634692767 -8.9952293043119287
0.03276572786599985 0.3355093566501508 -0.032800904919540255 -0.33658995806243652
0.47702349821839229 0.51689684844597616 -0.58557087158695298 -0.86975868068810758
0.11109828541192979 1.8268484067809752 -0.11246955255334778 -1.8944938393801056
-1.4991611139424266 -0.34219260458230627 4.8685017992476354 2.649409862501392
0.62499801304411351 -1.135775710641576 -0.86913630958758648 2.4667544088022475
-1.7205077457870641 -1.9388516982569803 6.8134634216051619 19.156709249994293
-1.5232032450086117 -1.2898350136559316 5.0572603988304374 10.26765988147555
0.15784645369785011 0.32563424391290141 -0.16177927747981474 -0.34997426680250349
1.7169634412897894 0.40237116200959822 -6.7785089261799758 -3.9608976093574513
-1.1557682312043021 -1.0708832426456873 2.6996436705255231 5.3623414054434502
-0.42787346677914107 -0.2324256479109823 0.50620670275020796 0.3600801149705416
0.9726125647219539 -0.73950049217672964 -1.8926799311834399 2.8381478724782272
-1.4996562999194945 -1.4279976897224964 4.8723368559193343 11.062565375128084
-0.96248078051873343 1.9437634614361872 1.8540933820676342 -7.3456915780041721
-0.03626588680959042 1.9105460340752511 0.036313584231449099 -1.9180843678801993
-0.60466347159368583 -0.37827091956135339 0.8257392686770435 0.79317879303551875
1.468528467376216 0.035669092759186949 -4.6355215090999824 -0.26643840588276752
1.1271705377247057 0.62367363990214209 -2.5592558337889071 -3.0008308295753428
0.99938006861088979 1.4931121171923918 -1.9975214271500921 -5.9668964278319407
-0.96964108118020365 -0.25317017832724842 1.8813013358554405 0.96726488944159816
0.7854349376440819 -1.7073192758281235 -1.2699760665726587 4.8670962466591048
-1.6495991563100367 0.33825214575722518 6.1384510607523914 -3.0995844055174171
1.6200821506557901 -1.0317799393882581 -5.8722569719983397 9.1560136598643993
1.8020309373376833 -1.5487400943502219 -7.6537939300519211 16.636483231836255
0.022296968302773834 0.76415832452764976 -0.022308053347490555 -0.76529803945431862
0.61524054314983889 -1.0905863687941597 -0.8481219632158582 2.3290156551793344
1.3264167951943793 0.42279440174782312 -3.6600899852794964 -2.654364366448958
0.8961348550324848 -0.36751919750368911 -1.6157828312518601 1.2529365380524322
-1.2419133015409338 0.61191749826034281 3.1573766037817856 -3.4432878776476934
0.19306396241425317 -1.590944028240548 -0.20026016939121966 1.7688451088900137
0.70776909282760814 -1.070164168842358 -1.0623168817044029 2.6784189385542958
-1.7186260729552307 1.7322026365059275 6.7948899334596717 -17.081296510623954
1.2015614513268886 -1.0522901264662217 -2.936315702134956 5.6100214883240005
0.1546901571936603 -0.82766326768702791 -0.15839174488484023 0.88707884175506457
0.70018810073584969 -1.1620038407667148 -1.0434646831261665 2.8710676199009857
-0.48060730139771124 1.1957706271378021 0.59161959944137332 -2.0243800440086623
0.33368443117361313 0.71258098896017019 -0.37083862413704993 -0.95060862009164382
0.5515340702995446 0.65450422676544395 -0.71930512576989747 -1.2517848165644112
0.88453994635792554 0.072581713721973529 -1.5766136566481479 -0.24294788922919985
1.4581111199994292 -0.42487361107781618 -4.558183730692841 3.1348297179400801
-1.0508212764516691 -1.2280166697550348 2.2111647735287931 5.2960380992338605
-0.12898660775323512 -0.18490568506610972 0.13113262824150679 0.19413481502297139
0.50071636449327972 -1.3857512509223375 -0.62625440799799292 2.4280449315036559
-1.5444415313461817 -0.53802287766232348 5.2283973658542049 4.3880602129092523
0.072409866640695153 -0.5721105875104171 -0.07278952524152825 0.58110963896236112
-1.4687857687326491 1.5970080903788606 4.6374437718224684 -11.93283631183121
0.38494436213879002 1.8819719473735153 -0.44198624994806945 -2.7185959630040091
-1.858810284111267 1.4418563126376589 8.2813263572266713 -16.387456875848159
0.10330700543523674 1.8920478061907744 -0.10440953265013221 -1.9526255237256132
-0.25001042745731183 0.50404398330455047 0.26563738268710785 -0.59856011418424937
1.2345481707038348 1.7801864798355691 -3.1161343779715498 -9.9197821788355416
1.9411015951498252 -1.1489384923953305 -9.254930549643376 14.136109746506637
0.6115743898192707 -1.6566453293610639 -0.84031742110401231 3.5155168618024883
-1.7950778345719929 -0.03095978858518178 7.5793650970064581 0.3302453805165696
0.19649432077121043 -0.53095670662167027 -0.20408097005181827 0.59245745077318368
1.6142523378395408 1.3345794094586472 -5.8206882073549391 -11.767562965505794
-0.92819353083165757 -0.81601464477343777 1.7278723840785415 2.925110324788804
1.8401978055998813 0.67107165015668047 -8.0717110935058418 -7.4884777339419859
-0.18348453819229293 1.8652333080331593 0.18966183429733222 -2.053621363433678
-0.84304226456643505 -0.08218878944403496 1.4422094818996645 0.25742850281414126
0.63546802925049217 1.4734134499072704 -0.89208248492948128 -3.2583932114414953
0.35662084756401846 0.15220202122853976 -0.40197532667635871 -0.21027246304217981
1.7988533442313646 -1.2777982756475317 -7.6197149486776219 13.682178451713249
0.74598752955546388 -1.371317392883157 -1.1611276458977633 3.6607210603800127
-1.9266292939788823 1.2500930670163761 9.0780854111139639 -15.170756070078358
1.5056451033133373 0.18637799236109265 -4.9188931329333343 -1.4539163660278409
-0.21291284441804681 0.34588134547301452 0.22256458378649688 -0.39291969970719531
-0.52563744410243052 -1.3939951303629159 0.67086829593124297 2.5494556240889179
-0.15077203780987869 0.77935781929439507 0.1541994190412837 -0.8325073900211627
-0.54292903310285556 1.2479932051309923 0.70296927475066329 -2.3516133209085264
-1.7572192097536363 1.759286246407862 7.1831946898033507 -18.05636059389823
0.48892686093389148 -0.55910890678261538 -0.60580457052107628 0.96007297926000745
0.46775891867071451 0.093076199359441336 -0.57010382446627761 -0.1541709715274753
1.5305073322156617 0.033335920390613616 -5.1156483556988039 -0.26759936996509076
-1.0994436070125921 -1.2076435008688851 2.4284249218874736 5.5869558297088329
-1.310838454537004 -0.9695392512744716 3.563248833432922 5.9674097320171091
-1.4987452888822688 -1.1854642966227513 4.8652830712122412 9.1739671605617961
1.8423230956455461 1.8890210166740768 -8.0954521162244966 -21.123907939224253
-1.216893879136673 1.191027481296135 3.0189077099216846 -6.4821577045741021
0.91622932355402975 -1.9068871092582658 -1.6853820099933152 6.7092459896743488
-0.21660774915486991 -0.96027931703418856 0.22677075015771123 1.0954451137349592
1.6971029190650957 1.4677076702781431 -6.5850280077415597 -14.149399034666597
-0.77719936077779028 -0.01649100338511289 1.2466579660796993 0.046374623366952909
-1.6401457800033574 -0.82788010782809707 6.052266154256448 7.5090667481639013
1.047799225195805 1.5069215357653727 -2.1981604086123534 -6.4701931230534573
0.56983364043271134 -0.39534192145985347 -0.75486453708298562 0.7804567954550663
-0.82387043531008564 0.010926813680998571 1.3830827868606987 -0.033176947603598204
-0.11870691218888663 0.12452019884141086 0.12037965058069673 -0.12978416485612174
-1.7585330183930949 -0.90368606412509456 7.1966880113044365 9.287466459906792
-1.7505827470511721 -0.54977304780630742 7.1153135186508738 5.6041774601612913
-1.6175209371719435 1.7581518576878228 5.8495606328355585 -15.558100189266032
-0.35735661264093288 1.2727358067561547 0.40299239166153555 -1.7603352072499072
-0.23861519645723561 -0.156251843402051 0.25220128047964818 0.18294147639234845
0.79744581074176146 -0.42152976091285277 -1.3045574080213527 1.2257071513184719
-0.030383481325059858 0.35431502640660328 0.03041153001624489 -0.35529629046764732
-1.3496816539408272 -1.5113142158790902 3.8083165072741014 9.7705280711960114
1.4271868001971062 -1.5963467006610377 -4.3341695925619002 11.350961279836767
0.38982135835245879 -1.1105064979370822 -0.44905888150100554 1.6167665037216874
-0.40248466425764162 -1.087307611626755 0.46768472670829253 1.6157192293356393
-0.33856276608361568 -1.2200880561239438 0.37737043734676085 1.6396449088327911
1.0039927820066712 -0.66986411389036959 -2.016019018605304 2.695536221386988
0.65095953042731169 -1.9215055569747919 -0.92680253148971747 4.3642097557108519
1.7432956948874931 0.69188719989607073 -7.0413105657851629 -6.9999886048095368
0.58136795432083277 -0.43715575946087926 -0.77786375244157036 0.88041687775914579
-1.6747812873884751 1.4913216592821534 6.3723625260377963 -14.04031184717568
0.64179910790331052 -1.3061116550317093 -0.90616007215358729 2.9200977090356641
1.3669491130637685 1.8279934443053754 -3.921161711109157 -12.075084224716944
-0.62093578433434038 -1.7386446037527197 0.86034456043587682 3.7497065548989577
0.63033154757241849 -0.59395460414833146 -0.8807735290593105 1.3019209206799378
0.99857938150526238 -0.48321551147681152 -1.9943235776247412 1.9287461821661249
-1.4384313666638886 0.79647326998894519 4.4146678383843572 -5.7403854714922611
-1.7651518806929194 1.0852895403121514 7.2649435554349324 -11.22979853771964
-1.4637298475287044 1.465742849312142 4.5997784619141493 -10.886827292028425
0.50402505565470479 1.677565089713565 -0.6320682142154892 -2.9560773206137596
-1.2611758335612575 1.5991197305662563 3.2671573214421552 -9.2296288738383634
-1.6432739519276196 -0.49422290103521327 6.0806875866391294 4.4979462675520017
0.38367001312610549 -0.66765480611325723 -0.44014726689956196 0.96249653437883775
1.8980714630102078 -1.287562465078711 -8.7362065999910872 15.20357085321773
1.2276199066220093 -1.0516856603482032 -3.0777052666006242 5.8065162875174323
-1.3229053885138873 1.0401363873019793 3.6380938873572539 -6.5010978937372199
0.84511173616833712 0.86902230718522011 -1.4487022400719252 -2.7310256015977745
0.99429231420566921 -1.2942754175936857 -1.9772668039109123 5.1329042593450387
-1.9302677860977977 1.1962640187411075 9.1223176306214526 -14.567865376792765
1.1523427583101409 -0.60701069482556003 -2.6825316001458166 3.0251479688231755
0.99765428340782636 -1.8950152747997953 -1.990633627883259 7.5534213678824935
-0.63054872800820005 0.17799934490784697 0.88124966769637414 -0.39031253047197506
-0.42297065029985914 -1.5562016803577992 0.49864186385546716 2.3914345950278855
-0.19396435954313906 1.3610602731803749 0.20126172018967148 -1.5146784074364696
0.78781684457011147 0.20028687692444702 -1.2767796080707321 -0.57321426039766543
-1.5731210656586683 -1.9588507333752041 5.4661393206367652 16.501612565784999
-0.2769978593632243 0.4562354643043367 0.29825129962027469 -0.56125331396603606
-1.4656167230951045 -1.0611101448295308 4.6138088995307633 7.8990069912182017
1.980905901177723 1.2072829734272217 -9.7539572615548398 -15.419375360116504
-0.53765290872691773 0.11654892966457187 0.6930725846681407 -0.21762155432118571
-1.8593919641696721 1.4685179724136477 8.2879393446373157 -16.70000904042811
1.1015052226026758 0.48211848001513058 -2.4379766608545403 -2.2370014306501549
1.3615515119088704 -0.34672451083976075 -3.8856263662555426 2.2750216296964698
-0.28548437191704545 0.84259257863376291 0.30875172695438469 -1.0486098174820835
-1.1154249751743284 -1.7193214295206536 2.5032064736544353 8.1367206888197039
1.3387329026727359 1.5417166594589906 -3.7380177550091198 -9.8309372058046609
0.11692940906832527 -0.74961951254786996 -0.11852812485924338 0.78036700100538037
-0.15057949215605193 -1.8633019821257131 0.15399375918620689 1.990048535066691
-0.94406713108122364 1.9134489539405641 1.7854789966137585 -7.0296062724116686
-1.6355385153664588 0.45257539909105482 6.0105815311882473 -4.0844742880311857
-0.36033695616726691 -1.9240320291260335 0.40712408738597344 2.6734966966406839
-1.312239414038932 0.62601557252527673 3.5718793094188559 -3.8599599602799293
-1.5309865827548461 -0.46668801619718936 5.1194965260835819 3.7483260241721008
-0.85216919904022648 1.0763008236697504 1.4710079469993338 -3.4211050769705196
0.34365809932837887 -0.10092444365283448 -0.38424442645152462 0.1366822432753721
-0.86646330198742039 -1.1744426786162814 1.5169681240601056 3.8196116913217169
-1.4289979229629424 1.1428083181036066 4.347061787796946 -8.1437722885243069
0.61884920665055265 0.42102621973135168 -0.8558525734810648 -0.90475293632678422
-1.9833816434138893 -1.7963582435681729 9.7856137935464904 22.995915203769261
0.080284047183147411 0.71479489948721664 -0.080801520275854105 -0.72861659160164705
0.0088732681366048283 -1.8722863219529371 -0.0088739667723726472 1.8727285647112912
-1.3334356161893544 -1.2275821845363923 3.7043515369733706 7.7756916921532584
-1.8107238948150597 -0.29282148377413053 7.747582396053958 3.173061348506339
-1.4714237355800575 1.1631578241671785 4.6571853282822797 -8.7181743015018327
1.5034558439348125 -1.6740140604803324 -4.901836574625305 13.025735128295029
-0.92646655627274699 -0.48431647862118066 1.7216901194943657 1.731441504069047
1.849407956143065 0.85529852267322148 -8.1749560909978669 -9.6314562495860336
-1.7600019548565311 -0.75496251053640373 7.211796120967481 7.7706937133639977
-1.4279209354845133 1.2549042502571615 4.3393920329793048 -8.9309961765388639
1.7688522562517903 1.6621451412672594 -7.3033049505199799 -17.263895297909919
0.54723030905586967 -0.34377058966973895 -0.71110445073732953 0.65260825482749751
1.381704317138996 1.8643217195879913 -4.0195254522132409 -12.541889648209693
-0.92189438787582079 -1.1676130249087873 1.7054025291954753 4.1446383424231348
0.34947447148808841 -1.3604601476273519 -0.39215662960404801 1.8589289618234544
1.5488274494607355 1.8133850425236275 -5.2642576830045433 -14.863590759876288
-0.44157710864987054 0.67022183526593215 0.5276803804750485 -1.0622821916656304
0.25069116620774512 -1.8051887245131395 -0.26644611848491989 2.1455357256008849
1.3873526771817892 -1.7400446045314459 -4.0576562060638066 11.787483855517795
-1.147121737864746 -0.9877760819488941 2.6566057901540425 4.8871849948426656
1.015495717924221 -1.0087089571708847 -2.0627069443083914 4.1293464708263965
0.62779739986775329 -1.5976052181249778 -0.87523092243996603 3.4865956163825169
-0.41475301827268485 -1.3550042108967859 0.48609885991862556 2.0542679529390351
-0.50749721514353618 -1.1033844182606853 0.63820486025878098 1.9559257209371048
0.43959666206276093 0.81508910730607331 -0.52454661806276581 -1.2876253418408699
-0.31938304594344036 0.89736674028504648 0.35196188282944818 -1.171975850223703
1.9865553653973991 0.88150805246811625 -9.8263018691358273 -11.317864057534786
-0.14097725319872367 1.7714310831910232 0.14377911773011076 -1.8770504609808538
1.71517294730273 1.7290802625704478 -6.7609000069902283 -16.98899982276987
-0.49330411518863038 0.88327971747937362 0.61334915368106602 -1.5281152930584696
-0.38356248613848321 -1.493167821567829 0.43999226843681616 2.1521931810670947
-1.5562201255979087 1.8396613354858316 5.3251068298266713 -15.205653138732302
0.91550284006477733 0.0084099843538671948 -1.682827380079738 -0.029556354720367294
0.78894321494783215 1.8606551776930425 -1.2800062419177585 -5.3350457791723729
1.7964359103370371 1.1141502931598568 -7.5938615083090291 -11.900847540279207
0.2519688964205038 0.027056540435800081 -0.2679659795467158 -0.032209863714283783
0.98249456695738191 0.79169301214341825 -1.9308922240193986 -3.0843462941490727
-1.8011791361720326 -0.97965103525228825 7.6446478493590213 10.514338717407236
0.61368768778990335 -0.058812299656933575 -0.84481019006425229 0.12526065505822126
-0.1321776384475073 0.61061881325118073 0.13448690446598641 -0.64262304540982196
0.08582871511438217 1.9482072650497342 -0.086460978209650943 -1.9912620709145508
0.90474487581672669 -0.062743304635561437 -1.6453358182623721 0.21682140229903185
0.67034627590800122 0.75939563653425379 -0.97157584672790631 -1.783131114288065
-0.82430592762128096 1.2174519955351437 1.3844055355463798 -3.6991557993690733
-1.2365253229756816 -0.56777049746523423 3.1271662038219832 3.1721250387769393
-0.70816418828336003 1.7149133742154823 1.0633060625731479 -4.2949826295100513
1.0458643371108352 0.33004313939948293 -2.189864438048482 -1.4130785907176024
1.0820255661595732 -1.1687183610085836 -2.3488387290310691 5.2736522453441639
0.41206881709917198 -1.7549152293223962 -0.48203839482198374 2.6488727852429714
-0.28698294806112301 -0.54128418815294577 0.31061863765800973 0.67502340654191806
-1.8250337749160574 1.7675342005797061 7.9037618809010564 -19.429168693641795
-1.8314351954928374 1.6053340036042405 7.9743524852326271 -17.758950627577633
0.39955094270384572 0.77789798757891315 -0.46333563709408443 -1.1504511223711422
-1.3442909289976881 -0.010600026087030034 3.7735834008554128 0.068066523150840483
-0.29080500851931479 -0.44341914374706537 0.31539767648409767 0.55591575954048578
-0.64653865746015438 -0.068738037565726717 0.9167997270606757 0.15493805982456132
1.6424248783223989 -0.055880638857564335 -6.0729636805601421 0.50810468030990186
0.091232633370803562 0.92340456219399814 -0.091991998468516023 -0.94646214048668953
-1.164881298469115 0.23980828189758086 2.7455651586564134 -1.2160307036144888
-0.70811140274665085 0.43191068955528689 1.0631738676672797 -1.0816189422294911
1.6300207381953635 0.15054582403918593 -5.9609330382322119 -1.3505319575389467
-0.78421543648395842 0.69161459539520553 1.2665031076394997 -1.9676307653108767
0.2764185926227225 -1.8327900310222076 -0.29753897391293471 2.2529053052460615
-1.3244161178589389 -1.6223997528981955 3.647545363558641 10.159847153342476
-0.49272470790172296 1.1444121756240118 0.6123472485603858 -1.977925229547161
1.9529999379345884 1.7855425036512731 -9.4021494047432554 -22.216838066985144
0.60175774695784234 0.90857745851902161 -0.8196616805170398 -1.8955989126942527
0.63910703380083644 0.79078317590480518 -0.90015528720943827 -1.7597878463768875
-1.9169074950599057 1.6502221139767541 8.9606499211109689 -19.841615616138128
-1.7508996540086432 0.0050748729617939858 7.1185444751722224 -0.051748219733673738
-1.1663730994786055 0.58372437215151107 2.7531376313676139 -2.9660661730981666
-1.4802210800703466 1.8855608561115895 4.7234660584506187 -14.279660346419533
1.5047862186161556 -0.86717092601026913 -4.9121963894162564 6.7579884984097376
0.11752170811917351 -1.9014027207836635 -0.11914484178345772 1.9801855469063727
1.6342316224539633 -1.4112433350633906 -5.9987952547356791 12.718321080753901
-0.6035410695110075 -0.48651541158708422 0.82338803949688699 1.0181723832104681
0.94204858832147842 -1.6295587326553247 -1.7780748295751856 5.968041521291731
0.77933305083236792 -0.61302075305489145 -1.2526687757965225 1.7299936143575074
0.87676291816049057 1.8027322875858069 -1.5507421594754627 -5.9600846834772163
-0.2352189676000207 -0.46726757896143623 0.24823315387015388 0.54482646852691052
0.3168935431308193 0.71485817280546371 -0.3487164736743763 -0.93021960071841314
-0.99750940943062982 1.7675949180336854 1.9900562313974355 -7.0439984341280946
0.96321412476598356 1.78986625866363 -1.8568663222450783 -6.7716803977691411
1.6273343153864412 -0.15001477451034173 -5.936868671821232 1.3418297911529673
0.69213335721206537 1.0122723469134343 -1.0236988620383196 -2.4670552506501786
-0.86499187956608559 0.84846064649401765 1.5121882770022061 -2.7529432899127428
-1.9195054193533085 0.50929093231994704 8.9919251618981306 -6.1387398645123206
0.0092805229899091124 0.66023410855098152 -0.0092813223037858904 -0.66040470269275364
-0.13592756014897933 -0.53087297312537096 0.13843899874713883 0.56029868062645771
0.37339408808279861 -1.153402855513078 -0.42545386617337932 1.6358360162684622
-1.4455740268545707 -1.50584969566416 4.4663673277248686 10.946100948679032
-1.6642773241000626 -0.64091476877310027 6.2740242968235052 5.966568502695953
0.37308249183621189 -0.36415648967897507 -0.42501204747150073 0.51621791125089189
-1.6488041488515899 1.7717280368753543 6.1311691116836586 -16.221349021311912
1.6357925414002601 0.70144024722727316 -6.0128744222899817 -6.3322179631541102
-1.634861286018352 -0.38176282426337682 6.0044718143448046 3.4428571271707984
-1.6368730284888766 0.20186625927501645 6.022634197702641 -1.8244793500169318
0.69790117651758798 1.8916826147424843 -1.0378251473790205 -4.6558057641892647
1.9238520473925589 -1.732849045717566 -9.0444261355041622 20.973746541346589
1.4718143732314153 -1.7267487958799626 -4.6601139340520206 12.948393035155181
-1.3537796148407066 -1.9118971234029458 3.8348775692037074 12.423809084167063
-0.95940299440120835 -1.8761791690855176 1.8424894195860597 7.0569896265349135
1.5561385042282114 0.49997341045299315 -5.3244322224983041 -4.1321308118531483
-1.9277380088150564 -1.111265377602447 9.0915475494848135 13.500231322997379
0.33820419802088519 1.8280673046353941 -0.37688869750608101 -2.4553617242691574
0.56313451030301609 0.53008981156349355 -0.74171599465327342 -1.0343968127647829
1.3203955886330716 1.8349396486681009 -3.6224320292996213 -11.432286021274825
1.1930749102179306 1.3394847322640659 -2.8913308349803337 -7.05946391348927
-1.6951235945929923 -0.31683018653832606 6.5659663183380204 3.0480115830196652
1.4602424722189586 1.1525919268702762 -4.5739292910913747 -8.5256351546458227
-0.86640130169452645 1.9605715114122542 1.5167664919898582 -6.3756876762196928
0.58086111720181011 -1.589552204192402 -0.77684344757014823 3.1984952165279399
-1.7308281079961776 -0.51349982027895447 6.9159840009385523 5.1284756347637348
0.83257748498045236 1.8067210986384379 -1.4097079324506643 -5.5638984482116935
1.2627084972546956 -1.7523805916346129 -3.2760122777676717 10.134539603883422
1.2572003214985932 1.6383458644853937 -3.244271619182562 -9.4068215496909779
-1.6360190910017147 0.65263169642167407 6.014919839759699 -5.8930523733728082
-1.3570961198465401 1.4594742740953897 3.8564734498453728 -9.5232588381607748
-1.9824945701517582 -1.3273885841158206 9.7742626880526657 16.978433795787026
1.6313368984796934 1.7379038012424024 -5.9727486574662167 -15.612945809547213
0.91000716435381834 -1.5745085023239649 -1.6635959628981349 5.4861215655244031
0.50090444488024977 0.56504406144085317 -0.62658400631110367 -0.99036164779989733
1.5451560410281573 -0.88318965815723827 -5.2342272003943675 7.2090546380922911
0.47812248685112868 -0.17843405129027801 -0.58742181922438941 0.30080471915277512
-1.8365051164971637 -0.66085318778639657 8.030579663491368 7.3475330227576405
-0.99239077443749313 -0.6450255939319387 1.9697363581144089 2.5507655458534706
-0.10464600069560426 -1.2820750388326685 0.10579195659863463 1.3241942249203955
-1.9055569949784061 0.68232835401229108 8.8249154392968059 -8.1152329649598993
1.8166108201649789 1.2204337900238142 -7.8115625398866069 -13.303002439997826
-1.8581229632597531 -1.3867138333921822 8.2735172275562139 15.750105517693413
1.37597105139097 0.47462568560617813 -3.9810919990455877 -3.17044689772613
-1.0580094501878206 -0.14860159791702809 2.2423282970713974 0.64762834968822214
1.2055785656607627 0.61074371851767539 -2.957790176343817 -3.2737445346076912
1.227637421499618 0.82875307763166584 -3.0778019700303063 -4.575778551602899
1.1405800106505755 -1.2661058970214136 -2.6243865069004153 6.207423833679897
-0.079129563679972037 -0.5109889175150526 0.079625032481386179 0.52058757020778224
-0.10584447991582957 1.118939654463929 0.10703026133237678 -1.1565462783395304
0.082890259986724057 -1.3786295000727606 -0.083459781987222856 1.4070463429305531
-1.8163528446715898 0.94868418030210311 7.808750911739855 -10.338203289946964
-1.9768331250537652 -1.618336900479056 9.7020384165109483 20.591083707220054
-1.3609566858859785 1.2233422697093688 3.8817248796170691 -8.0209773058075058
-0.76790434110567363 0.51428713775306312 1.2207199284527745 -1.4240771462770512
0.5477643661391558 0.071715021461143724 -0.71211876403356389 -0.13626839459478329
0.95901725985330355 -0.97127415131547812 -1.8410389603878126 3.6511577607914947
1.6319143135800238 -0.65408871765213883 -5.9779376597243061 5.8798866907018592
-1.6107071660606667 -1.9323153576517704 5.7894897172568047 16.97178225164722
1.839927003223369 -1.4470687056519371 -8.0686896189755757 16.143489988233895
1.8597989117634262 -1.2148999442004409 -8.2925680828010933 13.821377221151501
-0.23833684840507319 -1.1840856668699096 0.25187544278179469 1.3858696837978632
-1.1728325887077311 -0.2287604888586543 2.7861063661725556 1.1727655452043444
-0.087249754669529 -1.7024656785567487 0.087913945144889122 1.7413458390548895
-0.85538554333005479 -0.62695610747491193 1.4812578250969095 2.0031581696188865
-1.3494613254884009 -1.3764796076868149 3.8068922976293549 8.8963771176634729
1.4708199033398501 0.94889328316222343 -4.6526610558572266 -7.107147650383534
1.5635089367025077 -1.0685971176917537 -5.3856006481245799 8.905347053371127
1.3088890658235441 -1.6863847099568621 -3.5512654923385552 10.353679941573732
0.57249130061413167 -1.2506180435764476 -0.76012320003484168 2.4802743128385529
-0.95818488809221103 1.1636099728617402 1.8379119492473965 -4.3686047326768582
0.74171545712966047 -0.95232429183882461 -1.1497641481513257 2.5240645473949486
1.882183044397761 -0.26375978608445161 -8.5500291896110294 3.0669563372491417
-1.5931535038391287 0.35720154404260196 5.6367970900439541 -3.0770820748320156
-1.4240719785695934 -1.6608965255832633 4.3120628939506407 11.765696316862917
-1.7131986597243269 -0.42504349392875795 6.7415217823561688 4.1676147652431581
1.1681568104924582 0.83570180229555779 -2.7622123025698189 -4.2568736066013209
-1.0845284211082236 1.9656792955443882 2.3601528064892854 -8.9017864397154103
-1.7294181554107575 0.75884842885279369 6.9019127042391712 -7.5677384870743936
0.66110271858991476 -1.8242865917028088 -0.95004216024091959 4.2162371966359231
0.311494960970359 -0.055210201074870735 -0.34171904002393588 0.07128119121210337
-0.77417540275268149 0.95525950522549019 1.2381755369354179 -2.6728568495532579
-0.70244627299660101 1.0765521703282905 1.0490548758690226 -2.6701640579035035
-0.88397804981590244 1.1776290324951382 1.5747336957844611 -3.9382877498306583
-1.2598772074349109 1.7644975441676811 3.2596684279989461 -10.166808523467534
-0.86080938420804154 -0.69151995678130529 1.4986629365842883 2.2287538754536693
-1.8993566083901188 1.5822334514467533 8.7513910365195251 -18.706218544230932
1.0346733072005012 -1.4209862649571945 -2.1423416290742199 5.9846919116296737
-0.84290136173833785 0.58798319941588906 1.4417682017972646 -1.8412388825568109
1.2686482956491858 0.86377901508764898 -3.31049776260592 -5.0344543572776157
-0.29537133973979124 0.056048189777019974 0.32114078434904653 -0.070717832977815989
-1.5668146266931875 1.0646500842516922 5.4132005048812015 -8.9055043490350112
-0.038479706579868989 -0.14515597794296653 0.038536683012660208 0.14580077000792252
-0.30894796559824833 0.93986215454214461 0.33843669221789219 -1.2089884271341131
-0.060276137035412791 0.40709291936145364 0.060495133061750375 -0.41153008485057319
1.6288321425777217 -0.5552178999049997 -5.9502771692559264 4.9743539843699285
-1.7413634343014674 1.2209975084836393 7.0217809416445496 -12.328460476670289
1.876823664617957 1.9405970604404499 -8.4878732158091239 -22.447664773825117
0.089612071342249688 -0.56072226806258163 -0.090331685249421242 0.57423061139562004
0.58352005994068445 -1.5737675608635944 -0.78220610807951496 3.1813506354995829
-0.72350033353008891 1.2746704013704013 1.1022185601665568 -3.2763595157248329
-0.55898319597331447 -1.4051693348903886 0.73364432262966495 2.7223562965533286
-1.6158411501078134 -0.65953819638368261 5.8347096799226357 5.8255873604644908
0.67794454262855464 -0.65942358502151999 -0.98953382228498543 1.5686542385289399
-1.0819662755552275 -0.32034121326990039 2.3485712011963433 1.445364518840009
-0.90390051549787431 1.0933581584232104 1.642419905357337 -3.7732975528989972
-0.56807241819456866 -0.065921484956242171 0.75139295067421097 0.12974131498302546
-0.11646536692236875 -0.24231955257850313 0.11804512432017136 0.25218015189486315
1.3349840607212426 0.67000067935784857 -3.7141692145955014 -4.252191020760093
-0.60420512617950095 0.25201058184100011 0.82477856636810454 -0.52801042986655433
1.021351266004785 -1.6817978249204928 -2.0867824272408591 6.9449424526600048
-0.41622554783834165 1.6399328653311658 0.48833400455799242 -2.4922570101873127
-1.2362977496405487 0.22425269634122724 3.1258949472037267 -1.2525177724741567
1.681955465203282 -1.4181856008538802 -6.4401640598244789 13.454216972116235
0.86693756501909913 -1.7304088879570472 -1.5185111430928084 5.6320348740171244
-0.97125028424287141 -1.66559071382239 1.8874570124727841 6.3791813605554362
1.0004793540390029 -0.39851402360475863 -2.0019181056070421 1.5952025449719291
-0.83923155225019741 0.27402766375011955 1.4303103896897369 -0.85302860508057221
-1.5502770651803854 -1.2181001045970996 5.2761493694470634 10.000695575067907
0.13656557342620701 1.7158183238171607 -0.1391125426536988 -1.8118191612410282
-0.81528961657146359 1.4925498168965765 1.3572103083784166 -4.4688306852720245
-1.1851277959776159 -1.7308680110123875 2.8496728419592969 9.0240252116724253
-0.60796670919429197 -0.97179469875355728 0.8326855039785499 2.0493892290743339
-0.031095793551909168 -1.5656559770194249 0.031125861579003988 1.5701977025354119
-1.8195132240524248 1.715636287570927 7.8432453277423324 -18.755138799148057
-1.0397071020991864 0.67945055121237852 2.1636209746277415 -2.8828900545002436
0.81900585902489587 -1.0051967803687982 -1.3683709081254349 3.0279661141333167
1.6726661993163954 1.9468917832819352 -6.3524721222700364 -18.288004617049122
-0.79264484113924372 -0.91492539770862713 1.2906523742930267 2.6394294253046704
-0.24803421032166328 -1.9389278079660932 0.26329351540731155 2.2967819635170437
0.99814239159591756 -0.21439366411806571 -1.992579912100553 0.85518731906920431
-0.37405262671008987 0.18773196557262617 0.42638833745879545 -0.26653172646383788
1.3420759462013212 -0.90641475016845918 -3.7593799865465733 5.8042300578918953
1.7948648029370435 0.69414696957153454 -7.5770929514126095 -7.4028129483143186
1.7254744831094855 -1.7981146042869081 -6.8626644246938913 17.858490488221555
1.4948583807699944 -0.71329774540512236 -4.8352712781597127 5.495106548998189
-0.21423344018028168 -1.1764231824553115 0.22406589105784339 1.3384024207523211
-1.0870874712004936 1.5433505023644405 2.3717630589284502 -7.0149563286345149
0.70729360198607027 0.96972310586682342 -1.0611272978234949 -2.4250764818523813
0.0084059871768702443 1.3759910546251359 -0.0084065811491393846 -1.3762827397699631
-0.77333966666775611 -1.8008147806274266 1.2358387333109169 5.0317695258799358
-1.7960243141696286 1.2748637458243102 7.5894659378786571 -13.61186046354012
1.8571094651482265 -1.1015578044919039 -8.2620117798475157 12.498899098860031
-0.98542101359416456 0.81531504690233314 1.9423185961929645 -3.1904612636195337
0.23423805274336074 -0.34426001048765764 -0.2470901009866116 0.4009260330812241
-1.0654626364877249 1.7950744873297029 2.2749871470315144 -7.9084374049662305
1.412185881425982 -0.29227371258952095 -4.2284643557275619 2.0408908943565036
-0.95832466158121132 0.91239013596819607 1.8384367646840678 -3.4261695479234247
1.1068944515127277 -1.3064509836517137 -2.4630784986445584 6.1085022902602448
1.2493602336415774 1.8177722973437991 -3.1994878634533399 -10.329860051467529
-0.15458288701590739 -1.1656873529715002 0.15827677942721555 1.2492526896699192
0.8699404248885747 1.5219271211041718 -1.5283081569462458 -4.9772937591360327
-1.1843089388064043 -0.41634020247336823 2.8454060450082599 2.1682010966949665
0.7210033458577878 1.7728607955472615 -1.0958139248241769 -4.5377036427687241
0.40357115799397691 -1.2793154163515861 -0.46930066317797026 1.9044004921212911
-1.9587621601418346 -0.78425907724748667 9.4740413110631572 9.8112752389218336
-0.019776823861068049 -1.1958224346727411 0.019784559027040804 1.1972255747933871
-0.80435816589585585 -1.9305523517255683 1.3247715118571444 5.677708475127262
-0.949977836646132 -0.46482815697170921 1.8072928307654841 1.7232916703972971
-1.9715417487699094 0.9140410473963585 9.6348789188446364 -11.572610267941982
0.96121467217903511 -0.61639505894594349 -1.8493132488458806 2.3249194615335274
-0.53423817110241689 1.339385530500329 0.68671531374677897 -2.4862093048206892
-1.159304473160879 0.50296638543054462 2.7173944535566412 -2.5309070268010889
0.87120371478019676 1.4995475031277574 -1.5324437733810872 -4.9139987802088694
-0.37987385696453169 0.17072114768076307 0.43469122993931419 -0.24462845655861329
-1.0055051164548185 1.3103340146582036 2.0221115515805677 -5.2847364408607094
-1.9061582736338867 -1.3516517526930927 8.8320687793419594 16.085085807236652
0.58398754805378594 0.70236991325891074 -0.78315151189252941 -1.4209816874580861
1.2999569162570208 1.0324555815799887 -3.496738488919251 -6.2666584259427607
0.44122471814602138 1.9313911864843001 -0.52712201619581678 -3.059396560434942
1.260652244472479 1.7474526619267166 -3.264136362821862 -10.078839063898
-1.0602522776394117 -1.6884395297615433 2.2521188575103395 7.3825408962860619
-0.76443750897245488 -1.5769965332540901 1.2111478084888778 4.3416198756639375
-0.10240894973290393 1.5018507955878282 0.10348297311576456 -1.5491031951945853
-1.9398254570917364 -0.085399907377751383 9.2392389053254167 1.0494596841666111
-1.3215543317536089 1.6233093838851067 3.6296567056021702 -10.128667398483348
1.9165320559932173 1.9764738542144373 -8.9561366013469588 -23.755803270163469
1.2074677735497885 -0.68994691712570599 -2.9679297352554426 3.7077300740833232
0.56738705631538133 -0.81305271827516412 -0.75004487724791191 1.5982861995666169
-0.19663551917529354 -0.41241920802004106 0.20423853523004201 0.46025842658565114
-0.80375949864939722 1.2657118763252271 1.3230117103845827 -3.7187728689694293
1.5599082338878212 1.7756551938849761 -5.355654307265624 -14.737833513304937
-0.38613587245503789 -1.8145376674988132 0.44370908319269198 2.6261853307276546
-0.65553344676433101 0.12035954936858673 0.93723196708144285 -0.27552374639248495
-1.6426568209355339 1.5006669813477571 6.0750729252454843 -13.648512612689839
-0.74699093310109843 -1.8513407042120482 1.1638084780517599 4.9504597952296727
-0.84744356067546622 -0.3001748210997035 1.4560441269563826 0.94689599964853666
1.8846901139033476 -0.060761317980528418 -8.5792164968424736 0.70824428074784074
-1.702970480619463 -0.67826518099292299 6.6417695749520647 6.5793929452040967
0.49425843784026169 1.5040847161239377 -0.61500152525083485 -2.6063896144202006
-1.4698097282891691 -1.4802213456111724 4.6450994135191355 11.073568321305588
-0.63789741924686361 1.1317170422822804 0.89746624674620534 -2.5132485716294051
0.39697680921889544 0.50160370748260474 -0.45953661763196013 -0.73874777567998484
-1.5073067858566782 -0.022529436209976161 4.9318682315301192 0.17608829900032713
-0.64065894517672817 1.2817563767453448 0.90361349097680366 -2.8600235737191477
-0.5755565641778837 0.30270098141450319 0.76621851578658051 -0.60352402885621326
1.5448108001758913 -0.020221073635084963 -5.2314097169558078 0.16499023530344575
-1.5185499288758795 0.070627317782975041 5.0203167811918696 -0.55922580686293089
-0.083437717290031799 -0.79338520922495981 0.084018598384640028 0.80995550202834277
1.0267696944963607 -0.8235089624471188 -2.1092478112216666 3.428076770265275
1.0921584589743891 0.50918526297811262 -2.3948960991035673 -2.3312692355829063
-1.7487438472506693 -0.52565390681430602 7.0965862259626658 5.3481684971872223
1.4106150890868343 0.31825963517806644 -4.2175062655154427 -2.2181120514165662
1.495295938762129 1.8658968977108139 -4.8386429981787114 -14.38182918460048
-1.9713030637961833 0.653356979792449 9.6318572819023451 -8.2702627606414225
-1.9066246930984234 -1.49840702386749 8.8376205634736262 17.839514320169545
-1.7367531999851198 0.36009821195883829 6.9753421583110971 -3.6186035374650647
-1.8043170460920246 -0.49234596630909788 7.6783794537523908 5.3009314727034988
0.73470572428764713 -0.72539772619540388 -1.1312943649210656 1.9000904853787077
-1.9431345282496433 1.7417111628971811 9.2799670736642579 -21.470622813960556
-0.14226538550120749 0.76044105477247781 0.14514475722258927 -0.80661375787609435
-0.37778345334144037 1.4719232184621456 0.43170083534904541 -2.1021433545247974
-1.9096751540598667 -1.3314564149035255 8.8739915472605766 15.89835861934124
-1.020004356745345 1.7959433333506949 2.0812259550769983 -7.401489551249826
0.67910308164030431 0.39235724921658077 -0.99229251687378683 -0.93520036956479535
1.7151519540311391 -1.3480050018194221 -6.7606937408185503 13.244470879655315
1.1636728188809657 -0.81205654708975183 -2.7394422474873932 4.1109577341972781
-0.74139140903532175 0.222492401562842 1.1489055164547528 -0.58937873714284117
1.537712728059442 -1.7327460981457552 -5.1737274037423759 14.024294695862952
-0.47402976637844896 -1.0171855399883967 0.58054625501095358 1.7028831882716582
1.9299793678031665 -0.69014861763117219 -9.1188058116579338 8.4021874850686071
0.19954035386234548 -0.37735277773624976 -0.20748532299345851 0.4224272117435558
1.3840951366168861 0.76259093283340906 -4.0356329682083016 -5.1453215449330907
0.70714548721657255 -1.0938920857417833 -1.0607569400330124 2.734909853610636
0.35035268618976989 -0.6897661339745027 -0.39335742901530596 0.94376631468329752
1.1093094118584146 1.1177927530806948 -2.4743893786982203 -5.2443506223217531
1.1073011658614336 -0.13919209460148574 -2.4649807003175428 0.65118900391070356
-1.7841750532558969 0.49266027088190212 7.4637049241516342 -5.1974879494853061
0.15657282690836682 0.87438345649004345 -0.16041121760840707 -0.93869011928584223
0.91591700363894146 0.36748021835952605 -1.684283402783509 -1.2923220468744021
-1.3322332032508633 1.1287102919167302 3.6967410529947142 -7.1385687884878406
0.5719979644163371 -1.8508153703098666 -0.75914521439223204 3.6674739686671938
0.091500832148354139 -1.7224019061507647 -0.092266913924406391 1.7656638311090123
0.20556562367674536 -0.36782368730061865 -0.21425225661978947 0.41445331294797766
0.68855197073153063 -1.2277885617933082 -1.0149970878439023 2.974086290422377
-0.52523205039330234 0.976631751673668 0.67012713688439096 -1.7848981666196055
-0.12566164108660693 -0.067336167670819513 0.12764594496553536 0.070526053244794135
-0.78100011591840213 0.26723040436532308 1.2573798690355471 -0.75623092355441845
-1.0611466692815226 1.4997932270541261 2.2560320448277804 -6.5662398698080793
-0.49796033161427689 -0.1553364052941375 0.62143681221014557 0.27089014371314962
-0.35429659862211738 -0.29200072217101125 0.39877006173192586 0.4019618400254959
-1.4582961287185889 1.2934045003448063 4.5595489236183457 -9.545173621795243
1.2019116186796057 -1.0702049540395793 -2.9381829737906182 5.7082320192196985
1.3280291589561704 -1.1096721369304863 -3.6702229871492462 6.9809300371996441
1.9442313728934204 -0.6849975369098722 -9.2934952380055353 8.4529428276144696
0.74498347681351529 -0.62097339888253389 -1.1584495900789649 1.6548948172825306
-1.3614721892739121 1.9668070967231537 3.8851059190600656 -12.903866483710155
-0.33414827180207096 0.6641035879707462 0.37145761966128249 -0.88655518089259366
0.080528307502552021 -0.24670335394662413 -0.081050518140172445 0.2515028258253848
1.6168988244103151 1.6650796681023499 -5.8440573589622877 -14.724441744690136
0.18034196800474867 0.82765888898279805 -0.18620727048354349 -0.90841329884406019
-0.56871963719330854 -0.99845826984319608 0.75266746871913826 1.9672883660559277
1.2586477148328363 0.91158355194278817 -3.2525899609579341 -5.2439593239821543
-0.76931806086739396 -1.8928343132702219 1.2246391696597632 5.253657861231857
-0.024820652671083021 0.50255504343942059 0.024835943801482342 -0.50348386285491742
0.44095094255614065 -1.7479921004418331 -0.52668844451778019 2.767618968263855
1.2350100710658647 -0.33543245647579312 -3.1187090283659509 1.8702873940458375
-0.24865153669362483 -0.75729998053348657 0.2640250611366633 0.89776607114674345
-1.3971600932777428 1.4742616071946739 4.124495292141626 -10.107786697800826
-0.69462658133452493 -0.59685932421821475 1.0297881353653084 1.4608240961612031
-1.7947337084877195 -0.19542920568535393 7.575694971595917 2.0839021235406761
1.7968676131867398 -1.7139625471389741 -7.5984737666019484 18.315745984989729
-1.2788623887682777 1.9367676607846853 3.3704277701416343 -11.439454329744262
-1.9477354876933437 -1.0237428146824143 9.3368080508362308 12.674980867509037
0.46940124299639185 0.8921038336286693 -0.57282795201446901 -1.4817956910189962
0.060183682929157545 1.6298620183501806 -0.060401672784085127 -1.6475724691388278
-1.6149301355586405 -0.80738150347889492 5.8266668676592452 7.124332794708045
-1.8936438605655392 1.8690042211239106 8.6840368965975721 -21.975118435721811
0.77860216183431552 1.9988935781551271 -1.2506073971295977 -5.6342093270784313
-1.6393059269264763 0.42989698855397451 6.0446519599246296 -3.8957143726371175
1.6970310280282574 -1.4001392207218974 -6.5843349703146732 13.496982154350365
0.039982821255008627 -1.4586807552043752 -0.040046738832440712 1.4656764101276345
-1.939189547901115 1.7845159796991124 9.2314267175764506 -21.916297998315439
-1.1392408757186563 1.2980368440303023 2.6178271723753799 -6.352085195994599
-1.5111129299406403 1.3801373566591391 4.9616823169092203 -10.834612171232065
0.90180942888092952 0.73936853404823477 -1.6352151868744809 -2.5432656417435573
1.236581775229892 1.6466136164720124 -3.1274816135202625 -9.2002946187691883
-0.45386005217298164 -1.1475813282830267 0.54735020638660659 1.8567485363696667
1.6393381597623788 1.8132833604910017 -6.044944058083054 -16.432497500172538
0.16938322516972981 -1.2221906507077742 -0.17424294456702488 1.3273870821693714
1.9818521704817749 -1.1363062487255369 -9.7660483016867943 14.525646034411768
0.75476527286020501 0.63952777673376815 -1.1847328716280077 -1.7324883264375164
-0.78734571266892761 -1.1550600183465032 1.2754317690205954 3.3031711217645126
1.7698456752959206 1.384814143412421 -7.3136283501595809 -14.39799732087616
-1.9489699287941411 -0.21217180330407182 9.3521005975434832 2.6299652657040786
0.6893319698020437 -1.0972817682784632 -1.0168877457393797 2.6614960950863122
0.95848034664073367 1.4874698528093013 -1.8390214564410652 -5.5870166810079018
-1.2516330834139073 1.0828451176709586 3.2124231673773567 -6.1719530934833315
0.84738520602108336 -1.6343757299839248 -1.4558600569203073 5.1551235134560942
1.8987763964445934 -0.05015358194902797 -8.7445333021798213 0.59261750337412433
0.039590224601505852 -0.50929339432118059 -0.039652277760690552 0.51168817215239737
-0.33089456285668506 -1.9894847560410929 0.36712460949810899 2.6429780460017605
-0.20182580311690224 1.5215186043195978 0.21004690571156232 -1.7074496451372605
1.1109292182397592 0.31797335578322272 -2.4819977636986801 -1.4952669022591227
-1.4782811407142136 -1.8575134106538571 4.7087912853760878 14.03526989761734
-1.0642326697628359 -0.051676246294674932 2.2695732000985318 0.22726042788664463
-1.3924566792784003 1.8851057311253396 4.0923405112952533 -12.850401587392405
0.99630596062916288 -0.1382716368611816 -1.9852647298886803 0.55002752275605038
-0.17686352954368445 1.7401707581203705 0.18239594598180753 -1.9034720786165502
-1.7797637985271071 1.9780236372398265 7.4172709541984521 -20.774544419809409
-1.1769128777387499 -1.5723615472836627 2.8070830585542308 8.1061083258069715
1.6594812449373713 -0.033935105202629323 -6.2294901405979699 0.31429452437228761
-0.21685309246678663 1.8895616654614491 0.22705066632688864 -2.156133072318998
1.7068838256546726 0.95852703277730988 -6.6798085942686978 -9.336395668663183
1.5389043177241621 -1.9937446452665784 -5.1833783025534235 16.158661349403921
-1.7455499334849565 -0.49714481783814568 7.0641438254858562 5.0414629279164034
0.72761325168554647 -1.998955402429933 -1.1128270190418179 5.1738225707920158
-0.89358202119102392 0.30212188624098379 1.6070972825461438 -1.0258447393541661
0.66839676365001388 -1.8176423582704482 -0.9670058475738379 4.2537606147697273
1.3074403649749478 0.071426182104034286 -3.5423793275100737 -0.43771399516041209
-1.0582126794213371 -0.67447442775231625 2.2432141320623842 2.9403322997997088
0.16574283955840663 1.9156936060321366 -0.17029590953549795 -2.0735698750674048
-0.42231883096398981 1.8942695747208087 0.4976407437695039 -2.9078166671739867
0.3948317072220453 1.4534178753827161 -0.45638284213735175 -2.1331468695312741
0.35794835665687685 1.0814755826955866 -0.40381121506885048 -1.4971743331110241
0.23204866520128897 -1.8383396831302723 -0.24454369291712483 2.1353046142395513
0.53636799298834159 0.57915621249851901 -0.69067603553240442 -1.0790096488303673
1.8224816883783737 0.62354934967711939 -7.8757443643396661 -6.8367936786980001
0.83127949239730237 1.7248978769440821 -1.4057148978104441 -5.3007436194434439
1.8541940719468131 1.7686661565930892 -8.2289794052646439 -20.010878088724635
-0.69636134351373213 0.074155990225173163 1.0340402739279104 -0.1820349629580138
-1.510917453002258 0.54575145103629996 4.9601479205374934 -4.2833928335132487
-0.54198924848349472 -0.9931898359143263 0.70119986144596713 1.8684453673097952
-1.5603189508096191 0.61919228297755646 5.3590640230075497 -5.1416400155071633
-0.48498775944757933 1.3664280220128355 0.59906324681375234 -2.3306334448844908
1.219874309311574 -1.0061810911512366 -3.0351611330688546 5.4980552042588497
0.59298350468072192 -1.2331866642959626 -0.8014939604771889 2.5340608610896296
-0.67786514706689305 -1.0096023829660266 0.9893449668462615 2.4013427740561428
0.65063016114865091 -0.54214480030122258 -0.92605466500579769 1.2306463710464837
0.316126391153285 0.74652536563772598 -0.34771876504434934 -0.97033940771453675
1.8003618598988695 -0.012346737084115489 -7.6358798452532302 0.13240527851341147
-1.5144252907596019 -0.38346153396288551 4.9877354056921837 3.0218501677121519
0.8726130490438484 -0.94164439616888007 -1.5370673384957274 3.0926997540677172
-1.7955374065660421 0.67189946773225584 7.5842684491134289 -7.1704195633475134
0.67286785507714209 -0.02786356612950458 -0.9775095505278838 0.065709350987318754
-1.8904352394050226 -0.61012272834299131 8.6463694696105513 7.1513925996178838
-1.2347886864579447 1.7866242997688291 3.1174748247978603 -9.9588391260437081
-1.6463724632929795 -0.44490327482289471 6.1089346466652277 4.0626906961066922
-1.3193448570827853 0.6827802703578234 3.6158899934252031 -4.2482674149727293
-1.4375389260064084 0.44344947941172652 4.4082392277447031 -3.1926386911859472
-1.5575081235251633 -0.48667253787192033 5.3357604765028501 4.0284293356132661
-0.78379465493635481 -0.63608989555167961 1.2653064083772083 1.8084049618414693
0.66834202642777152 1.2753190439988744 -0.96687775410198307 -2.9843016476454354
-0.53460085409027025 -1.0056996728481051 0.687388748117161 1.8679807589837192
-1.9693416581465093 -0.48235356089856296 9.6070523426402552 6.0944985087374945
1.4275595012815092 1.604317302436594 -4.3368203106433292 -11.412757755328373
1.6200877029210408 -1.300463242305685 -5.8723062429418125 11.540379080647073
0.72491850408993175 -1.7022877642536267 -1.1058681346716455 4.3859793431448475
-0.95520507247735909 1.048743813032821 1.8267501616512491 -3.9194180160488035
-0.95590645300593513 1.2950285820938343 1.8293728062063965 -4.8450534490716155
-0.75674508844607891 -0.18106299796085157 1.1901050985656796 0.49212730677476019
0.39482782529334148 -0.15279413315749224 -0.45637714474071189 0.22425091235795108
0.85736409040615458 -0.12622171761416467 -1.4875894417749977 0.40456831700141649
0.87468280923010822 -0.84422296096479421 -1.5438764007498098 2.7818919856551023
0.89313566871067618 -0.93001971175001552 -1.6055822416558247 3.1556256738237587
-1.0873232229828105 1.8966456610911839 2.3728347974730761 -8.6236976503357923
0.1465914691824044 -1.0433370545153067 -0.14974158188867553 1.1105980485693865
-1.0444606847328117 -0.65788592721434602 2.1838608841610938 2.8109454945857402
-1.7264872869190162 1.129583332960725 6.8727286868399347 -11.230628194606114
-1.3583911535997415 -0.83434191410737313 3.864930543147568 5.4529914095466179
1.4255419297917222 -1.4129920720518236 -4.3224851790165975 10.027311494287668
0.19854546165415732 -1.3860366142961018 -0.20637218338439561 1.5499505531638664
-0.35143230750787691 0.34013280128925905 0.39483583753544438 -0.46615676612170204
-1.2210511741460768 -1.9667387309475464 3.0415969222841843 10.763760289431579
0.35747089400192333 0.27004336303890675 -0.40315046950007677 -0.37356619298134647
1.9663877540464565 -0.87353949403516395 -9.5697815265254889 11.006634660988491
1.6956885063255975 -1.8156022615915175 -6.5714025798085611 17.477129951965814
-1.6977847177491863 -1.8447500002944919 6.5916032378879876 17.797075914328772
0.14613938142944161 -0.17817747053709887 -0.14926043910490541 0.18959332894381523
1.0419494612410758 -1.621792902014592 -2.1731509377301363 6.9039335246505678
0.19879506703321326 -0.79002259543289899 -0.20665134444587338 0.88368643877595809
0.96229476605705599 -1.1295753836819817 -1.8533905132753496 4.2675738101489689
0.95911076973731246 -1.0301009506702372 -1.8413905025076174 3.8728503603115003
1.5389179084066194 1.5393906583133967 -5.1834884515316295 -12.476461083583443
0.31071376970567233 1.5413316943232376 -0.34071102367994915 -1.98774626748825
1.4306880998822726 -1.3671630102856955 -4.3591184177912652 9.7623714610454435
0.64823958487218603 -0.83431669806948339 -0.92063929641182063 1.8860927690956217
1.9143492867569112 0.49734069851647744 -8.9299286584550011 -5.9652035948362592
1.649442322792082 0.39086989346942991 -6.1370140334921199 -3.581142118681738
-1.2731695283703277 0.55748199538252985 3.3369272320540735 -3.2684511247843608
1.000406256960416 1.262231030800649 -2.0016255230428683 -5.0520014890277833
0.35564021146800551 -1.6501167875043898 -0.40062157119349645 2.2762369034054335
0.088562425452131333 -0.30492287370261106 -0.089257047407253765 0.31209768135760263
0.76325132612791435 -0.51862431698212319 -1.2078853605697535 1.4250021293441226
1.2910975919632621 0.51900292296908646 -3.4432707638641493 -3.1144322086523819
1.4644476255751733 -0.78017953803212414 -4.6051120319982983 5.7997146779551265
0.52893094086370018 0.92010467370715299 -0.67690886069875078 -1.6923520417096509
0.71458345291155601 1.8287296267999129 -1.079470852165529 -4.6301395730121628
-0.86600409737099149 1.6617692113364018 1.5154752119584858 -5.4005659623573621
1.2353766371680361 -1.2400971970697627 -3.1207534070701541 6.9178404312362609
0.60801206852148937 -0.13580350269512609 -0.83278116468093888 0.2864144796957841
0.44054234863790498 1.8629366114573931 -0.52604173315382718 -2.9475991926888407
0.30872151786672752 1.848397490686069 -0.33814544947841041 -2.3769041046691433
1.8684809571111356 -1.0073336841333802 -8.3917610753979304 11.557807483471693
1.9189354588489738 -1.7095144220771084 -8.9850570116528417 20.594417476472344
-1.4751544618772274 0.13352898137060265 4.6852095958195781 -1.0052384936748189
-0.30986581184441286 -0.86424350630467117 0.33961814214274966 1.1131892493479232
1.0487194082755567 -0.97971048491622792 -2.2021140147796672 4.2122036961250906
-0.46179644094557126 0.33076988837544707 0.56027728099139207 -0.54238583155407205
1.4170016480304501 -0.94543873852984817 -4.2621902882286333 6.6404601154082048
1.4963204618157948 0.71908490948381054 -4.8465444547607586 -5.5491241521348114
1.7002295288557794 -1.3390309220473871 -6.6152198127333062 12.951564159433708
1.886644621849829 -1.9527944541073197 -8.6020201812519659 22.805287813652399
-0.18367098680602911 0.4472307249027403 0.18986713331215266 -0.49249275253800945
0.39432671109234718 -1.1899951603850343 -0.45564197326345812 1.7451048944370651
-1.9227642963750111 -0.42613387132387892 9.0312672380548733 5.152413452600884
1.9410705562126109 1.2139840551535559 -9.2545486637722298 -14.935967187413533
0.68839175209822301 1.0504499795412312 -1.014609041435363 -2.5438217865060255
1.5113271090354439 -1.0770329641222505 -4.9633639136272354 8.4572170612925834
1.661681690849 1.3248615136298292 -6.2498939813743517 -12.299428869501581
1.6873174281127215 -1.1552482020791186 -6.4911778127997373 11.022362083530773
1.5080785634068916 -0.17029035488344579 -4.9379030779764381 1.3321649042859585
0.9514729731717777 1.1095350397176031 -1.8128422347326016 -4.1229239791369059
-1.1471463823229575 0.75713128097223548 2.6567277247636722 -3.7461602483638146
-0.15096794964817617 1.0574458594807141 0.15440870877326038 -1.1297476261557591
1.1947523679073657 1.7783994655762125 -2.9001815882730555 -9.3940388956666059
0.10893258853695409 -1.3057420988649633 -0.11022521627585825 1.3522251159175294
-1.0984536988421443 0.6386317419498786 2.4238485123978424 -2.9503519340106537
1.6983174019454736 -1.6481354633870291 -6.5967437108437528 15.909197804092786
-0.7261098539614137 -1.3439984916721608 1.1089407604063082 3.4698097226602207
-0.55524726114338385 1.12320029940207 0.72642972579446496 -2.1620466423045737
0.79827912818081126 -0.029490870222355525 -1.3069821565513426 0.085870003016104049
1.5504141747037998 -1.6228990291557941 -5.2772751366166712 13.326195739615503
-0.84737013522344462 1.865665587202967 1.4558125214129143 -5.8845115714670504
0.10268335225662195 1.7199006186853936 -0.10376603225927468 -1.7743038485803535
1.5221320481248348 1.910789860426485 -5.0487384378483728 -15.192036529203676
-1.0075780044963438 0.17297434300740333 2.0304847316174541 -0.6997919738768037
-0.76433588420216081 -0.040118450223352475 1.210868049615156 0.11043117067064559
-0.23101019659078093 -1.0466793875372686 0.2433382199636755 1.2142497564289598
-0.81874029143727522 -1.0478993182019316 1.3675711090150895 3.1552321766046663
-0.069303778059617738 0.79603643630087095 0.069636645051865897 -0.80750655791719073
-1.1994217073679461 1.397096176741111 2.9249246869246051 -7.4267359628613301
1.8747651017844245 -1.0046757169636988 -8.4640848450256563 11.598210124622801
-1.6061188328894018 1.4767939852969123 5.7492914111262774 -12.905485720229045
-0.52240319292488602 -1.6605034729315604 0.66496968642932608 3.0199830518887061
-0.088333804405945404 -1.4420927161126866 0.089023060803399306 1.4758500631550873
1.623099731529444 0.43820253408966803 -5.8990792641011183 -3.9014741319282717
0.69963974140000573 1.388626677223912 -1.0421104337624012 -3.4278073216659113
0.11819555520311864 0.16906003399477765 -0.11984676948015216 -0.17614543601336177
-0.75181738058934933 0.56332987146358304 1.1767666477989169 -1.5185616428601998
0.51885674990217856 -1.8820536616713768 -0.65853938288100056 3.4020697986065964
-1.639937282207141 -0.9605059378428491 6.0503752442327992 8.7100434908492392
0.48070102720695429 0.97940836870471992 -0.59177828522928189 -1.6583542618222165
0.29793205095971276 1.3872430594314222 -0.32437754464734048 -1.756652736435524
-1.4122678176281287 -1.8230170025190136 4.2290365288473959 12.731041362956052
-0.35934698543828425 -1.6446716144533058 0.40574955364048471 2.2818022140058067
-1.4484494467564453 -0.25990505471312009 4.4873047867816807 1.8957519912765652
1.4858137525422586 -1.6784518704101727 -4.7659593505018325 12.79471695685079
-0.53676985187378223 0.47049052055301654 0.69142498743826963 -0.87716635182740177
-1.8815605436535932 -0.0067381568303614969 8.5427930389939899 0.07830284188154954
-0.12236249255281084 0.76935890148594588 0.12419457471062219 -0.80391676362880959
0.38382572825727257 1.6391945971691682 -0.44037177499667063 -2.3636638092306992
-0.41114756021954024 0.74934745016453697 0.48064889612965278 -1.1293617361751045
1.2817575077215819 -0.59072838454210874 -3.3875598762235728 3.5022554647025816
1.923018154879256 -0.11011283827621332 -9.034337030144199 1.3317042776328509
0.10282496660777696 -0.043421183528292495 -0.10391213228137694 0.044798456630236037
1.9125262290725602 0.063574955898013208 -8.908081621938317 -0.76120009508245845
-1.8247586338747772 -1.6500910028542215 7.9007378776686501 18.13323320740502
-0.8597093518563339 0.97180134638806681 1.4951206796795806 -3.1265769663887082
1.8797811735618315 1.8686780443067437 -8.5221331831336222 -21.678032777854352
1.9503990856811848 1.8742189464738925 -9.3698275873787402 -23.263123769047727
1.5646402155158916 -1.87813295834821 -5.3950343687537359 15.671699232537867
-0.32777220448031574 -1.7198146039007653 0.36298628606947214 2.2741174790576602
0.96136360749841154 -0.86997432358127158 -1.8498750671907263 3.2821172945995718
1.8272240238127018 -0.60836696485943742 -7.9278639086403988 6.701918256980842
-0.34314963824596401 0.25149705618302676 0.38355608266027408 -0.34033965447017461
0.0076288116841154441 1.866587109432162 -0.0076292556715545643 -1.8669130086409482
-1.7184301075296271 1.4947697396693442 6.7929577111492971 -14.736943986567015
0.54306732248415335 -0.7289041501604796 -0.70322988676899301 1.37381401478028
-1.1041778693673678 1.4702201490510323 2.4504012082490076 -6.8477360353652701
-0.74929344564905831 -1.2950814208436019 1.1699772580719832 3.4764155537478891
-1.6539529525142651 -1.7527346893587539 6.1784411018189243 16.136869350789762
-0.45275039126209249 -1.1306691028331404 0.54555648703989434 1.8259726546954897
-0.45346968501833995 0.45916897703545301 0.54671881270159828 -0.74243227764200881
0.037998383180993134 -1.9282931828269634 -0.0380532481772312 1.9366458380742484
1.2169253573799135 0.6134763040726563 -3.0190790336304958 -3.3389809621171982
-1.5658017434469853 1.9531315794489594 5.4047328371552119 -16.318815322929733
-0.71942119274764016 -1.3833544284483699 1.0917697551533838 3.5312896210291669
1.7358010694706119 0.26525388505106351 -6.9657789831386907 -2.6628880115609745
0.4856030299108367 0.4815949770406327 -0.60011322736603701 -0.82229014892505037
-1.2839139344071477 -1.4762108766415372 3.4003625892712286 8.7765238659379179
-1.5381221021385989 0.39978276618321518 5.1770415202436411 -3.2372244794226246
1.9154058649373686 1.2643301770172277 -8.9426078804919165 -15.179976564399077
1.3729507820008071 -1.2960133854786156 -3.9609545621457993 8.6249451681225064
-1.2067227688239548 0.00493179178695069 2.9639281382175264 -0.026476519124465157
-0.908874270402658 -1.7732090996340721 1.6596520785766362 6.1675002065908888
1.6752867115054517 0.55698403299856913 -6.3771222145039932 -5.2466540750941579
0.13078449243060497 1.4028858937832274 -0.13302150669670126 -1.474873230349836
-0.074368556536845709 -1.5306801508195589 0.074779865388825917 1.5560772672179617
-1.8185606255982143 -0.65175006570433602 7.8328365833314262 7.118080682524786
-0.99793162401107827 0.37498612602620485 1.9917393217331245 -1.4952956430828805
1.5544578748914231 -1.611725484963801 -5.3105555045768824 13.295152301915717
-1.7162157853952422 0.84360091476278898 6.7711519623897845 -8.2978187688388214
-0.60120213594784433 -0.91577462829537426 0.81850304574426669 1.9087783852597155
-0.9886192896722874 -0.68862346419511544 1.9548642463557786 2.707739284460998
-0.27686338161951207 0.69029392977584436 0.29808588235208033 -0.84903391927530247
-1.7163221765902525 -1.5998775712513313 6.7721985046631783 15.738452339959501
-1.7211970831499364 -1.9278770551185747 6.8202768315593119 19.061996579399487
1.6980522881529212 -1.4100658420255718 -6.5941849663152841 13.607339440140221
1.3662938987641744 -1.8868598098178322 -3.9168353552476014 12.453797505724502
-0.34965883808167009 -0.65824123868934326 0.39240858324800276 0.89967353337684075
0.14307351925598555 1.2746303979170057 -0.14600223876095961 -1.3529055726822248
1.0357562631204851 -1.9401920918413813 -2.1469062982915252 8.1844541480313637
-1.2709577211944296 0.49036308477583246 3.3239783422622335 -2.8666628815364108
1.6738448302715923 -1.6740728132101181 -6.3635504899682562 15.745106050350648
-0.71607337940704019 1.3025047163392585 1.0832479421533083 -3.3061259098523097
0.4455551874793473 0.33827487218767427 -0.53400654714350593 -0.53973727163469798
-1.995709356029213 -1.1208271671323473 9.9443320071447232 14.513106230822917
-1.4593502488083878 -0.77419935367984349 4.5673330687475122 5.7206437574335185
-0.83083633844330063 -1.4686282475892414 1.4043535413494164 4.5099621145374771
-0.58188610972768373 1.9686550409829091 0.77890776826776209 -3.9683643042746022
-1.3756292712138882 -0.99996233690900693 3.9788094275561661 6.676816196453931
0.85425355013920701 -0.30022491169237631 -1.4776443333805034 0.9574915141593866
-1.5487872598934458 -1.3646633128255701 5.2639282727261651 11.185088829242675
-1.8714157249724725 -0.6351188001689323 8.4254819177737748 7.3080519187483786
1.0047928556743488 -0.096712043950287541 -2.0192404471928596 0.38963600186504777
0.78340687911573337 -0.090729233766072337 -1.2642043143920443 0.25777799499938314
-0.68890061128582492 0.64318446702447885 1.0158418549735642 -1.5589197391000564
-1.3092853325300386 0.63359194043025191 3.5536990168753193 -3.8919552308322203
1.9160917905506407 -1.9930484112281768 -8.9508460397362377 23.944928559450332
-0.077152610116848042 1.0216080358656181 0.077611862976505519 -1.0398514787462843
-0.59559125006110403 0.73367912062003837 0.80686470117073128 -1.5144507646186833
-1.0985888349245481 0.82011432988217559 2.4244728744671535 -3.7894959566278299
-1.3796486212865853 0.4622827669386731 4.0057136355311016 -3.1020518694809676
-1.7655213753477974 1.4153820987986623 7.2687675443948319 -14.650899190315716
-0.13188804104232688 -1.2896507247448437 0.13418216168607205 1.356949040668163
-0.0068440207668638564 -0.30094031071562455 0.0068443413450416301 0.30098259940806754
-1.5979175104910106 1.7156143018882424 5.677944798490973 -14.857256072688051
-0.73357499767396783 0.56841427623258278 1.1283353816783133 -1.4860604828397517
-1.4259218360468191 0.37277598891340258 4.3251818046146502 -2.6466197745508095
-0.12608092056753195 1.1988850021977688 0.1280851531280485 -1.2560588635616545
1.9556533480169729 -0.80838937170711089 -9.435206064214773 10.083638884145056
1.7403780337088701 -1.4829459059840424 -7.0118363843213318 14.958100317603932
1.5704693426708416 -0.58841932257925533 -5.443834028553078 4.9422056003039971
-0.7945569728477766 1.7194340616822226 1.2961773031644128 -4.9759774366176002
1.7119840989965662 -1.5056528196234606 -6.7296204134433335 14.744359188076123
-0.23183057669316254 -0.74228671654779355 0.24429040754626052 0.86197024230973118
-0.54851963223033406 1.2403698106288807 0.71355481119156317 -2.3599540970265847
1.9785897119797906 -0.6130682199453088 -9.7244068438506268 7.8132183455208644
0.87376209074304345 -1.9747125933367342 -1.5408446636222126 6.497555955674903
-0.58260744231450401 0.14767571896870368 0.78036272066010093 -0.29805306118145924
1.6876949527767482 1.0038431463550701 -6.4947805425469802 -9.5816253728651759
-0.62117263818529178 1.9133293676127283 0.86085548380242527 -4.1281350395366774
-1.0570350735599701 -0.10019363310548579 2.2380848281602423 0.43603962937846613
-1.7208684979481275 -1.2253938162206683 6.8170284837220656 12.111994867639586
0.52786377018320474 1.2449889533095986 -0.67494781549770388 -2.2857007162768816
-1.7273819853687575 0.069597099298767784 6.8816281717185097 -0.69259870522051759
-0.74964036381834376 -1.544334906200918 1.1709087687261963 4.1479013654494894
0.78708309405618371 -1.7976816018732702 -1.2746809110060238 5.1386717638919013
0.067863170485375601 -1.8264394337863137 -0.068175708203139451 1.8516739405822706
-0.96853330873353993 -1.2809419113531151 1.8770725360839005 4.8857306076032003
1.4595341355766598 -1.2429109243788492 -4.5686919762510918 9.1860062277283347
-1.2792499943596138 -0.55213430580596246 3.3727177262465919 3.2628054599251963
-0.087824148338311314 0.35588519936823104 0.088501543110953984 -0.36412011350998669
-1.3188947548905645 1.7732841184203916 3.6130902537087302 -11.027078845073996
0.7032542499731238 -0.58479651591617676 -1.0510602711966519 1.4524588845430007
-0.82433099189732761 -1.5195512649868625 1.3844816934185618 4.6172549135689094
1.7613109148062218 0.18732918462272652 -7.2252780598377662 -1.9307360439336576
1.5163299184024002 -0.79089091542484891 -5.0027612203140901 6.2462739632775701
-1.4037675330533546 1.2130395039282047 4.1699802969668873 -8.3841528397642815
-1.7801615716622057 -0.39739514873371284 7.4214494820328678 4.1754012868476327
1.8670274830147142 -1.6599797690523341 -8.3750962419714892 19.019010485663326
0.041853057304685137 1.1033611303084965 -0.041926370401380343 -1.1091593319056099
-0.10340886520293724 1.5345866821079337 0.10451465687986447 -1.5838164994142585
1.3734948443941919 -1.0397640857565484 -3.9645765066928447 6.9242717707682324
-0.41073122162816 -0.803949812079638 0.48002163474884985 1.2108291409980303
-0.48675705492596677 -0.17139524001408102 0.60208558702243087 0.2932225124024691
0.081796735949569044 -0.21861990489487493 -0.082344013862549095 0.22300806943094628
-0.091795382935982328 -0.74302042313907046 0.092568886846533291 0.76180336791914016
-0.63146808903238982 1.9881408755539809 0.8832672192968265 -4.366466013447007
-1.5337942389728165 -0.11162772566892576 5.1420831744146929 0.89944869379853243
0.98660189571394019 1.1801587850843021 -1.94694370536818 -4.626399345549892
-1.6145227593442408 1.4247710681698469 5.8230729846980704 -12.566553799915173
-0.32875747474628758 -1.9881086490562878 0.36429006825791954 2.6327418079378679
0.94846016814113021 -1.1366711593994054 -1.8016728273163101 4.204239798848878
1.3817615525624811 0.065153277636246898 -4.0199105068278262 -0.43833789319657629
-1.2907046091001462 0.0081902655218639708 3.4409131508149442 -0.049123207327120257
-1.1419801390518627 1.5407334531176295 2.631257722602566 -7.5686310902687763
-1.1689954550929809 0.26376793155261069 2.7664866314873793 -1.3451244281120827
1.7795793417703774 0.9258706142356572 -7.4153338460225999 -9.7222968741781539
-0.44959225379750745 -1.7050616783920458 0.54046977235860616 2.7390103709045301
0.42142823425065767 1.4039119322089433 -0.49627462894436791 -2.1519236081244801
-1.7126686174755488 0.64013107890120891 6.7363260829545704 -6.2730934171974129
1.4021350944764794 0.77701188961784506 -4.1587086059706593 -5.3597879747631589
0.33658685842886982 -0.90261056699563946 -0.37471902369658061 1.2093827518074849
-0.61672587133394652 -0.52671727058115714 0.85129805010631177 1.1277292768880249
-1.7053077644828072 1.3275486731784425 6.6644699111364227 -12.90938029029439
-0.5895097500535349 1.9566133489097171 0.79437720732728001 -3.9965104072158715
0.034942320226204693 -0.23957488216295886 -0.034984983602174509 0.24045242033482109
0.60227669422453589 0.62928996057303976 -0.82074486579377282 -1.3140906264046239
0.6433795072608457 -1.1137584561539318 -0.9096982128336657 2.4968365944048014
-0.85800749169039925 -0.55825814172892319 1.4896527491731797 1.7911883122318968
-1.9790629729589946 -1.3001698574062965 9.7304396251384659 16.577257672603618
-0.93070430120321079 -0.35735559521343729 1.7368901358366593 1.2859910976462603
1.5758934452942546 -0.38825160143299531 -5.4895305009118562 3.2808504484076901
1.1137959453876589 1.2385115359456762 -2.4955059356612197 -5.8477860696833188
0.31296207258537212 0.110958588491199 -0.34361522380340748 -0.14356219151436728
0.20607057768350145 -1.2365204791041324 -0.21482138186597163 1.394047313384281
-1.1909635662043803 -1.719444578207471 2.8802194000066752 9.0359953117290139
-1.7320093553251361 -0.16366149375121442 6.9277887167665151 1.6365444355450212
-0.78847027881598786 -1.5509598224001513 1.2786507241746976 4.4435869647416739
1.3480584358392576 -0.96600453742914638 -3.7978331936404701 6.232453236091211
1.5759650248836903 0.61301272540881069 -5.4901353956037529 -5.1805688744038134
-0.76814182967501043 0.86881304709154872 1.2213776716630367 -2.4067212733444614
-1.1985837964120729 -1.6327706567542233 2.9204730143492128 8.6697009013776789
-1.0343672763068832 0.52864893455928819 2.1410530257925409 -2.2254782593801679
-0.11396901501629131 -0.42848482575514923 0.1154493513020604 0.44518151218459995
-1.1131109376687318 0.11643268183672095 2.492273154198597 -0.54921853486614658
-0.73974359160257075 0.63392068526097711 1.1445465098249075 -1.6746040229532606
1.8808048512223912 -1.2780492225967226 -8.5340145037351842 14.841066276663573
-1.6705582734974889 -0.34348945437772249 6.3326937420061089 3.2192844392968052
0.29344795928177048 1.3910797043823631 -0.3187172633275519 -1.7504444389811911
0.36419986746531041 -1.1172994467169008 -0.41250790001447385 1.561900416081367
1.8732439672855192 -0.56024912056565235 -8.4465375248712693 6.458063819299932
-0.68769814612302671 -1.7419963915854524 1.0129303639938319 4.2135168682027704
-0.82611547639252514 -1.1619785210955778 1.3899118457512518 3.5410137414280167
-1.4233120813918738 0.043146730792908539 4.3066822921829466 -0.30536890937436406
-1.0230543160600103 0.045950181600669548 2.0938240221103395 -0.19023009423031945
0.060295077689834997 -0.36726739344000725 -0.060514280227329624 0.37127299129304692
-0.30566069497521431 -0.82237818241071148 0.33421810312766037 1.0528787648883555
0.26071474261875194 -0.91054745822509719 -0.27843609125543473 1.0962231372684776
-0.37833767990158407 0.23565176057367454 0.43249270841269261 -0.33684491544960399
-0.75508414831172477 1.1729774528970598 1.1855969392748187 -3.179304025025099
1.9306534794701471 -1.2948777572535244 -9.1270153893193289 15.77454860854616
0.85392797147991928 0.065487183979968222 -1.476606254115024 -0.20874556858793042
1.4653905236631024 1.1833832978295611 -4.6121252739450611 -8.8068664978062028
-0.73806536831980329 1.4518507852265894 1.1401194571700555 -3.8244965005904068
-0.72217928618521654 0.89157446844127985 1.0988267808732022 -2.2865575271774281
1.761658407868699 -1.02379532113022 -7.2288601867440505 10.555658438099343
-1.3872358479188387 -1.940463139301372 4.0568648331293531 13.143280560397764
-0.064888088412031308 -1.3436398476002189 0.065161297373471885 1.3606118892936974
0.27946596024901904 1.0559610338131478 -0.30129259351398374 -1.3033765781598956
-0.38883427736525933 -0.54421765658534138 0.44762294646675144 0.79106187990568699
-1.8060539287307114 1.0764991493478635 7.6970962481566483 -11.610573372853271
-1.4468958974639698 0.18479427168763385 4.4759836550271377 -1.3453989848904078
-1.8806961948121081 -0.48050140240256445 8.5327528216171906 5.5791279857786922
-1.5640243042684912 0.22850002363832056 5.389896802761875 -1.9053511197953255
0.47234405054888873 1.4054245991998551 -0.57772821307508992 -2.3461128170886223
1.7127340312116099 0.12506585314946994 -6.7369671400196953 -1.2256920835929443
1.9643299642501453 0.70158750793879898 -9.5438782591325424 -8.8230077829763616
1.8894990897046973 -1.2480345313818675 -8.6354016072475339 14.615258680526802
0.44094651144224439 1.8446223095742678 -0.52668142870262591 -2.9205932288410925
0.65966499337420048 -1.8643078376638358 -0.94672342889229788 4.2981127079201435
-1.2077390175250007 -1.5845706309672796 2.9693876493533851 8.5184942110784032
-1.2727745444947751 0.033316953998496324 3.3346120840505113 -0.19523285675176666
-0.4355115977830879 -0.92283774369944993 0.51811523574914464 1.4479426222147347
-0.81043814341415121 1.4511365349593666 1.3427420076665881 -4.3104994291933298
-0.55927427092761084 1.7559513088188718 0.73420838946099154 -3.4036712757303724
-0.22456261482298778 0.19552647594357442 0.23588694099696506 -0.22510671917745434
-1.0737192947470038 -1.3772376114770193 2.311581412286575 6.1405782940148699
0.089317824252518108 -1.8895839792863929 -0.090030372712607054 1.9348074326984248
1.6646646973687078 -1.978052317229761 -6.277631280897042 18.42224541078458
0.8755675252025843 1.0491234377410206 -1.5467937803078073 -3.4619557184783245
0.13951508099647292 -1.3038227803655666 -0.14223066640654333 1.3799573909264355
0.53202093893529101 -0.82373932262422755 -0.68260748629871426 1.5232083741791029
-1.8064295035587103 -0.5257172573825688 7.7011477719219723 5.6722592868088633
1.2000019866840592 0.65035050775974312 -2.928010569173404 -3.4598740039846381
0.0092258437939500837 1.5088632134124786 -0.009226629062657591 -1.5092484994931445
0.16118454997473464 -0.72060659749481859 -0.16537219859105426 0.77677166830432809
0.79605178493534812 -0.52708748519826099 -1.3005085626301243 1.5291310433367022
0.96878336541889842 -0.90747090084301396 -1.8780264765670993 3.4625674103774871
0.71315728314165172 -0.15287830509334022 -1.075864306680411 0.38613695496556744
1.8322604885539415 0.51811383294452762 -7.9834860033081689 -5.7363156912470474
-1.7318130857910696 -0.17425620573111944 6.9258263061271119 1.742131590873389
-0.32273081203769971 1.6262990105387507 0.35634489690126941 -2.1344613946194171
-0.52463347848442421 0.98971115852672131 0.66903374753937839 -1.8069363077345331
-1.5595093052496098 -1.0495736798080695 5.3523439677544733 8.7074813695444835
-0.68097241617832704 1.7582874625131 0.99675528183058915 -4.2043647500581676
-1.0007126580769654 -1.0320155029521199 2.0028521563144115 4.1324764293357257
0.7054835300267408 1.976381842809122 -1.0566076291641349 -4.927359142370821
-0.69675195745913099 0.88520981497523055 1.0349994551966475 -2.1744204229222834
-1.4111058845737934 -1.5106594390321106 4.2209278864980657 10.534824476418494
-0.21641679811485082 -1.6446820523316208 0.22655294515678992 1.8757741754692774
-0.71953901382180074 -0.30959577996335419 1.092070547037336 0.79046278663564784
-0.85189677697127086 0.62054194411890773 1.470142222175995 -1.9715761569984471
1.0198842842682923 -1.3874594590069687 -2.080731153298736 5.7170154067688443
-1.5633052368698444 1.4401143635888327 5.383903273402348 -11.998701349953231
-1.2921908153332087 -1.4033147492249474 3.4498356079663406 8.4328990609886194
0.14343219948726871 1.7413798208212734 -0.14638300084560171 -1.8488549754731936
1.8204510844121988 -1.5161819666915854 -7.8535027115101084 16.5902548041038
-1.3888961964294033 1.8185921912026823 4.0681222991025834 -12.342963302551254
1.5465195620033532 0.93087727290944455 -5.2453655905186292 -7.6100783419395004
-1.5598898204880025 -0.98455335664985943 5.3555014787184501 8.1715651883208285
0.84647444177326658 1.9209044154542769 -1.4529894458757473 -6.0499978360863151
0.83278386264109772 -1.93465949272646 -1.4103435903651862 5.9598866614455241
-0.28214090573543738 -0.046934708768349598 0.30460030669819438 0.058143208725676319
-0.80567981148741774 0.83968394774254662 1.328662657395925 -2.47485077602646
0.2846241209462308 0.73291844868191802 -0.30768177436342642 -0.91104157665077545
-1.1961550579971902 -0.34001559040935581 2.9075980725874659 1.7994851712985436
0.77571267553491285 1.9733903166850886 -1.2424823840087784 -5.5357357000026939
0.16201292471920059 -1.2129158210943074 -0.16626547038938036 1.3084263477802536
-1.1052017742649305 1.6190283872469298 2.4551736485017663 -7.5518168714892315
-1.0411665371166325 0.17513368422428233 2.1698199640637106 -0.74468300941007926
-0.45239463950227687 0.11046278349312555 0.54498213803425433 -0.17828502481605638
0.12856615410728445 0.75477280246927458 -0.13069125697913705 -0.79220030104993278
-0.61724544062759135 -0.90888942200510758 0.85241097478988759 1.9477280379840434
1.6597907361339437 -0.52038270512093376 -6.2323570116778662 4.8211979031043208
0.9963907395033953 0.56507555455146097 -1.9856019912806031 -2.2480872722591578
0.61099284490765227 -1.9904463958904293 -0.83908396256280193 4.2196205025361406
-1.7795607267575138 1.0753237740747399 7.4151383770599129 -11.291447118833494
-1.7415821339528792 -1.7582880057580401 7.0239894106121561 17.75752199249742
0.54154446737474249 -0.036578829670072199 -0.70036343543305202 0.068761294809882217
1.7956512612204878 -0.041091101687841025 -7.5854835602987816 0.43856904113238582
-1.28761060966881 -1.4692032968073905 3.4223931372273553 8.7767608081482411
1.9920492194549531 0.07571804001813609 -9.8970186397741564 -0.97712466952949084
0.070773201814800402 -0.49511945291510662 -0.071127693890349494 0.50255938433015968
1.8782940110563446 1.8868119611412637 -8.5048934787701462 -21.856764051351597
-1.1049098312188694 -1.1674560741391993 2.4538121881625026 5.4432373339474873
1.5843338537858682 0.72062547515985731 -5.5611920610068264 -6.1471812387204974
0.5600880235758936 1.3352833413907232 -0.73578684917366821 -2.5919128623618977
1.5014027990041439 1.7335860061120041 -4.8858805503453127 -13.45718863616068
0.43797633689617976 -1.0278660861822595 -0.5219903907584631 1.6193719926865242
1.3427216795288084 -1.4860083905482431 -3.7635166212841611 9.5233886982250695
-1.6967234522509367 -1.3835032492809964 6.5813705004925849 13.332283211981164
1.9984716002006779 1.7232362569830335 -9.9801448150741408 -22.370477889857575
0.7927229864511296 -0.61454456257768575 -1.29087782690644 1.7731019164930388
1.4788078821471955 -1.1327247003676182 -4.7127725455023626 8.5640990496432856
1.5059891631188775 -1.9260722646478481 -4.9215776443399211 15.031087364835301
0.7778284269771274 -0.69549073738151534 -1.2484278964620108 1.9578420247291657
-1.3729133707040759 -0.18588125276175216 3.9607055964210289 1.2369790228054058
-1.34981250276544 1.0169609857003166 3.8091625040075039 -6.5756507955541963
-0.66230968589759032 -1.7764331993098135 0.95283455835483699 4.114152424835849
-1.4066804292506343 -0.69816763348051936 4.1901490895463471 4.8426648917407293
-0.16041134616538333 -1.454949430560923 0.16453901883920741 1.5672648337393962
0.45155687220608964 -0.71954088428061791 -0.5436309480438547 1.1596918333113921
-0.6851868218492525 0.92658094930431245 1.0068690030268583 -2.2316173480139989
-1.5040095712641031 1.9993519283981018 4.9061465867350682 -15.567222770149543
-0.15188742230638441 -1.5209313391212773 0.15539143309908188 1.6261940346027202
-0.10459860252452113 0.058185337840439999 0.10574300199112553 -0.06009513208190282
0.58063638198494516 -1.2537112231288101 -0.77639132361060859 2.5217345932457516
0.16961239415898621 0.84852942021470401 -0.17449186529586394 -0.92176183053340288
1.6822678387997181 1.5624931438904111 -6.4431280163362166 -14.828177504347279
-1.7320462748097056 0.37233986873208869 6.9281579027905522 -3.7233811479708252
1.6726060231436306 -0.94192198886080369 -6.3519068793745692 8.8473156822816161
-0.35921534217703321 -1.8632015719434101 0.40556693167529045 2.5844599170783433
-0.42874182555490359 -0.056713483310472323 0.50755295627230002 0.087988624760707207
-0.57443783694502493 -0.54652732006010796 0.76399016143430587 1.0875546545332286
-0.69373813231655124 1.5550830540340126 1.0276152843603286 -3.8003396303389572
1.9980685763691497 0.97959301113303887 -9.9749138679774205 -12.712015998458888
1.0826729922167964 -1.6529676549347534 -2.3517614951151855 7.4656985393878532
0.905443211585649 0.067132241874207299 -1.6477503741046442 -0.23224279770436002
-1.2858486991378575 0.0013809957645385396 3.4118797811697168 -0.0082310394474349579
0.53894212409753939 -0.77166053608356 -0.69548250601850492 1.4440668834300263
1.724013437144249 1.5240779077909128 -6.8481646747510281 -15.113773085026107
1.4607964377941012 -0.6369223165281177 -4.5780282769966512 4.7143580347687015
-1.9316546844384948 1.9843492762222534 9.1392181440714584 -24.1968960367828
0.81548253608417109 -1.8239806191991592 -1.3577880180844732 5.4628863409714015
0.65676865577268506 -0.34517612068534964 -0.94006257573539331 0.7918461716095756
0.70896111006859241 -0.79081992322296157 -1.0653032945966356 1.9832795448049054
0.18995146662518492 0.038276356970432079 -0.19680521180320656 -0.042419568944719911
-0.53021105094768517 1.983217655686742 0.67926597441327918 -3.6558064598373137
0.76208706732157383 -1.8874916731225442 -1.2046894780053601 5.1761252183907978
0.97201279437680288 -0.71346461456199561 -1.8903791066216229 2.7357277085757774
-1.4213616456653471 -0.45978743353601903 4.2928944135249534 3.2464702295897547
0.72537178982008355 -1.8904906062752995 -1.1070364815892024 4.8746162284563379
0.99621559878991084 0.87825596008071605 -1.9849053060381696 -3.4931195371497186
-0.22037346749794695 0.17694782114124852 0.23107578708620088 -0.20272795003516556
1.1461554469402917 -0.7705620289449735 -2.651828118880533 3.8073600272823995
-1.9879819776664607 0.65803846018375101 9.8446305710314981 -8.4598852585909494
-1.5708848611796777 -0.34436347838040726 5.4473248326704056 2.893699305538858
0.42347850232042328 0.28810732858223354 -0.49942261381096964 -0.44310968381303451
-1.793055940749277 0.019985799308856134 7.5578197377679359 -0.2127518079288036
0.46492754432473804 -1.0393305572966991 -0.56542517646271284 1.713308220861441
1.8381819876107173 0.30092846871562617 -8.0492390378995538 -3.3513618314289606
1.8700225853869648 1.789874296183624 -8.4094625247676671 -20.567362146436579
-1.1877830224866752 1.780635209133548 2.8635411725321784 -9.317147958027455
-1.2974704908460652 0.30618048022364741 3.4816708170753463 -1.8524803988139462
0.82142679168307131 0.5002453732376293 -1.3756779266776187 -1.5128550252479891
-1.822746809202322 1.1469213201322792 7.8786516178181394 -12.578535907458296
-0.66157805697151639 1.28255238768087 0.95114119647400674 -2.9666162349009899
-1.0976093792912343 0.62507471198947684 2.4199502721781876 -2.8842441443069027
-1.038355365733584 -0.65719490565805394 2.1578912910617101 2.782921793890639
-1.8251882267385047 -0.91376600332668589 7.9054597837634155 10.045885132319262
1.3338758132934294 -1.8248073845924693 -3.7071405874153176 11.565034418287343
-1.1031302593096215 1.0844593495194559 2.4455254664025068 -5.0434832838091213
0.51914782171369245 -0.64266812812277596 -0.65906566695319857 1.1622931901767002
0.53538739892890597 -0.014199646743348282 -0.68885066463740219 0.026410192782538526
-1.0031988085750019 -0.52410192155705282 2.012825964160319 2.1064827849775631
-0.17340514017854503 0.78782079796786331 0.17861931875417003 -0.85888855850771051
1.3004661769373524 1.7018101546964757 -3.4998305416626931 -10.336176836762339
1.6429676892183616 -1.8229049103776918 -6.0779007374425884 16.584840797230854
1.0055993267465135 -1.7453722406766516 -2.0224915399187644 7.0402905846658221
-1.2756915353884217 0.5324745211090729 3.3517377715626027 -3.1321038862217514
1.8458182313650671 0.56856208009245846 -8.1346039026770001 -6.3799117597829653
-1.5505243678556053 1.0259759955503722 5.2781800278907252 -8.4257021259358424
0.53476693925131702 0.2616403460410015 -0.68769727797956914 -0.48610867312782169
1.6857726739218553 1.1554835754836339 -6.4764512026918215 -11.006545538430837
-0.041600477385929757 1.2699759301603817 0.041672471160393181 -1.2765693901229977
0.35099643398385982 -1.8704099272649688 -0.39423866698698679 2.5617050008485882
0.40292965492280741 0.8875202938472011 -0.46834621388418574 -1.3197931950040891
1.3008371258706211 0.53502889236233342 -3.5020840876622312 -3.2511200163647058
0.45235546904350921 -0.1049704909110778 -0.54491891967259565 0.16940939914515035
-0.11530471840494938 -1.8864673135007561 0.11683771517035053 1.9617100701625043
1.7499465650717569 1.1144124707656333 -7.1088306466586522 -11.352451795691518
1.8943034344828655 -1.1883564959209671 -8.6917944149683954 13.981200159052534
-0.16890165995684869 -1.2881528898667098 0.17372004778905772 1.3983972808125014
-1.4543689218900697 1.5125179620376454 4.5306340106347811 -11.110301851703444
0.029623427769448707 -1.9713043753370174 -0.029649423733623809 1.9764941148551767
1.6106683413710474 -0.96432332233279805 -5.7891487221385676 8.4694179086972436
-1.0891050871395671 -0.42328323203113261 2.380946967356139 1.9295153104269955
-0.68136807213262918 -1.5677142085823332 0.99770168246309998 3.7512067254023518
-0.66495122591733891 0.75975506103528145 0.95896614830703619 -1.7675552571953979
-1.05908558945608 0.94413171686993191 2.247021952576377 -4.1211225357734316
-1.0563935183209758 1.6747516251493546 2.2352941043069814 -7.2816555999322503
-1.2764890184352828 -1.5835225585504999 3.3564311342160886 9.3242125603857495
-0.11550785617417336 -0.92373265260254156 0.11704896948054219 0.96070615543441518
1.7445933589934515 -0.83166365107236118 -7.0544481534767289 8.4254330568986155
-1.9016649137855648 -1.5068977078929779 8.7787117347443751 17.855213359801891
0.82689438566184403 1.9092365262122648 -1.3922869982086616 -5.8255827231729302
-1.9792733790387222 -1.4313685324763998 9.733122580394749 18.253626442768564
-0.045461168100940252 -1.1060613644994115 0.045555123506495196 1.1129191146460502
0.51134506654566092 -1.5222720932006415 -0.64504839248687862 2.716374795061268
-1.494684314364235 -0.88787868797927594 4.8339304404320789 6.8386579410165895
-1.8839638100652154 -1.616099323157274 8.5707535577241742 18.824258515311655
0.73478302585091271 -1.223535309760778 -1.1314968600681339 3.2053178236120434
1.8926112839609606 -0.44230549586514289 -8.6719022666958896 5.1952904618913456
0.077981410533289885 -0.64419213407754805 -0.078455623319200044 0.65594432518847634
-0.011217451466297046 0.83019066318028001 0.011218862971871161 -0.83050405488574297
0.63518670958284895 -0.33416386002125176 -0.89146050891318263 0.73863127431638409
-0.68635781061361234 -1.5704425536591216 1.0096920828725124 3.7898879756810016
0.73697448424084877 0.16131212599605771 -1.1372484605721653 -0.42415316384859225
1.0699496782050222 -0.91213685279696355 -2.2948198460643132 4.0447586276931187
-1.8773011912596242 1.8252265140257085 8.4933982420937149 -21.122943597633991
-0.82028453707870996 1.3913851474677692 1.372226704461839 -4.2000354361578962
0.6455876613857936 0.093128003585932095 -0.91465790031713934 -0.20957062946702851
-1.4923017729643551 -1.2186133792893097 4.8156049664037521 9.3600398822856405
-1.8807946447261634 1.1183606631871719 8.5338959836241646 -12.986589094959552
1.2377350834253376 -0.3538061417528402 -3.1339305476622341 1.9798865773681917
1.3185627369434805 0.97487258073606364 -3.6110260527968219 -6.059635481322637
-1.3252010160045176 -0.45387035205625814 3.6524630278009842 2.8450741374394495
1.4278085789834987 -1.9535975500364104 -4.3385924599284973 13.901628278107857
0.96192163745598114 -1.7358282471514594 -1.8519812227389654 6.5542786581481201
1.5555511909884068 -1.5637933107523967 -5.3195798642057657 12.915710678866951
0.11035093258719675 0.49611564088166427 -0.11169471212404528 -0.51423973001703671
-1.2826738818414429 -0.24529219299095306 3.3929960196191584 1.4559948176121986
-1.474688665148749 0.82744271626670329 4.6817039253738617 -6.2257782715788537
0.1808797763629264 0.87049419813832074 -0.18679770926983777 -0.95593536293888803
-1.2229451305257641 -1.4465148304354094 3.0519754989802195 7.9367149724859516
-0.80992993431343807 -0.15769550742629157 1.3412330359515914 0.46803387866211937
0.69110889882269078 -0.52087950788213844 -1.0212042857638646 1.2672449055654138
-1.9567952325749411 -0.92631199802117203 9.4494572867813318 11.566990147256492
-1.7709649783339914 -0.27686183166459744 7.3252724656829606 2.8818412017633719
-0.64448430452524708 -1.6604891600615694 0.9121773173558767 3.7295915861800175
0.93840162285755513 -0.082472981462947903 -1.7647558452075736 0.30034951151679756
0.38482465597157578 0.89832397808236486 -0.44181334537143035 -1.2974224145231867
-0.14671466877146866 0.87829342986390468 0.14987273048422103 -0.93500973935036047
1.0641859568035454 -1.6916540977103138 -2.2693677740495213 7.4390070295808917
0.70483280373616219 -0.24594199407142758 -1.0549861856863456 0.61248603344300478
0.59770354351484034 -1.4117339410312644 -0.81123285108231569 2.9247577845502266
-1.0867753668004232 1.4198574442784508 2.3703447754644182 -6.4507561078318361
-1.7573912185314038 -0.10562000448061859 7.1849602506565073 1.0842180413553708
0.5433290454334827 1.5138288278753591 -0.70372328499345127 -2.8545049377489264
-0.1054038180173591 -0.95832583620588085 0.10657485073086566 0.99026673527874354
0.71137638769905953 -0.36151124672423007 -1.0713729365876343 0.91034644896958983
-0.17196876885272205 1.580062347560371 0.17705444552920682 -1.720245119385553
0.53723685596208925 0.33172121026224977 -0.69229600510447531 -0.61894876014972422
-1.3533017195293344 -1.3858697729991771 3.8317730575241709 9.0002216821206886
-1.7532233655914293 1.8360986754053443 7.1422676184038449 -18.767455868934007
-0.16290939388343695 -0.53584919004825782 0.16723292295539025 0.57851265154908338
1.6738221140647349 1.0116281771893263 -6.3633368405108977 -9.5144048965685268
0.12130411873701341 0.39667718345727643 -0.1230890711456455 -0.41418812788604326
-0.085549088128207718 -1.8285561773560715 0.08617519166086747 1.8687038460463685
0.75738189135074352 -0.39844198689609023 -1.1918368429813151 1.0841136254236798
0.68696530656575794 -1.9188967716027361 -1.0111588893700092 4.6356017353250367
1.0881344756246256 -1.9378640405800782 -2.376525560793624 8.8213701055443607
-1.3413833415698231 -0.9372842050289214 3.7549468213936286 5.99667667853178
1.22253272407271 -0.78229766186129934 -3.0497133376187135 4.2899316751582388
-0.035834111966710047 0.97739021817859628 0.035880125961506248 -0.98115537037114164
1.4428245990135986 1.4103430984911687 -4.4464143536064782 -10.218257970440739
1.192929326522175 1.4659234356591062 -2.8905636435280755 -7.7243040668066536
-0.13832109659488134 1.1145165932999785 0.14096755620329776 -1.1784878143144468
-0.10636148746503649 -0.73516992189525832 0.10756473008581824 0.76012033781996846
-1.1060208329028951 1.6310078922517683 2.4589963010133662 -7.6165560868171536
0.47425324713476247 0.82316400255953237 -0.58092045800946013 -1.3785926186583539
-0.4795012954533151 0.94599591311677456 0.58974894888357943 -1.598510289394818
0.89545231888740062 0.58928065481255665 -1.6134571995208111 -2.0067979607389428
-1.4082578269080801 1.9878924173196317 4.2011008174049138 -13.814998145030929
-1.6079632343991253 0.89932202200106781 5.7654257624478618 -7.8750367531571639
-1.3871213837008263 -1.8600746922625917 4.0560895906130652 12.597015830504739
1.0563380932260404 -0.55893397899181707 -2.2350531311724975 2.429993700727874
0.98013906739017109 0.86010665946831688 -1.9217318052162544 -3.3389493398269443
1.0067108233869453 0.62056544161772775 -2.0269787012223146 -2.5073326387175734
-1.0221442210690102 -1.1982816919801236 2.0900588426410733 4.9540996477555304
0.30573335256290779 0.33655998420407185 -0.33431113041627575 -0.43093768015012962
0.21252286907087958 -0.69088911713524315 -0.22212167057374618 0.78450314829619339
-1.7602967324827286 0.6437675331250392 7.2148306730292333 -6.6281878773584664
1.7323212288550192 1.4321450314955517 -6.9309078231392327 -14.325475386959226
-1.6234833703168392 -1.0568319007763809 5.9024956543643299 9.4133018867538301
0.25846860555660855 0.024412835007054934 -0.27573586440388426 -0.029305608042544465
-1.6577431954515611 0.33244192227917724 6.2134079960867581 -3.0732053307579115
1.0393891776013082 0.93808710752494351 -2.1622723449386214 -3.9784176552227151
-1.8078214264443138 1.2948582512916489 7.7161765133993185 -13.990496588124364
0.85347637379915753 -0.59047786353688636 -1.4751672732171346 1.8808289218839507
-0.29295489936894636 -0.58488097383755777 0.3180970426245735 0.73546894417078246
1.1910521056780019 -0.43357043810330698 -2.8806847191215579 2.2787661661961831
1.9057299320811927 1.7553664336051487 -8.8269724277397703 -20.880820493802457
-1.2263910968419327 0.82329181419973496 3.070926380306997 -4.5380712278546849
-1.9911718715725146 -0.91724922137297682 9.8857012575241772 11.827283210530604
1.1829438166272861 0.9449314827622679 -2.8383034307934922 -4.9118183105202604
0.29889740472625093 0.88246606558097973 -0.32560079680659954 -1.1189837165294081
0.14130868116982676 -0.010465299420547414 -0.14413035317541045 0.011092217218390014
1.1161701557681218 0.9001168694282593 -2.5067349132746695 -4.264310374681112
-0.10017076229597111 1.9213924976065897 0.10117589391775815 -1.9792313014534415
1.8400672874758928 1.8665540998137939 -8.0702547379037206 -20.82615738283808
-1.1852064587351538 -1.0077000061966972 2.8500829788286879 5.2542919832740536
0.85045611428335155 -1.0421145264511167 -1.4655702725900168 3.303322561873232
-1.9360450060050205 -0.76918368729391906 9.1928649342516309 9.41850871815363
1.2522991340926768 0.73966613295628969 -3.2162211598712727 -4.2196172980295223
-0.64104417279114534 -1.3989457860186962 0.90447334682525304 3.1235841896009111
0.13606376405113263 -1.140278300053521 -0.13858275984992965 1.2036094066267922
0.20556496866470164 1.977101935669126 -0.21425151857103517 -2.2277408662075984
-0.26973849640905145 -0.7450302038927572 0.28936436094697204 0.9076528408494593
-1.0130150536803506 -0.0027758703037261689 2.0525705942293668 0.011321660448502947
0.5676858764665198 -0.38734169462042445 -0.7506324452027322 0.7618243278700948
0.31717512061068698 -0.86174280902046529 -0.34908295586573351 1.1218169364883266
0.20668924761231189 0.96458776736759022 -0.21551910426325915 -1.0882106235853766
-0.68376717278486998 1.384471021665254 1.00345399917943 -3.3263475759992733
0.9872332723449202 -1.5234427289560006 -1.949419976544287 5.9778195600638417
0.1962084499541441 -1.0810773026140792 -0.20376203495293016 1.2059344527133071
1.7061394263754766 -0.39137581744462979 -6.6725607164982534 3.8091572053212781
-1.6172577063363098 1.5892495132803699 5.8472316072890713 -14.059403039721319
-0.32331676501074069 -0.80549778362503499 0.35711427260247142 1.0581028484098909
-0.42824145540039638 -1.8806938563481443 0.50677697457078419 2.9153993937004037
-0.28066984970575248 1.2979525369515388 0.30277977556395386 -1.6046933684610385
-0.49707824005968071 0.17981219084313516 0.61989970018403151 -0.31309983480554671
0.76436867380418994 -1.1202189088090395 -1.2109583096582286 3.0837144249400219
-0.88623778735763059 -0.80462977380059231 1.5823043800356829 2.7005404864996834
1.3171203392329192 -0.36683749581325609 -3.6020685906784911 2.2760131489156956
0.087644094244259563 -1.0642809646703757 -0.088317331237251454 1.0888067466708022
1.9492179470570559 0.069696112715101677 -9.3551752555319254 -0.86411692560676545
0.66534562046544199 1.9325758338514625 -0.95988400984746258 -4.4991416424444273
1.8678753871706832 1.4087342762316544 -8.3848150251976854 -16.153780397526958
-0.54443800718340052 0.30826461431244168 0.70581637064859049 -0.58238529462276312
0.89627315250939965 0.39272869634787977 -1.6162543627025834 -1.3391721369969818
-1.6138388805084385 -1.304363290933968 5.8170434033069895 11.495911685341465
0.6309069815524464 -1.8462844054409238 -0.88203547997640541 4.0509895868341728
0.17532510645458643 1.0998681344790548 -0.18071440613392201 -1.2012943210245868
1.8731126152248101 -1.9382873029819652 -8.4450235096954511 22.340026108556856
1.1657603503672056 -1.4250756167198046 -2.7500253959619005 7.2350969118873723
0.4217208355499098 0.69186291996885219 -0.49672323802527651 -1.0610031910224864
-0.7982642894990235 0.051215743322283735 1.306938950566253 -0.1491237340158876
-0.6406478956074797 1.8669712407489305 0.903588835957856 -4.1657527259396909
-1.1402181646044363 -1.7787801626406985 2.622612907552214 8.7165428921262613
-1.6677092308258885 1.6208363541968311 6.3060323309490354 -15.14470951666798
0.85399812199110414 1.2485617935639017 -1.4768298770143324 -3.9803380578744285
1.7701889912570752 1.6233688739832828 -7.3171984530526597 -16.884184326645851
-0.34045857282540126 -1.8401929834692909 0.37992182047250017 2.4800945505449223
-1.9469880213214319 -0.25580540873675428 9.3275569185119753 3.1648979498005874
-1.3517064153076359 0.6071527541092081 3.8214230389764348 -3.9351577845252277
-0.35881575473225036 -1.4780525322420259 0.40501283314312264 2.0489447616954837
1.9361462816074071 0.92130450771005989 -9.1941050944147023 -11.28228327445161
0.44076651492021579 -0.85342836723399484 -0.52639648279580142 1.3508280643293293
-0.29850125144801298 1.0301628989770575 0.3250986075949166 -1.3055347044268388
0.045797402036001245 -0.98783568800533583 -0.045893457600148992 0.99405135374694531
-1.8952545489691253 -0.16501530480479465 8.7029895674817634 1.9432151825803223
-1.2203318690212228 0.61759814887343634 3.037662133712931 -3.3767979268784596
-0.29394231438638041 -1.4388464417901532 0.31933954298006167 1.8118044359765382
-1.6945855632930922 0.66650787408048062 6.5607917505506501 -6.408380360713986
0.10119395659458652 1.1696354601541019 -0.10223020465415279 -1.2055674224008304
-0.7566435186983238 -1.6391856289141713 1.1898290564889136 4.4545332423636932
-1.8889786062011678 1.1963004996361382 8.629307957969985 -14.002363011030893
1.2777791036473913 -1.7461608774983133 -3.3640338832822816 10.299133295720598
-1.5574595130954867 -1.0603664896121829 5.3353581149714984 8.7766962784105615
1.7797778561893054 -1.7981219447645547 -7.4174185983465684 18.885364883402627
1.630433497526973 -0.26916619883122461 -5.9646366952759973 2.4157505301819309
-0.48683416010018465 -0.54887797914093417 0.60221750702772225 0.93914257114329869
0.95212977632516216 1.0425862010275178 -1.8152840828355981 -3.8780592374823533
1.267729640179672 0.92593746299470103 -3.3051466771878544 -5.3902665340784193
0.50977102395366192 1.1793779353696272 -0.64224343415064467 -2.0988203729948633
1.1503301288592862 1.183197846967909 -2.6725152911429531 -5.8802308851789187
-1.2845827597852377 1.7902358312716684 3.404340683406363 -10.652724198598847
1.330408816276464 1.7174352065704914 -3.6852159485307854 -10.836952359807231
-1.4011957960543628 -0.3363923529391819 4.1522330842623738 2.3177597871185549
0.34928315235590812 0.98040839561707438 -0.39189525004240955 -1.339234105173182
0.79299048052670784 -0.035939729542800336 -1.291649778808512 0.10374009066068025
1.7117014910524015 -1.1796937759162316 -6.7268533376556636 11.548925998308812
0.90091496013501393 0.86307905412060215 -1.6321405743395898 -2.9646276110294441
0.78669023945859795 -1.042348169607906 -1.2735583007402842 2.9776182685483801
-0.092101429580113248 1.7747652037015271 0.092882695920531874 -1.8199294640866099
-1.0889855063888194 1.2036988007812872 2.3804019112415036 -5.4860598663162632
0.61183867425787319 -1.3871076851081328 -0.84087837927112408 2.9448846697232489
-0.14794886721577916 -0.57191696859614449 0.15118730033899411 0.60947281251070151
-1.8971947533844884 -1.2776277851239057 8.7258587660917364 15.073508564911778
-1.7048704621523405 -1.9837027050889597 6.6602184636953652 19.281094126091308
0.042040160919321501 1.1442872809694031 -0.042114461654196654 -1.1503544356157054
0.4659262601587284 0.82306547453294998 -0.56707292461312864 -1.3590966096844106
0.54167357103869929 -1.5922668588219979 -0.70060615303159313 2.9938291462843201
-1.3167922507205061 -1.932354773874835 3.6000334177156437 11.984127101369507
-0.94641008017464401 0.9698288984344221 1.794102055426718 -3.5758329714850094
-1.9351818492872632 -1.4688476238211687 9.1823000702025794 17.971036886700723
-0.72000419282852501 -0.92692667826924691 1.0932587135534195 2.368499837803212
-1.6534721330554896 0.94183241045755217 6.1740154973995995 -8.6666573439453618
1.6797786227895761 0.91004855065918333 -6.4195364246622875 -8.6135810153835308
-1.023110629393535 -1.8151351209920303 2.0940571645617192 7.5151423719403923
-0.50669310946290747 -1.0310443443200557 0.63678043796751715 1.8251688458228827
1.5402198159294804 -1.5735087140137431 -5.1940479855491475 12.771904692841998
1.5935839625987898 -0.49677830941661982 -5.6405061258103588 4.2814985333243634
-0.86128815685191507 -1.2719680486063591 1.5002066025304788 4.1026717176506518
-1.3194883485761069 1.6767475112935766 3.61678288079642 -10.434648769987199
0.44146813547825925 -0.15159950026104596 -0.52750767688523637 0.24023705141198048
0.12823898548735935 1.4321640610074762 -0.13034790604748372 -1.5028208949394852
-0.0048985532828988987 0.83827077931992156 0.00489867082772263 -0.83833112431484369
-0.48254211304472472 0.95421189811968077 0.59490054377700829 -1.6207677192208156
1.8115866055435479 1.766015320993906 -7.7569349138333177 -19.153386428103595
-0.31900738483081614 0.82913040858375409 0.3514713983463133 -1.0822615466417136
-0.99994475666781479 -1.1757631131054902 1.9997790358265677 4.7026627447532627
0.76143425792968467 1.3234894474020238 -1.2029002331990926 -3.6254960365646807
1.4471584439251228 -1.4778537843690152 -4.4778954298568898 10.76291750953666
-1.7818676730778447 1.6346947394826357 7.4393909127347513 -17.205419128448874
-0.27156475071821662 -1.2426474504892826 0.29159194877179262 1.5175735578272336
0.24327171981995965 0.71590200160406869 -0.2576688150142481 -0.84300566915535702
-0.27172023393841016 0.016261996018361202 0.29178185114715532 -0.019863957503987426
-1.9851186369058356 -0.74468834465985756 9.8078677140293244 9.5484594935912241
-1.282167311056456 0.13574135820632627 3.3899901259324299 -0.80519860286294398
-0.533974604473753 0.49803692108876518 0.68622618444687145 -0.92405104695964635
-1.3393592964058465 -1.9044311912184821 3.7420136042362548 12.153413263078859
-0.020813663052535514 -0.8269610572950814 0.020822679709735982 0.82803579714547848
-1.2131950821650248 0.38839398367407751 2.9988269312122693 -2.1033580749951248
-0.82135335227800921 -0.41755133983613169 1.375455842615434 1.2626184596277732
-1.1618354169131808 -1.6515766284006475 2.7301523573596329 8.3397759216738478
-1.4489464841694635 1.0707626285317571 4.4909312599449445 -7.8147873044948479
-0.044604602439241692 0.21001369878522702 0.044693346443040127 -0.21126721000134691
1.0942474701722791 1.1181742445663341 -2.4044747988153214 -5.1348043762812541
-0.77266761467202327 -0.96706875486596511 1.2339619582205139 2.6991331172302813
0.0046897784036912249 -1.4795068323659173 -0.0046898815507781522 1.4796044532810508
0.49194558394132093 1.5528382686890163 -0.61100155980527016 -2.6802475684523897
-1.7532147844666848 -0.84674391062973609 7.1421799078842589 8.6548118837239318
-0.87748268227621828 -1.9029922252518419 1.5531231631740661 6.2987664377255497
-0.19671201520064363 -0.68226773159918785 0.20432390798525446 0.76147004394450413
1.2574571051228984 1.5353413951047084 -3.2457462316273471 -8.8183793347420316
1.9175622579128739 -0.12459525560916695 -8.9685249954345796 1.4990223454421137
1.2386151928218889 1.1777598421709903 -3.1388584854252901 -6.5984027989659433
-0.25760940488778461 -1.4805037758960498 0.27470503619400038 1.7752540398998546
0.74676541122673079 1.14139759496384 -1.1632055495999425 -3.0509280789940227
0.07139048368281653 -1.4386677525013729 -0.071754332504800636 1.4606646997121455
-1.6755663307431954 -0.38070039217709883 6.3797565526697841 3.5871751753665775
0.35623097371373369 -0.038887404452549124 -0.40143686475638579 0.053691898432565777
-1.862256423050856 -1.057697029969983 8.3205598083625478 12.061973709706345
0.49528612171752284 0.72411411531238112 -0.61678393923292574 -1.2570078152456565
1.0411715963288808 0.31176482740699196 -2.1698414763354394 -1.3256598613680362
-1.5523709448271172 -1.812633351892428 5.293360682410631 14.917186983279212
0.63014599604249399 -1.4932601636600236 -0.88036687381845946 3.2721092140967234
-1.6680373205452228 -0.33869443752159567 6.3090984618647976 3.165792320886883
1.1932952521336624 0.4146946482977989 -2.89249227306646 -2.186212409030829
-1.3604575341519425 1.0982164679102668 3.8784531538470208 -7.1961008625132301
0.71541748992215437 -1.579893243824499 -1.0815840327201385 4.0057664796495995
-1.4560061574609691 1.4109554647186093 4.5426721338961098 -10.384437214562608
1.2905915574166396 1.7448813804416421 -3.4402351439832248 -10.463843736651146
1.4832037607130468 1.84964756790768 -4.7460939185215016 -14.056729975463552
1.1776651730298595 1.1989565499005992 -2.8109634190981843 -6.1874380170734273
0.57541234808041297 -1.0092733105330933 -0.76593101420615506 2.0117825833382983
-1.6003316193250527 1.0380331620582202 5.6988789836405349 -9.0134328149503666
0.12946580543654118 1.5040699900973165 -0.13163583291162834 -1.5797009227275949
1.9476949080320516 1.4222806189650248 -9.3363056428362299 -17.608611146173004
-1.3868382880869436 0.93521009966739399 4.0541727108001506 -6.3313361932574104
1.4443339893700342 1.3162892918876334 -4.4573600964143489 -9.5540252243020145
-1.004233368315202 -1.7513025617093869 2.0169873133506027 7.0497878569074839
-0.90786297674987448 1.3786891469774458 1.6561374276807381 -4.7876987361297392
-1.6373895514725949 0.82195527483332631 6.0273038736581697 -7.433051388048983
-0.80382429878801176 -1.7905086529075107 1.3232021090192911 5.2612315388021731
-0.16065842127962959 1.8849934146466589 0.16480519640826211 -2.0309548354156544
-0.54112848226053512 -0.59245115037948093 0.69958174300412601 1.1128958489292178
-1.6575599944359913 0.27427817409493249 6.21171459097578 -2.5350202494549312
-1.3458532308994542 0.84751939179294222 3.7836253420962391 -5.4529082029425444
0.29409247135474503 -0.71568657038653338 -0.31952864145953114 0.90138658435361108
-1.1274909735719487 -0.56598862712523701 2.560797971013316 2.7245038048409391
0.80498767223101719 -0.26482637179676738 -1.326623831490547 0.77965293207876407
-1.3093694694594644 1.1283928294239272 3.5542158712721825 -6.9321066979226629
1.6840861679283896 -1.0188313540948335 -6.4604007889498778 9.6874954383755778
-1.4731076740557292 -1.9730008978717581 4.6698194128533377 14.817510315544371
-1.8072681948191529 -1.6657311505655037 7.710200696357763 17.987655991082612
-1.607746517536615 0.003620985059619386 5.7635282780379153 -0.031700082420446828
0.29458051837676935 -1.4266343565046542 -0.32014353286704694 1.7980344232362793
1.8435350718593648 0.91447291717265466 -8.1090131158638528 -10.238315037414816
0.2120145106259832 0.63367141659546578 -0.22154459525662387 -0.71912229743860934
1.9162000689089944 1.4608034580119655 -8.9521469875017985 -17.552237368022649
1.2819521321678025 1.2955984945812982 -3.3887138931870115 -7.6831631255685862
1.0865661008372278 0.60979640592789597 -2.36939417229949 -2.7696206820534255
-0.10978207591977851 0.68377830395909811 0.11110518093731563 -0.70850120605230682
1.1735910590215921 -1.0921065134394095 -2.7899967713389886 5.6046337516433065
-1.3789905658458923 -1.9731457035472832 4.0012996840913431 13.229635990407838
0.49165654595687425 -1.9345326564452185 -0.61050279444783784 3.3374141030105973
-1.8497705198451326 -0.79520048914642993 8.1790396246122832 8.9578960787673552
-1.5353484525187722 0.70664270006363639 5.1546174843044348 -5.7039383367942573
-0.62186345326417047 -1.5326848650172349 0.86234685281118117 3.3108176601134236
-0.038900414644490677 1.1182579422927459 0.038959280395843308 -1.1233345278186873
-1.9189429414611867 0.36969745116816322 8.9851471545546815 -4.4537548203130912
-1.8377540208117331 1.3380001271487498 8.0444738932749544 -14.894643537235268
1.2754434672310464 -0.58527608523533914 -3.3502788288073519 3.4415803020758258
1.768053003721211 1.2277697440475648 -7.2950068915339399 -12.741836481730944
-0.26494335098122468 -0.7134030391338082 0.28354104400025593 0.86363497367586095
0.74000847239064793 -0.53529473256152338 -1.1452463909933597 1.4146970557326888
-0.92684088521352237 1.2993703888550105 1.723028742766457 -4.64798052002718
-0.85844948612046279 -1.8924687820530277 1.4910714047576554 6.0763511812628632
-0.30222322553167302 -1.5114263875912162 0.32982795587262043 1.9255823590879388
-1.2923067765590606 -1.0113499254217255 3.4505325025637412 6.0783854001946827
-0.033150059937768983 -0.95661551729997862 0.033186489416245232 0.95976926765182802
-1.7011597860439442 -1.2261560103348783 6.6242219926336787 11.871438769869659
-1.2548017261444753 0.63977396517483909 3.2305213903104315 -3.661798825232657
-0.61325339962770853 1.5403952161314955 0.84388557390280472 -3.2783294770179561
0.97003697094735175 1.737513190102546 -1.8828143328180285 -6.6423655412302516
-1.934765414703056 -1.7923765945179237 9.1772060887404638 21.920679053327781
1.5386481978071052 -1.3606274776318839 -5.1813028355404143 11.024232189911624
1.3204594373425862 -0.85767649120485467 -3.6228298442041122 5.3440444541275163
-0.42843889511961875 -0.30730606147111317 0.50708309023048037 0.47653325908819982
0.54086745903927236 -0.53329962061099589 -0.69909153188557727 1.0013302070896739
0.71425159064588062 -1.4933886867785855 -1.078630849960529 3.7789693029807245
-1.5949923537449195 -1.8690525082204488 5.6526538722324329 16.133664662940951
-1.628847629426577 -0.39857407513765164 5.9504159214810137 3.5709980404587878
-1.3975211322271384 -1.9129165717403822 4.12697118258943 13.121069592127869
-0.20802016908996812 1.4794560240617685 0.21702169913033981 -1.6715148215657902
-0.18658923169274644 0.29948108730139689 0.19308543681049606 -0.33076087586711911
-1.2060175326458391 0.70223927293556532 2.9601438500918458 -3.7664146015429014
-0.70429220591255648 -0.64673997938630157 1.0536405160458107 1.6091424467037043
0.013372732325698244 0.43241566768100625 -0.013375123771016925 -0.43264765432345464
-0.33771529584079607 1.9501455889333079 0.37623227278307536 -2.6173973860071507
1.6182108295359083 -1.6662959768858241 -5.8556678844070671 14.756415349248334
-1.1915690472841631 0.41850346051638532 2.8834026237408121 -2.2011232960484217
1.1523225488065942 -0.47942166294431843 -2.6824308838288351 2.3892178824690831
-1.3831320028494791 0.26724536538895816 4.0291384033415785 -1.8010099211888886
0.50294730914945207 -0.5685244337258184 -0.63017084656056244 0.99995942650209391
-0.33916820365588407 0.81034265812514006 0.37818444183109834 -1.0899961322316734
-1.2654639759987991 -0.064345920474108809 3.2919768160405116 0.37347641296915907
-0.94576769772662139 1.7764784867706305 1.7917347138010511 -6.5435334671412093
-0.72327150271628149 0.12395962979824571 1.1016304966515018 -0.31849753420719873
0.47074991309559167 0.93523113501237365 -0.57507067386697641 -1.556988170674948
-0.088165962645897267 0.66013194299772016 0.088851297566168316 -0.67552602906945336
0.65219938347606377 1.7335175038055044 -0.92962154538199093 -3.9456455084855615
1.4589413076393529 -1.1161614847177392 -4.5643120897781468 8.243443256729778
0.088400833437102921 0.19600386087728028 -0.089091660080119872 -0.20059899931535466
-0.61405941134210318 0.53778211594075342 0.84560215535901684 -1.1461249464951673
-1.4565577832055356 1.3834142289413518 4.5467333524532574 -10.188405493378527
1.6134966268973221 0.27116547033954186 -5.8140275429004795 -2.3889987323230528
1.4481079798143801 1.9610225190042399 -4.484814627591307 -14.297913558021413
-0.72593023839276682 -0.51567396971289181 1.1084771159853783 1.3309153932119926
-0.72122445186679718 1.8022962011896007 1.0963799596957673 -4.614768843508104
-1.1421997779442088 1.1026329339243368 2.6323368322965393 -5.4181849693497952
1.4733841190567301 -0.11372380718630204 -4.6718958908961064 0.85435945946274627
0.51340238788955039 1.1201575989907564 -0.64872602219896369 -2.0059177797206496
-1.3674435282048103 1.5082403688997763 3.9244286468621343 -9.9690245236162749
0.67715937728662956 0.054946688834511814 -0.98766730357756249 -0.13053324782859474
-1.6404408014296261 -1.706696519420376 6.0549424960756735 15.48509316255759
1.2452083586722047 1.8622362459151049 -3.1759585292827133 -10.524673157320782
1.8223454426085026 -1.4859664412440909 -7.8742506238118537 16.290395603676032
-1.4422538815293198 1.0219281390139399 4.4422807847186059 -7.3990548351482399
0.16265510888091406 0.99728797514370537 -0.1669584237699536 -1.0764427749214009
0.039424660076949891 -0.097408471967747712 -0.039485937976795761 0.09786267904862514
-1.8043598331648947 -0.89778167752625748 7.6788401383842313 9.6665439045661508
1.2349243312595224 1.7440540616981859 -3.1182309919089386 -9.723300759944502
0.6397286407470113 0.9105962149428275 -0.9015393358577779 -2.0285881859808779
1.0744884489043374 -0.10817100868484841 -2.315012683998285 0.48282954860199362
1.8759373825700756 0.29852694364384291 -8.4776256577967217 -3.4502022213006942
-1.4511925167121591 1.5901669275564756 4.5073455036880485 -11.636649422764778
1.0026657024357313 1.4749686769095698 -2.0106841465937526 -5.9234971164534569
-0.44617692773777584 -1.6193510585305888 0.53499908690095843 2.5864624118079509
-1.9103762570162464 -0.76840674291839406 8.8823659379247495 9.1813942829776227
-1.648832336008069 -1.2040925631682446 6.1314271877859641 11.024604340229141
0.11999088686427628 -0.83210599114458983 -0.12171849320670998 0.86804751034107297
-1.8593841319685849 0.53306293450725883 8.2878502770678892 -6.0619533376847423
0.89710782977286252 -0.73876485245079238 -1.6191024164802121 2.5224441603914203
1.1256391599341229 -0.054832542283034247 -2.5518954743434059 0.26326148412315781
-0.38802648239015625 -0.23690803231221835 0.44644951550133882 0.34391788687800795
0.98100302101815107 -0.13493213437996721 -1.9250878839751571 0.52449480503024648
-0.92836487096344955 1.4016796675671999 1.7284866567555899 -5.0258401904395367
-1.1055743638348776 0.11688838718276084 2.4569120204267971 -0.54550454648966851
-0.082951036351067042 -1.4681109412323106 0.083521812016179448 1.4984166023476546
0.59747465375533926 -0.20613489643376193 -0.81075874297860884 0.42689050522822963
0.23848290861977972 -1.8687137388294341 -0.25204640886529561 2.1875579621170109
-1.7211531358724566 -0.73832192105978711 6.8198423102683092 7.2998658784226498
0.43331094353653965 -0.68987314413066247 -0.51466870163973222 1.0784615231177148
-1.837208555793977 0.93583037357752241 8.0384034062582295 -10.412054194605293
0.98922847706990336 -0.17889259421301151 -1.9572607356247591 0.70407097118725714
0.57513661828136442 -1.273255566207605 -0.7653815337380997 2.5367661296898341
0.34464179170572562 -1.3216154624784147 -0.38557764223722824 1.7925518462905139
-0.87298925330852617 -1.0808580760559292 1.5383032995153181 3.5520570876040662
-0.25562599178732937 1.413163542385889 0.2723297821578215 -1.6901915637485347
-0.49864613264905921 1.7654424113882778 0.62263347908947919 -3.0823634033462919
-1.1649141048836227 -0.1708398802096589 2.7457315186710218 0.8663417798070433
-0.90586819802982355 1.583296947833849 1.6492210978380006 -5.4810440372762557
-0.21516500777339287 -0.50517249905983475 0.22512628279264049 0.57533486766294029
0.28031889817045741 1.2847416005772656 -0.30234598847725591 -1.5876015159256205
0.92036761165004499 1.299888963034423 -1.6999894241832954 -4.6032053008485834
-0.2966619928555505 0.26849655293382435 0.32277072179602662 -0.33938635908517806
-0.29950858098150723 -1.2999671405268725 0.32637611507122666 1.6498093188293768
0.96272538268080243 1.3029763749381846 -1.8550179327670189 -4.9259288800177128
-0.94801296643276745 0.42728018212103125 1.8000193178659081 -1.5793069219402454
-1.9742571142881635 0.76108477209372838 9.6693016030231309 -9.6605049214367344
0.51107532768123454 -0.75198358049135194 -0.64456717629865679 1.3412333809768269
0.65447400825215007 0.97519733088010874 -0.93480893592904279 -2.2283343681464443
0.58522234921039562 0.69732861588188655 -0.785652341362717 -1.4138028031580869
-0.85960021813513965 -1.6292939271583919 1.494769594419384 5.2410110451764131
-0.43600203563576212 1.2099679974902373 0.51888505253982975 -1.9000046702075868
-0.022605096868107744 1.4628664702127097 0.022616647855698252 -1.4651090024003739
-0.41320602896191394 -0.75836933437704301 0.4837565050256627 1.1468195056404942
1.858082255889264 0.26304988583123023 -8.273054888062795 -2.9875651431433066
1.730085449276562 0.32694804850667936 -6.9085697105918484 -3.2628064897776983
-1.8411977235612653 0.53588612698899363 8.082874682616854 -5.9858625994264054
-0.52796225361970972 -1.2693372760810417 0.67512863861587358 2.3307982630038619
-1.7028638413557831 0.06614223350588766 6.6407351974937541 -0.64152911822535863
0.74612570311657489 -0.92547793199699502 -1.1614965418686827 2.4711285237985345
0.76929344258201482 -0.54848193892250352 -1.2245708417559338 1.5222771781294868
0.50185521444104353 1.5035584401229936 -0.62825179438807488 -2.6396110651437841
-0.17667651414474284 1.6691425782170555 0.18219139921129954 -1.8254473851653386
1.0514163755086741 0.65946566904144932 -2.213732359621714 -2.8465368597384018
0.1996645086974862 -1.5197863006288506 -0.20762431723607194 1.7015493197776337
0.48288293074206612 -1.5193106296806929 -0.59547960468897021 2.5821106130928211
-1.7335744204678742 0.19382642801431382 6.9434514251312187 -1.9413346485185206
-1.7830738163146549 -0.17686707867169549 7.4520935383627664 1.8638353039859397
0.86798867678365088 1.4726355357404963 -1.521935115568658 -4.8011055606983888
-0.83598136861288941 -1.4126166625347407 1.4202193612777032 4.3743010527989412
-0.41453186293626443 -1.6859744539957617 0.485763635960892 2.5551111383148504
1.668806567428653 -0.51951323752059908 -6.3162916090835051 4.859914421413758
-0.6417705263101432 -1.2979821111804002 0.90609617333598491 2.9017794840746718
0.46697680005168474 0.85102572699164325 -0.56880918484515874 -1.4077684556918739
-0.79806034435236439 -0.14128851910379492 1.3063452276450827 0.41124862532189799
1.4690940487353563 1.0020087027899494 -4.6397476572258238 -7.4897264468813267
1.3596342948266069 0.23472154761836395 -3.8730616155718911 -1.5364441199226635
1.5628724363808812 0.43735544046743247 -5.3802981577793449 -3.6421696062994156
0.58116502473464449 -0.19314749607340875 -0.77745513094989582 0.38885581078197196
-0.70240620820568367 1.9883860597570533 1.0489555068592453 -4.9314428824818304
1.5080351683098718 -1.103433108983741 -4.9375636108675049 8.6316167573015736
-1.0528776270168851 0.72460038201121169 2.2200464865264382 -3.1343704628944549
0.04268728783555753 -1.3667976562419737 -0.042765072805369404 1.3742694109366698
0.28781786343216176 0.77945071402237431 -0.31166044268177345 -0.9731577535921242
0.71938332788205761 1.4606129981823992 -1.091673100584245 -3.7282688918772422
-1.9368133515072206 -1.2085597992841022 9.2022766088659438 14.809374987572124
-0.97136500335024945 0.96496331783717926 1.8878964228616848 -3.6964366458551807
0.81698952860121299 1.502907839739684 -1.3623070732394496 -4.5123540478970598
-0.46859151113244657 0.26122378875232632 0.57148389998135607 -0.43330078338631195
-0.52587562956029066 0.34113098840000333 0.67130399901954974 -0.62414537788513269
1.7078530559428882 -0.07067837777128938 -6.6892540547564927 0.68913441015526045
0.8500224593536303 -0.73609656449926852 -1.4641961412889128 2.3316701836558895
1.5194301649860478 -0.54298479641517172 -5.0272900050387701 4.3036997111177007
1.4659193098470289 1.9178043436412842 -4.6160617873022485 -14.281425354233528
1.191788834073503 1.8494744677250252 -2.8845587673327175 -9.7302366005470198
0.6385004345144818 -1.967407216893712 -0.89880608257136818 4.3736414944384245
-1.1760872017910153 -0.78656765229503822 2.8028287985715217 4.0504641985420218
-1.2763593059462264 0.30969777353881467 3.3556674161452431 -1.8232772708554568
1.7527007581371712 -0.11025938326439588 -7.1369272872182226 1.1263966109619046
-0.4612830100333043 1.6711498324476826 0.55943573855277651 -2.7379217203246462
-0.59552759035476655 0.9695153039025981 0.80673330288523548 -2.0010401596089085
-1.9957537248197124 0.36941965767322893 9.9449065312097389 -4.7836516423246431
1.0660449275988069 -0.11477653622032591 -2.2775535912934348 0.50609053552706795
-0.29097885164483372 -1.2411267631262466 0.31561565044368456 1.5563805024357911
0.65550958928788594 1.9592834486353254 -0.93717735432656368 -4.4849535489945289
-0.14569478816229475 0.68288161587872676 0.14878744724883386 -0.72636814125859073
0.49039189730798594 1.472253689462609 -0.60832340676686214 -2.5344149987614135
-1.7728644213022533 1.7811527829997225 7.3450628493669559 -18.575900229536753
0.59251800187468673 1.378872159568052 -0.80053778958758404 -2.8311454728296805
1.8598855419970328 1.6916959154506856 -8.2935536783758774 -19.247308659218142
1.8368755526551563 0.1582535862333514 -8.0346990225467412 -1.760149462413666
-1.0229193318802987 -1.3853153420102049 2.0932652542708885 5.7339474814190057
0.57884179171861927 -0.72764539665241257 -0.77278726048415158 1.4590552373093675
-1.662598377466844 -1.6384688336524489 6.2584082846488585 15.225799484934255
-0.78579019488741242 -0.40396762028084376 1.2709891043950496 1.1522767113534707
-0.6068943495062582 1.4566316083064734 0.83042613237482377 -3.0661545540334276
1.3733153092888779 -1.1192738041546426 -3.9633810318842895 7.4521079932114498
0.44988606500591732 -0.92927487249955432 -0.54094186702013003 1.4935235260291262
-1.082720486888427 -1.6105038883368681 2.3519760141413362 7.2744060311930179
1.4966153107583082 0.22852023420528189 -4.8488201721471604 -1.7640784391534654
-0.34105064997131462 0.016922521099016929 0.38072014248381214 -0.022827577935177444
1.5461012700923207 1.1014951841014891 -5.2419467954629102 -9.0006337323849213
-0.92875542996704574 1.3620812806209139 1.7298874637579986 -4.8868206619168166
-1.9960307594520463 -0.53534174317946537 9.9484943395648955 6.9339691622041233
-1.6461438117493179 1.9617823668245307 6.1068469442993605 -17.909833843158577
-0.94779094130684749 1.6083314780901068 1.7991988119449456 -5.9426609784949749
-0.95926601368520892 -0.5916461668519899 1.8419742394860714 2.2249291064949928
-1.3796294691797861 -0.2103205881850041 4.0055851208402569 1.4112789966770611
-0.42521490443862353 0.77832926599662899 0.50209703967572294 -1.2005130742030685
-0.52681259263150793 -1.3552107208427269 0.67301968576892002 2.4835517448869275
1.999224743520339 -1.8870804695680219 -9.9899252714341156 24.514493850578276
-1.873218185316643 -1.1733995437940137 8.4462403365286516 13.525587752360392
1.597565471819625 1.5343405474723664 -5.6748967302168865 -13.28224343894483
0.78079487410924076 -1.47338210884535 -1.2567991573057962 4.1680829240716397
1.4934929954680611 0.145553078309415 -4.8247609743495961 -1.1195308146720089
-1.6571976536384985 0.36962619557147613 6.2083663033927508 -3.4149439638884456
1.9582028716281767 1.5059341795570247 -9.4670463112263192 -18.829712244336367
-0.72353054081097135 -0.037219221465807362 1.1022962056791739 0.095671611665835377
0.025768570878878183 -1.5431795242794242 -0.025785681705861506 1.5462536269879057
0.13521039102448107 -1.0816311219440777 -0.13768228709013258 1.1409537752082572
0.4181490369644898 -1.8964615682552379 -0.49126181782541978 2.8912426161149454
-1.9764918022404561 -1.3204563782280037 9.697696249835964 16.7956235135626
-1.4493443283353469 1.2785029435449138 4.4938355491168647 -9.3353688889268103
0.78464641360699483 1.615796477935822 -1.267729666667659 -4.600188703436368
-0.90892387541393793 0.005386089570286412 1.6598246193190447 -0.018735123877122218
-0.35100206937772738 1.7278493057441846 0.39424638523045286 -2.3664751228738137
1.0106405727504515 -0.85906071881160928 -2.0429031611118562 3.4913800568727904
-1.3031903306396715 0.47142573914581254 3.5164050344720623 -2.873299862468448
-1.7148427237664063 -0.65720859488205852 6.7576559716578224 6.455140083818069
-0.15010844811735868 -1.3196733606480797 0.15349077365900321 1.4088801635361787
-0.1410875581058626 1.4451075682763412 0.14389600457753829 -1.5314051973331633
1.3806966561372849 0.16599502170063962 -4.0127508015841915 -1.1153155325788999
-0.11547365793961717 -0.42805702319083405 0.11701340282602361 0.44518037299135133
-1.253826747634827 -0.92652424734643679 3.224944598202439 5.2962391693801072
-0.32602545142682615 0.51217372386685023 0.36067954268787883 -0.67549454643501061
1.204093182453315 -0.74271129975532624 -2.9498361141427445 3.9731498257636755
-1.5897940697731436 -0.91670807438812307 5.6079114354274857 7.867496298412787
1.1508548060572212 -0.23414868344239981 -2.6751237706060618 1.1645151450917994
0.5691201481447723 1.2734523293286424 -0.75345687963853503 -2.5108573352845025
-1.2708146878228619 1.1573900936005557 3.3231422470909728 -6.7648408305519458
-1.9412888319304207 0.36914317488214365 9.2572344451619522 -4.5426046606434358
-1.3748846449323366 -0.83776429141364028 3.973839795296914 5.5886613822779392
1.6934461336816784 -0.27491923273065666 -6.5498428923275007 2.6401262106814349
-0.050578222305570186 -1.5537047943804327 0.050707609317340606 1.5656286547706062
1.8658422031852266 0.013033361848119096 -8.3615239138726292 -0.1491551143324481
0.57302394033254789 1.492283633734615 -0.76118003923412381 -2.9622864410268788
-0.80760050025084062 -0.71605188376602857 1.334332542044895 2.1171188865083908
-0.40663471561002096 -0.65162433228484939 0.47387249450084223 0.97486608532838626
-1.7071482889122747 1.3856039771004816 6.6823849190205129 -13.500030778452979
-1.6485185454914228 -1.808094903952628 6.1285546263431918 16.549203694264623
-1.1672923322986017 0.90883987514688958 2.7578114669380782 -4.6239175084368798
0.019594995236894786 -1.0362025137443167 -0.019602519006478077 1.0373961066277222
0.9371725391074861 -0.83277873951512271 -1.7602840277583534 3.0270483731043356
-1.8658760371992411 0.63977968336991653 8.3619111201669103 -7.3219458921915441
1.2321398519150817 -1.4579866892380178 -3.1027359039857187 8.0983955858933765
1.8292595322048291 -0.64729359622346161 -7.9503102841272231 7.1451965194394713
-1.9302186645635029 0.59365065076577173 9.1217194523159009 -7.2290218670065149
1.243541376799135 -0.61573054207637812 -3.1665477379324658 3.4722187247326568
0.68428838206326814 1.6527562752484006 -1.0047068205759964 -3.974468577423254
0.56620869443704658 -1.4730159749019389 -0.74773083394497841 2.8897286495072434
-0.044730172471203478 -1.0070114697274932 0.0448196680782516 1.0130559201158102
0.69037741888767101 -0.10074324242751986 -1.0194257811998777 0.24479227138420417
0.25719467533409102 -1.5195122268314369 -0.27420787189462553 1.8210553302137811
1.281163078101403 1.0854580532876756 -3.3840370357213461 -6.4304016706063818
-0.092457452218231317 -1.1172342069453003 0.093247813697143078 1.1458858361728026
-0.67505002458614705 -1.1285573124579895 0.98266528200994196 2.6713827426271308
-1.3821964326739229 -0.14250120398344901 4.0228370750931379 0.95923273780257656
-1.970578007645746 1.056234439522779 9.6226825519446564 -13.360872454091941
0.98878065620959532 -1.434364013430979 -1.9554988336436083 5.6414419618096652
-0.65583460938083782 -0.41576604415696972 0.9379215585966344 0.95225271308017811
1.2861330373691198 1.7033836210360258 -3.4135748116606934 -10.156279319405472
1.5605918579519065 0.47759023968424863 -5.3613305340790198 -3.967027313303817
-1.1337129997862383 0.24651673127782114 2.590880175041689 -1.1970644158427153
1.9264779826418184 0.21229049103878328 -9.0762492742504186 -2.5759226819904124
-1.6839837759955527 1.8208692200621872 6.4594272545042601 -17.311739440036632
1.2087190642610119 -0.89677600409065672 -2.9746597642037136 4.8273500088712193
-0.70117186667673082 -0.61388758265867116 1.0458973961709832 1.5193263147556784
-1.989549068359282 0.40459307379670228 9.8647920790322559 -5.2091020360387672
-1.9530381331035449 0.18312879092427226 9.4026246615035856 -2.2786850691784433
1.5279841880501706 -0.58805124017574428 -5.0954233887338365 4.7068838746101402
-0.86727300053436007 1.8457042542572912 1.5196031919014121 -6.0105125971140572
0.55877853644171216 1.2147328528031984 -0.73324788821870079 -2.3525735513402664
-1.3113080450232877 -1.1029779470579748 3.5661399796131277 6.79278494766361
1.9477938511122415 0.9659454321062908 -9.3375306694311568 -11.960049125441392
-1.5964014401707263 0.66951749410946615 5.6648266123195317 -5.7883085907980973
1.3442414091646571 0.10199431703227679 -3.7732654263517236 -0.65490090955113334
-0.68128183950472376 -0.13437324557401453 0.99749536132141547 0.32147923353835556
1.7329243297671826 0.50057104480292036 -6.9369424178025962 -5.0102557322776944
-0.17272893287774993 -0.93301584650898262 0.17788234968888986 1.0165262254886707
-0.47434882376658694 -1.3890250873310048 0.58108053782092084 2.3266453849303508
0.15238627526003024 -1.9004281058894139 -0.15592492486759993 2.0328209180303616
-0.13422561475638561 -0.91846898550312339 0.13664389264617818 0.96811181807573621
-1.0990324053527387 -0.10818860377711292 2.4265231254673045 0.50022263344753159
1.7538648013020701 -0.33712895123450659 -7.148826138609973 3.4481971297743486
-1.3054829047743506 1.3511018376995558 3.5303986395633151 -8.2590921154878867
-1.6520913158350807 -1.2199169669884968 6.1613187963942 11.208861994699031
-0.86023841700608417 1.9922434283344108 1.4968235633268214 -6.4150844079781457
-0.29425710520249293 -1.6230112623363775 0.31973601695825754 2.0446074787120931
1.6810247641017444 0.91474276214263694 -6.4313389404931618 -8.6695045066780239
1.5809955803160594 1.4170281385253203 -5.5327683795998759 -12.042813542412434
0.94333287060041204 -1.982581379987832 -1.7827830056441574 7.2753415255345084
1.0381998755011645 -0.24863938660985063 -2.1572329358925524 1.0526339746390991
0.29773440800237472 -1.2224399070491176 -0.32412730615033236 1.5475323158360341
-0.04219974320748987 -1.9031078846769964 0.042274893283579099 1.9132751528736025
-0.063885380291051952 -0.72014764871286063 0.064146118364996674 0.72896515484771174
-1.7849408630860473 1.5102876179625611 7.4717872362722328 -15.945679580185264
1.4955564254565425 0.29168553339089254 -4.8406510636445041 -2.248915024384555
-0.87572013671843552 1.0669938417389022 1.5472974374338975 -3.5217809845818664
-0.2461846792722544 -1.1292554001088666 0.26110516860162042 1.3345773949291049
-0.63189053769885639 1.009991963163074 0.88419536280489208 -2.219817860631117
0.73591832549264113 0.72267982009221532 -1.1344738679592425 -1.8968374857558854
0.34461090148480444 -0.37900423260676286 -0.38553574577015481 0.51403207823866692
0.39476923562874955 -0.93372851332795337 -0.45629115868723891 1.3702729694555007
-0.82420957825528118 -0.33065684913044979 1.3841128066586275 1.0045236987989032
1.5310755388764448 1.7548419281173726 -5.1202110366262046 -14.095902765195953
-0.16039176115267262 1.6629359510857755 0.16451792213818847 -1.7912756125522493
0.6034705248981278 0.41335717364203051 -0.8232404137665158 -0.86496229617686515
-1.1741517491395279 -0.67521836257243617 2.7928753108380349 3.4678519559435199
-1.1903962083570336 -0.70699386619642324 2.8772389808048091 3.7125162754226841
0.28226455844255893 -1.0687607746583794 -0.30475350191036327 1.3242158070703598
1.364482222696799 -0.83728261466607057 -3.904891238552926 5.5138704098078897
-0.69187943743522995 1.1296237521609327 1.0230801563927787 -2.7518667845053457
-0.76407660855812587 1.9354863756229403 1.2101545143368597 -5.3253730679943363
1.7604070090716424 -1.1994318804057462 -7.2159661377057347 12.350668231889772
0.89473354278954753 1.4196240597096459 -1.6110107917431309 -4.8290561444850253
1.3682886983981621 1.826543945596673 -3.9300179038105947 -12.085587177954061
-1.3403884179778753 -1.1251865423533003 3.7485853544911669 7.1898557411271291
-0.27007505734483317 -1.5313600421345139 0.28977447694979108 1.8664547117369339
-0.55278535083759239 0.23240781963003254 0.72170087932778459 -0.44545953826861473
0.56320517009021076 0.53592572139647121 -0.74185388587187906 -1.0459127401582571
1.187256459742549 1.3991424701088104 -2.8607869284530816 -7.3157433895978174
-0.25688707654800202 0.86026882154987128 0.27383930393488437 -1.0305787437856866
0.26179922329907868 0.19136050048993791 -0.27974263662807991 -0.23070737683127329
-0.80944133939282592 -0.14792607947770131 1.339783485952434 0.43868748751697534
0.53354455293635317 -1.0881629798999217 -0.68542856875934355 2.0174643607172857
-1.649384671169194 -0.37926949426819201 6.1364858469269752 3.4746431025123488
-1.4494626422440628 -0.0060810727338647119 4.4946995141204322 0.04440901517960464
-0.336133799757524 -1.2601231705859983 0.37411219017778974 1.6872517406791663
0.48059887520764022 -0.30319966237235763 -0.59160533442412921 0.51329454206417324
0.53794102152553691 -0.42680388553792348 -0.69361068624287947 0.79733010553131856
1.6754961900817693 -0.031021204117747558 -6.3790956722765273 0.29227751819777126
1.5952739513535477 -1.0687448531287731 -5.6550850027618464 9.2282879125258539
-0.44104963573737077 -0.54341194107741142 0.52684471962049551 0.8605332078700898
1.1923007870137123 -0.85312645280198129 -2.887253130890111 4.491491947187197
-0.42070671494376066 0.45101951300386522 0.49516933814693953 -0.69050294548421576
-0.80622648533945274 -1.8485765645189716 1.3302746244737951 5.453307218867212
0.38192929610950088 0.51065965430007365 -0.43764131765449582 -0.73412940604990018
-1.7869265535405745 -0.99968274567010962 7.4927733605193954 10.575963188319145
-0.52110845745129719 -1.0141375543180411 0.66261755623528396 1.8403169569117219
1.542129321477697 -1.1395916653563973 -5.2095639747075744 9.2699953335557144
1.4176194660276757 0.59703268085344519 -4.2665312676048357 -4.1965038178646754
-1.3923966988208534 0.18860006695348375 4.0919316511322421 -1.2855557115201965
1.4935908681855796 0.33640252456206765 -4.8255138115382881 -2.5877565874422741
0.23816450489662211 1.2260107273505221 -0.25167375086933547 -1.4346372876536941
-1.9194965569998126 -1.3941757273601922 8.9918183399445013 16.804559241577468
-0.48252749350991797 1.87636512052091 0.59487571221192403 -3.1870030536572496
1.4693378937252031 -0.19959288922366714 -4.6415705903639317 1.4923283966568983
0.42693234610214326 1.0273698730525753 -0.50474982916240752 -1.5891497786240822
1.9940125105208888 -1.5082674725206777 -9.9223775223014492 19.499270529591573
-1.7591950425434764 -1.2354080708811557 7.2034941545802722 12.705309191527039
0.35742401550146852 1.7039532023386008 -0.40308562218681671 -2.3570031169583281
-1.0899727488681519 -1.0306353086537334 2.3849046200872666 4.7039450592837699
-1.6256795542255515 0.72110535346707882 5.9220807744153907 -6.4383906188230124
-0.18790124155068755 -0.97035149021108724 0.19453544749464929 1.0731317311125925
-1.9599722624780975 0.98524547152376751 9.4891885976095516 -12.339681103585074
0.68689601208814244 1.203176619113413 -1.0109915001612977 -2.9062471279566036
-0.97407559395467525 -0.060689059153387959 1.8983011771643548 0.23343863250866703
1.3109173300276526 -0.88680106879444365 -3.5637343280538567 5.4587152754800465
0.83758360613632021 -0.28253109021563505 -1.4251872836739046 0.8771570108275184
1.6318819300399512 -1.5400703043766244 -5.9776465551952498 13.843870461379842
-0.062854244015203342 -0.59716957726615494 0.063102559510864353 0.60424721196986664
1.8627620376783844 -1.2171721354336076 -8.3263272644009021 13.887504679889156
-0.18266057069704589 0.44643688458054331 0.18875501946568576 -0.49112282929961321
-0.85902544042821383 0.76270582006684462 1.4929215371219369 -2.4511642271599485
0.64227833680255442 0.96081196777589595 -0.9072319352636512 -2.1498786405242076
1.6827139725864915 1.8179698162191769 -6.4473628641228853 -17.260857931745473
0.90447545040956179 0.97070204053290299 -1.6444049646187255 -3.3530257032750548
-0.43490587923643664 -0.60211781119096575 0.51716533579177415 0.94377714229371634
-1.459303443016299 -0.78557843282826356 4.5669872252183108 5.8044030652884766
1.0335308630396791 -0.8229463519157969 -2.1375341078661707 3.4601257782594983
1.3515606088027914 0.12628318284418549 -3.8204781050072487 -0.81833374477179111
-0.82364775044870253 1.4929637608284674 1.3824067741561032 -4.5314239750763257
-1.1925348922893169 1.5589018801994015 2.8884858311641644 -8.2098295581206227
0.6600991742113842 0.12658024181835881 -0.94772479454613445 -0.29204501740434952
0.38639125200444235 0.046612733964261466 -0.44407877027977183 -0.067490325745729815
0.82757447634667924 1.9623365926950473 -1.3943632814234375 -5.9942289878373742
0.064105900559755735 1.5135939265400586 -0.064369348020287959 -1.5322545711644464
1.0439350908515106 1.8050986679885637 -2.1816160475939679 -7.7066908194795403
-1.8492065911431879 1.6567491126392335 8.1726887589181789 -18.652833033865132
0.48834287821866607 -0.93651716789748551 -0.60480228554634696 1.6065355454975534
-0.70198267053927577 0.66800732841394295 1.0479054590890358 -1.6555486204480068
-1.4714972557031833 -0.38466293806549912 4.6577364048328853 2.883399733665958
-1.3885003877081297 0.15575995224681671 4.0654365592587762 -1.0566443609362703
-0.73266506400099507 -1.6101935826128799 1.1259582753680026 4.2032401306635441
0.084635565466931517 -0.034701758454227072 -0.085241825167220647 0.035447483170446485
1.1042700089905355 -0.68717555880215286 -2.4508303883045257 3.2010264473954542
-1.3142875152956179 1.7264598695543949 3.5845242534630519 -10.673069900965711
-0.19013689680891055 0.24898831470320415 0.1970107334181008 -0.27599262088877652
-1.8024161792711118 -0.98307719131080207 7.6579329806720438 10.564257848137201
-0.48333659596993739 1.6703736841708468 0.59625091958689613 -2.8410430456986653
-0.87322652332339024 0.72864026366238255 1.5390831947050754 -2.3954585552681329
1.7347732451637752 0.52106789379211405 -6.9554661385509098 -5.2254327858778336
1.1513521430713558 -1.3991911021009216 -2.6775980807826256 6.9635436292953834
0.022871390672356107 1.2607706167102739 -0.022883354708510672 -1.2627491459729263
-1.1279122271313389 1.9090214658127 2.5628263628201018 -9.1949125681589639
-1.2646616115081919 -0.42412513636566374 3.2873221778497306 2.4591229113783806
-1.4490909594915919 0.83153525030760056 4.4919857803763286 -6.0698695797795628
-1.6518565030472163 -0.83947925766552922 6.1591615587716291 7.71136388312466
-1.1581871030419286 -1.7397124783213931 2.7117762319952519 8.7406496845614967
-0.89768390056460445 -1.7362189359635205 1.6210702501671082 5.9335441104735622
-1.379698464387352 0.86010517544260701 4.0060481075219787 -5.7719108610095748
-1.1487144279145518 -0.19632348584865644 2.6644946203406512 0.97349641218951499
0.48789506908699654 -1.5852515453232403 -0.60403439120316915 2.7173189806550839
-1.1511782111043254 -0.43459419023931201 2.6767325545221592 2.16238155143613
-1.7250736666077966 1.4105823706826275 6.8586844322912004 -14.003750391603875
-1.3403731883906618 0.50438431915169657 3.7484880395291436 -3.2229153524878322
0.069597567851771291 0.95798104765123338 -0.069934686043860911 -0.97190191509568746
1.0079627932069211 -1.208239067745037 -2.0320418959441211 4.890911847119229
0.47735142274953102 0.45520938042581927 -0.58612280911882997 -0.76638739124242972
0.59597176452621392 -1.0515277823827338 -0.80765041287549089 2.1719800903210538
0.73614958257284302 -0.93168973856721049 -1.1350809728242073 2.4463830488202349
1.5001018961553094 1.2276594998255725 -4.8757897419274254 -9.5154870059354657
-1.5803342138504615 -1.082931109696637 5.5271497377094452 9.1966502411833897
-1.4056010300919861 -1.7511956532386868 4.1826670232057772 12.130782303611845
1.6677248753704754 0.74628637401965703 -6.3061785110784703 -6.9732392653024657
-0.40132929829691122 0.48636201679614866 0.46596948426909846 -0.72137001159436742
0.97260092938352649 1.6392446569521826 -1.8926352760152065 -6.2911877346266207
1.7072643703934101 1.5581798386594801 -6.6835159775467101 -15.18330151429608
-0.48181492679049009 0.29915446611930641 0.59366615346769869 -0.5074966664593954
1.3952356814434324 -1.0403688766904362 -4.1113167148583232 7.1161728673338907
-0.58565541164093249 -0.35555481747387896 0.7865306855544838 0.72141246993490016
-1.9415926412200295 0.74076066777636429 9.2609736012121271 -9.1182793282711003
-1.5457204972491843 -1.1669680679315158 5.2388360635658948 9.5315099331824236
1.7066716941266566 0.57975330649226242 -6.6777425878347501 -5.6457448454967745
1.2715397143828961 -0.82518532362234698 -3.327381966462299 4.8276970066851721
0.041244328217291848 -0.93302798947284904 -0.041314488721719299 0.93778949612473117
-1.6761739880492517 1.774574052342988 6.3854841010252406 -16.731886820302595
-1.1593892331678162 -0.32477614032789592 2.7178209875575274 1.6344522241022403
0.023482934192217808 0.78492981057781641 -0.023495883813968343 -0.78622835496726518
0.29870616106571513 -1.9010987393885967 -0.32535832900481609 2.4099774584303275
-1.9847131161726237 -0.88165195675897801 9.8026690707732183 11.300361002005616
1.166694845617692 -0.085242250887824333 -2.7547728754098841 0.43333158980999242
-0.25630647718406907 1.3458823143577239 0.27314402121596842 -1.6111274963608102
0.71816270686605055 -0.25828466710623976 -1.0885606337775708 0.6579215641542524
0.1095700716321355 -1.2089242036033649 -0.11088552614958724 1.2524657870265992
0.87816290911496431 -1.9813955072121581 -1.5553758831145545 6.5653743914748759
-0.24379688348846029 1.7896553821155061 0.25828741944581163 -2.1087701955791434
0.43042137013381598 -0.12286410932345726 -0.51016233326495786 0.19115046607653705
-1.419654572545952 0.094021872305054988 4.2808535210534444 -0.66250230559839018
1.7075902849109994 1.787345823770941 -6.6866923157517384 -17.422320969023268
-0.48919641323747776 1.5970147220963375 0.60626753842849224 -2.7435745009698969
1.0052669398485659 1.0040829542700078 -2.0211511274687322 -4.0481460459762806
1.5954116938553908 -0.17676978457885406 -5.65627445832496 1.5265865851782376
-0.35498174138057692 0.46419146163092151 0.39971371360807917 -0.63967259614642913
-0.98526743665605698 -0.10263331780028784 1.941717694212642 0.40152778926623062
0.29004771885673142 1.8161985255373319 -0.31444876030546109 -2.27457622637333
-1.4995620340105713 0.70410116026579983 4.8716066266618547 -5.4540090459779442
1.2984026487263964 -1.6051661457823765 -3.4873140246647911 9.7233714811319842
1.6302828656450443 -1.6687601645794956 -5.9632848941280709 14.974563710481965
-0.49613870276162908 0.36422563772708072 0.618265036686935 -0.63319200706867707
-0.77420716641066667 0.5235739614005932 1.2382644153488815 -1.4650595327742515
-1.2796539926462467 -0.030837939635815381 3.3751057569886354 0.1823306448277659
1.4885857569968337 -1.6725095126044072 -4.7871244118664675 12.790788561087624
-0.30984835298495073 1.0057453960122658 0.33959565453406459 -1.2954181790552302
1.0765859007508807 1.3190691364515996 -2.3243890105421023 -5.9056197387192206
0.59145707919675417 -1.4468467652638717 -0.79836146794664042 2.9652609804841457
1.4133237606438058 1.8795433180178147 -4.2364154334082968 -13.142616728626487
1.5877750294812176 1.5883738399779257 -5.5906027884163851 -13.60138597364424
-0.54359963003675071 1.819710063294127 0.70423362391948796 -3.4328860793766749
-0.0085383995644408017 0.34572024119607603 0.0085390220502034424 -0.34579585463851703
1.7760481028101114 -1.9604566351816155 -7.3783198653261355 20.512337349793214
0.67790483566613258 -0.0079959323236029611 -0.98943936952073552 0.019019643550203889
0.20124099259264439 -0.98564576116330693 -0.20939083765253702 1.1053956212777589
-0.33024107373222211 0.25283986695392668 0.36625689006992834 -0.33556338261006718
-1.1642269272740395 -0.89081012625762179 2.7422484396773754 4.5130873037645554
-1.8496166579153854 -0.75851903186741065 8.1773065085841772 8.5433859537992465
1.0806292012051033 0.20803806456314389 -2.342544185008165 -0.93685332491568896
-0.71534612000192155 0.74885111072212585 1.0814030876063079 -1.8984575422662642
-1.052810877596579 -0.22827539450514189 2.2197577657096188 0.98734409407634793
-1.5840322774712297 0.90334223965900851 5.5586199443706246 -7.7032281557523783
1.3108373911670848 0.070127114185773554 -3.5632422885099753 -0.43162425294513063
0.71539242209745435 1.2146682624752567 -1.0815204754376937 -3.0796200539284828
-1.66072239766009 -1.2294077124165983 6.2409929138682401 11.401523001849558
0.19302440145074229 1.1720909844767968 -0.20021618558442736 -1.3031017574470727
-1.891380049096913 -0.97707504091326758 8.6574488705788557 11.463000871200027
0.47777112180603831 0.16314633928713018 -0.58682966389865754 -0.27486825652949637
-0.15742939767165698 -0.73620905735411224 0.16133113026454812 0.79094770687085392
-0.4731402487440457 -1.7736145736513609 0.57905822679189289 2.9647476677562254
-0.57744609420104265 0.99643981686329486 0.76999202484765483 -1.9932104269584694
1.7871793086083891 -0.99866387577592164 -7.4954476796331484 10.567890737207481
1.1420358305608276 1.3337154747195301 -2.6315313097418658 -6.552194046796318
-0.89882799408798864 1.7233822737771365 1.6249837268261522 -5.9003013040051551
-1.6249984974452341 1.6266751936214803 5.916002219405204 -14.512968912459156
-0.76232533844015338 -0.4094411618553262 1.2053430258762221 1.123268975990841
-1.0744410000634201 -1.1770659542717161 2.3148008997346095 5.2535636182495269
-1.0603592843622338 1.0180576646548163 2.2525867706279343 -4.4520531461060955
-0.91262406155885945 0.50694147484414387 1.6727328337164789 -1.7736097939153141
-1.6065273818083687 -1.6095686810577057 5.7528624644306321 14.072122072424083
0.27729554828456138 -1.2704527759770765 -0.29861758527019872 1.5635188700287248
1.6788229000325776 0.99634601141086687 -6.4104951408017108 -9.4207892882491127
0.45386114821615609 -1.1566027257582072 -0.54735197974975469 1.871348310460663
-0.44585097703672893 -0.18333250291089387 0.53447861359222815 0.29266270923760218
0.054555853462561199 -0.61072258079502939 -0.054718230294033075 0.61617573703494832
-1.6805807783156861 0.60655613464817248 6.4271320446755595 -5.7459397801961325
0.46197296623335671 0.68206925265802409 -0.56056678466039755 -1.1187689102128586
-0.40113767436057213 -0.98095874206318046 0.46568531268968288 1.4545011750899888
0.14609282305990146 0.11367605449698726 -0.14921089868359658 -0.1209546571093735
0.3920411403429096 -0.72318764180377171 -0.45229639570235053 1.0566413399913905
0.71038937573457428 -0.95665672758707165 -1.0688895516536809 2.4049959772254463
-1.2116242226671372 -1.9125062435126385 2.9903288764732237 10.335374552337328
-0.90743147807804903 0.29418215495654998 1.6546394927643016 -1.0208990562484646
-1.5477535269281124 -0.27838256747503332 5.2554605278072106 2.2790131130860969
-0.39977108429452368 0.73250326352172035 0.46366126762677956 -1.0837025095637349
-1.155099860017005 0.34408151574948365 2.6962984168486157 -1.7213596728892409
1.4257990927795308 -1.162984078131204 -4.3243104214142249 8.2556857270997348
-0.16093375541198229 1.7408727571059623 0.16510188715336441 -1.8761368658324127
1.4001933949747212 0.25949384961808075 -4.145330714520103 -1.785739266863356
-0.27159718133382516 -0.13579491291345436 0.29163155526637607 0.1658456599435103
0.002075219679383622 -1.3161418286958275 -0.0020752286163933683 1.3161588327351603
0.15257872032288322 -1.3667725886758784 -0.15613079350197503 1.4622290765245054
-1.88264669586178 -1.0955651189775599 8.5554216681577806 12.744792011898532
0.51492873640393899 -0.46232263604794754 -0.65146291658806388 0.83007940099873667
0.97221865457084755 -0.63151010490194714 -1.8911685860149312 2.4222374218820626
-0.62020485178384677 0.51502991817101673 0.85876916492308653 -1.1093549624909662
-1.2242828456270995 1.5622466417546752 3.0593218210064581 -8.5870534182645404
1.2793269730440811 0.74210423776487255 -3.3731726500321786 -4.3858601723901618
0.40717774303782273 1.3862312456160653 -0.47468525348740431 -2.0757165274056715
0.97916847722249312 0.22525320438225771 -1.9179667260255813 -0.87315186144849199
-1.9241522452583149 1.3711879311276371 9.0480601365788615 -16.601089640488947
-1.0462779200941976 1.1400890227208653 2.1916357289588113 -4.8842467839491803
-0.88225241603184212 -1.9180090448954195 1.5689706341022442 6.3967672651708689
-1.1076886910379122 -0.26079539299544008 2.4667941767305539 1.2207630774123048
-0.50261935907528876 -1.1786538823783483 0.62959418791623578 2.0719305077736543
-0.4542197056947912 -1.6253802712788956 0.54793229002690602 2.6314039014799704
0.35576484968912192 -0.66944094768579587 -0.40079351870249497 0.92363161506355884
-1.3616098830349288 -0.066900411528655557 3.8860093804229288 0.43899678217534871
1.4489078163337723 1.0945848195862413 -4.490649055519663 -7.988281743549849
1.1957378484917491 -1.0780285987153948 -2.9053906739178617 5.7020889025905506
-1.1849533554465963 0.38957094440884532 2.8487634898371494 -2.0305775268002169
1.0659215106214743 -1.7031665399503404 -2.2770094506938623 7.5085221010724172
1.6366523647631337 0.64642980924872795 -6.020640064823553 -5.8410705167925778
1.4021880679146697 -0.84757284571740232 -4.1590740258216474 5.8468915465318538
-0.98108231302731141 -0.6090178841937095 1.9253961185098021 2.367598142526774
1.072296715313473 -1.5575066667605553 -2.3052451879485574 6.9300647613920505
0.087085758156128179 1.5848545101024119 -0.087746210386724491 -1.6209127836432313
1.78338688246517 0.14068109296642062 -7.4553931715188675 -1.4829765621696429
-0.36311339484421223 -0.16703299717306441 0.41099038162413876 0.23310356943243238
-0.12991051191986447 1.9917613176335154 0.13210297799665038 -2.0926046379491097
0.50411686385756616 1.0443931689301089 -0.63223000437772048 -1.8406400220044579
-0.98987552599665651 0.44757225363234543 1.9598085810992163 -1.7632380477967267
-1.3818849216005717 -1.7460990500775857 4.0207405715138345 11.749182385559388
-1.8891245484139092 -1.3552042710109 8.6310162914866932 15.864528962032033
1.240496392723184 1.4277138440960488 -3.1494110698283375 -8.0187460978496503
-1.5361218494388851 1.2895584818799128 5.1608630105382787 -10.418357171819258
0.12260721400049857 -1.1896394628797005 -0.12445031049137031 1.2432893317877538
-1.6358359747233333 -0.34945335052152782 6.0132665237744902 3.1548222182038796
0.77766759563242438 -0.46081932581549712 -1.2479752083499021 1.2968841364192412
-1.5921456604491362 1.3416869927040151 5.6281199632781362 -11.544925979265921
1.1957797293711265 -0.78618243141750854 -2.905612203551537 4.1586436435875465
-1.1799925642935318 1.1291794424647952 2.822993504056198 -5.8459283642880946
-0.31991047656554095 -1.5414152875310392 0.35265098265962513 2.0146731547636425
-1.7836775718193909 0.29040848812870479 7.458457898228672 -3.0622172518180459
1.0780047419506711 -0.15405053583893702 -2.3307478256584022 0.69111424939316524
-1.677585816397984 0.48763516866732504 6.3988058014760707 -4.6046816074879393
-0.7796569624316807 1.1972344076869859 1.2535831255805869 -3.3805050121921041
-1.0875763690308111 0.61984148549779094 2.3739860148686889 -2.8193285887678172
-0.59574080675330565 -1.2760396793842426 0.8071734540908162 2.6346663394762397
0.09136614158772538 0.55383075350527777 -0.092128845290561853 -0.56770051179109582
-1.5592229931070003 -0.21650923587880744 5.3499690462153291 1.7956256323096689
1.7993360966207232 -0.76536923892745312 -7.6248853356270896 8.1992714361319283
-1.3851544630101218 1.6283113120561716 4.0427850715699831 -11.000803908543862
-0.97286209932711687 1.2355071870459438 1.893637808135523 -4.7435840460692864
-0.258184518981877 -0.92345636985076274 0.27539490430526348 1.1081270853972232
1.9466461118571265 -1.219364245498133 -9.3233273992500649 15.081454572282082
-0.55997759963041949 -1.1193862508164987 0.73557252620569158 2.1724205863928812
-0.21890414425267712 0.76186889163733085 0.22939381727603336 -0.87139293359495185
1.2450257218615084 1.2412704905467686 -3.1749264579178078 -7.0135098699135225
-1.5993249086512535 0.81740501962022627 5.6901423943771885 -7.0897791865476725
1.6277277520609199 -0.33081786209908692 -5.9403885812923338 2.9603212916715309
-1.0615408451560127 0.78387609586173479 2.2577582796342481 -3.4338530325552914
0.016746241523255101 0.34226476712907994 -0.01675093778237699 -0.34255271783715369
1.7013143104580069 0.15789292714496161 -6.6257181942003802 -1.5289421310491782
1.4906683244707555 -0.83001158632067984 -4.8030705628013042 6.3630980373493387
-0.72775969095635329 1.7409607839664889 1.1132060892204969 -4.5071777318322441
-1.9232118237801554 1.9531217572033457 9.0366794775393107 -23.625412253646477
0.20913586379617399 -0.71834980490550837 -0.21828300837189882 0.8126069457250058
-1.9827428190005421 -1.9867729040579687 9.7774383694171529 25.418389601712043
1.1178370417692847 -0.009088908979042909 -2.5146411066210126 0.043160310800458221
0.59686164156466459 -0.72739684024182916 -0.80948991227249201 1.5047887255044108
-1.5347867496083585 0.002712275236621764 5.1500849363022585 -0.021879140758380298
-1.5434050780558288 -1.1580810759733615 5.2199491337391457 9.4340732112963526
1.3608195460969972 1.664725143957325 -3.8808257843861527 -10.913088220108165
-0.88806010363009857 -1.8525729295241828 1.5884293683245501 6.2356720074131813
1.6083246017867205 -0.62971002557561784 -5.7685907555708269 5.5163379547705471
-1.0122989576898083 -1.4536956531781131 2.0496514842339666 5.9227159377351803
-0.0091193456886689006 -1.0508698301601145 0.009120104075942756 1.0511320089390142
0.25701572320635346 0.84009202854134424 -0.27399343190313269 -1.0065741125297611
-0.25616378071968127 -1.803082348809002 0.272973217924737 2.1580365046935457
-0.43325727684930282 1.6260406436966588 0.51458480958652808 -2.5417220234346551
-1.6248269661171695 -1.6532401189250212 5.9144719842824731 14.747212685600767
-0.12176443328438058 0.29847461356539329 0.12356978305627672 -0.31175068427789565
1.3917448862330013 -0.27815130816054046 -4.087490471716495 1.8944500317716635
0.91497736178641231 -1.1079347931463808 -1.6809813783580694 3.8905692180876872
-0.20220535752213165 1.139661611662552 0.21047292931184852 -1.279453667212415
-0.77682347343834346 -1.1045705074020602 1.2456012564569681 3.1042453293632404
0.66096627332432867 -1.5780345868344283 -0.94972684890134729 3.6462528634627041
0.74426415496449705 -0.78765909077666496 -1.1565337525743633 2.0965810410366732
-0.20703140524803088 1.2297633008918383 0.21590518591096633 -1.3878936548789726
-0.40302588628432545 1.3866683262780759 0.46848932659114639 -2.062377373452954
-0.48991852432448013 0.16912655759152617 0.60750884715314224 -0.29090790807328104
-1.9501963643189426 -0.38385394743530687 9.3673116158646845 4.7635497872684311
0.21390926007358368 -1.7067552917013615 -0.22369714278188346 1.9410441757056764
-0.73332765196489991 -1.2813550889682155 1.127688856465209 3.3485759346194555
-1.6206869842122136 0.44878772102340125 5.8776260422999496 -3.985180615564984
1.2088174241767669 -0.57208642963037626 -2.9751892712372117 3.0799524063454511
-1.8942093024549536 -0.43789599332722196 8.69068698728233 5.1514464067898738
0.93492820583373604 -0.95026615985658092 -1.7521403025264581 3.4421227411435509
-0.2915909262308265 -0.55850601458299476 0.3163835229558285 0.70096738572747608
-0.8995488183340079 1.6861588058569197 1.627452996419021 -5.7794176085460292
1.8987710546742829 0.47542121807257276 -8.7444701836883798 -5.6175745236998198
-1.0369225787256333 0.73787249354632012 2.1518304810574871 -3.1179726789790907
0.82645682067315418 -1.6890183013079652 -1.3909523472350225 5.1499732532904048
0.75284885030789717 -1.294142063608442 -1.1795495692067677 3.4946289820907457
0.97351542796146395 -1.4715880020925187 -1.8961474323729877 5.6556023968566311
-1.4697536356193606 1.6759140122168272 4.6446797969007854 -12.536720434110258
-1.1540767212298664 -0.89365196231885413 2.6911835182762172 4.4643985518790519
1.3793626486168864 1.3052484037248626 -4.0037950141734715 -8.7555070269986945
-0.5222651856987639 0.76811388275038706 0.66471872042376889 -1.3966482403837126
-0.011424232772474063 1.1217453592674271 0.011425723784444798 -1.1221845666414609
0.85228058150086783 0.3767422819222439 -1.4713620164479762 -1.1977189328988918
-1.2522209441230303 0.7397006812474034 3.2157751278777389 -4.2193798246274996
1.0569379637751251 -0.25251312190828701 -2.2376622392478422 1.0987738764589214
-0.45141447907946697 -1.6364017935565331 0.5434014789642031 2.6367752767170143
-0.25588425326682307 0.94506400726064133 0.27263872282068713 -1.1307031695062786
0.0010926056640467863 1.7669673114589068 -0.0010926069683853739 -1.7669736396074514
-1.9555217377685237 1.9495573502620021 9.4335644938081753 -24.315260997075157
-0.77385296573626405 0.4801376952005354 1.2372735858368311 -1.3427267849708049
1.4702918172675399 1.0830217256768084 -4.6487069566364418 -8.1067144553702679
0.76671312605696684 -0.3921554671173233 -1.2174246840427518 1.0837400854715402
-0.47754053909646554 0.43290180865371086 0.58644125532781943 -0.72906504398511662
0.33336753188282042 0.57378512090084088 -0.37041596960593393 -0.76508607511868731
-1.8199943560827263 -1.3097156058789783 7.8485062715219156 14.324540804906993
0.37540854699280057 -1.2220087122328462 -0.42831546559805517 1.7386675575701238
0.82086058035914267 1.060423688941833 -1.3739663655693941 -3.2040026029314914
-1.6069882139144962 -1.0701549303291933 5.7568924466900189 9.3608949058527671
1.6682568954047627 0.24974042825621234 -6.311151079343805 -2.3348840024367661
1.3952532736427719 1.2466781226179871 -4.1114370476384909 -8.5275215766733314
0.077544650814189264 -0.90688472565322131 -0.078010940204670587 0.92324448953848037
0.83840060521798687 0.34220687917861126 -1.427725448572513 -1.0638345147443364
-0.53298438578651508 1.6861150356012735 0.68439051569746923 -3.1230510449836246
-0.17002891288186106 -1.8467817922206509 0.17494442005507951 2.0069522419371166
-0.14094954187945952 -0.57619659265229695 0.14374975448261493 0.61053809399651593
0.76260310773638595 1.8202739007770501 -1.2061052401284387 -4.9960884824740521
1.1840284336289146 -0.27400486200182606 -2.8439455200605148 1.4264062890727325
-1.7473902942971908 -0.39844464530018442 7.0828243608393038 4.0482448206312442
-1.6606516209307136 -1.1812033388592935 6.2403365556744115 10.953642785510509
-0.89814625810077153 -1.5910842791336859 1.6226509370849018 5.4415083982344852
1.4256924771535213 -1.2863832102461692 -4.3235536367128891 9.1304870426329892
1.3914790480841388 0.33812143138867556 -4.0856801799518641 -2.3021477192663959
-0.43244691196802032 1.6680255422201538 0.51331895240511971 -2.6038395718774079
-0.73039272518683696 0.0038740682117079928 1.120037912774033 -0.010074206779724598
0.93227086474219067 1.8620843342423723 -1.7425344767456385 -6.7172586261113878
0.44777286533352356 -1.6889477387942762 -0.53755156615067479 2.7048525343477494
-1.2275815984532055 -0.54768474885809448 3.0774937667860396 3.0236961584447033
-1.9184822371339258 -1.8483188275054934 8.9795982593088315 22.256942010513097
-0.42035618316337064 0.80386336292011773 0.49463283519033585 -1.2299896934680248
1.3257109013353539 -0.84754696960418485 -3.655660264053588 5.316262252206001
0.92100070725572403 0.087045048672117264 -1.702232468027014 -0.30855092626204406
0.024464928218579818 -1.0776941707790026 -0.02447957127843348 1.0796292764256248
-0.47632872157311645 0.020694064066169471 0.58440249317273085 -0.034779833737808005
-1.4071819118105768 -1.0409441824749832 4.1936285590992251 7.2246551929583651
1.1714169819835694 -0.93380551239595322 -2.7788561522517394 4.7779589977651327
0.96736818643468769 -0.63490478094347269 -1.8726325040028649 2.4173387640989774
0.24225053548480924 0.49718312068507853 -0.25646708615052111 -0.58471517519068428
1.445341249110883 1.9183570852839735 -4.4646754889897693 -13.940766122890707
-0.74144633606866872 1.3151318551571745 1.1490510239792631 -3.4840841446441426
0.13864510616423154 1.3353969868898123 -0.1413102069291278 -1.4124058542706293
-1.4930539744345874 0.63675271122542121 4.8213850794614732 -4.8951195712400084
-0.82486959166097495 -0.59067248525583693 1.3861189812221892 1.7963706045654566
-1.2242889272025526 -1.6598289942043301 3.0593552491631311 9.1234992597791607
-1.0035286726724588 1.0421947798055635 2.0141520892197002 -4.1908834354168221
1.630102636166975 -0.51555657535880384 -5.9616677697763176 4.6254208931264937
0.76560960953122237 -1.2013394910747106 -1.2143778638480729 3.3138640187446007
-1.5963639892691601 -1.3235752040888205 5.6645028375415274 11.442484943769539
1.7781629280257194 1.3117555747024046 -7.4004712069065377 -13.754531393405204
0.74647317670242685 1.3376939270040347 -1.1624246051052296 -3.5738721999906273
0.33203630302896814 1.2890093991710909 -0.3686426767368492 -1.7153419358417408
-0.85370639228508249 -0.2485799466784977 1.4759000787055996 0.79208603305132419
-0.8369205392033332 -1.4569280391203381 1.4231298047447511 4.5183825348090849
1.5278755096317012 0.46851485173002283 -5.0945535583117501 -3.7496230832813024
-1.5347600999276292 1.35619488173724 5.1498699642969221 -10.939699486541533
-1.4503794144283546 -1.9356592312771101 4.501398197195412 14.151220096757049
-0.33770910542168497 1.1925858771780211 0.37622396432078536 -1.6006199755824815
1.8513700616382698 -1.0709852700352385 -8.1970725898132599 12.083619766814717
0.50001357859362816 0.84794132244653087 -0.62502376281541916 -1.4839318563023689
1.8228778913348229 -0.89783763226937419 -7.8800893180742664 9.8480680202572657
-0.54752870809305021 -0.22760794434788378 0.71167107261270002 0.43231012132872604
-1.9436775683211094 0.10496168907999115 9.2866630190993575 -1.2945604708407243
-0.10156703174743731 0.86039449352513886 0.10261478322439481 -0.88702162594736222
-1.0818599138380609 -0.91757745797932833 2.3480913388396969 4.1394328866863166
-1.5398965867044954 1.6450019223415384 5.1914248711962436 -13.347289788947712
-1.2199251503218744 -0.82781019277547818 3.0354389520437448 4.5236947225600783
1.4333777922210342 -1.9144699809217176 -4.3783555193687045 13.714718632125596
-1.3538026139393682 1.04793289179303 3.8350270231229038 -6.8098289987973093
-1.1597383129176153 1.8425941164601483 2.7195781727963739 -9.2774224301043695
-1.5447713035965025 0.91006704259724236 5.2310874589068437 -7.4251961760770513
-1.5455800195663492 1.6078240470501131 5.2376887676967776 -13.130219175903594
-0.39831062515327798 -0.65192428395734847 0.46150314519024421 0.96221029523841539
-1.0930283158260035 0.69308108857416117 2.3988811578747402 -3.1771756802156692
1.1706491611751644 0.4244318371593101 -2.7749295507966871 -2.1693807825859213
-1.6994290181580052 -0.23540450903368315 6.6074802681051041 2.2749908332537809
1.1713344082800954 -1.155437940077058 -2.7784336752056289 5.9113047190671866
-0.20823609524754039 -0.24640539010130658 0.21726568531743207 0.27845948227463962
1.6011566916664495 0.96244041635959254 -5.7060465073032951 -8.3646738464181318
1.0652959457617044 1.9018782545628534 -2.2742528578628729 -8.376948973576912
1.6702058948938814 -1.0996196319558709 -6.3293917680987111 10.302075935284279
1.8785752606849662 -0.9565929554708581 -8.50815191042288 11.084171743952876
0.36503809441736967 0.47399651826923872 -0.41368044639273438 -0.66348062277249131
0.0090081494756226732 0.68304980477445953 -0.0090088804577389669 -0.68321608660398947
1.5146342133401118 0.69021846403605958 -4.9893820083523011 -5.4405437865384325
-1.3806824509715492 -0.079652669682562127 4.0126553583408686 0.53517450627131669
1.1756813967051007 -0.072987682664400033 -2.8007396686620942 0.37564426410856416
-1.401046700454613 1.4078723140952918 4.1512059017182183 -9.6985445612597214
-1.0890217008431851 1.802138654927278 2.3805668778386648 -8.2139764160471689
-0.71520662330214524 0.81677948013979185 1.0810494828807746 -2.0701778586944535
0.89940148146622834 0.56152222192196444 -1.6269480484207346 -1.9242069847777779
0.36646397634014694 -1.6438166891764499 -0.4156785660547917 2.3060899477803023
0.13825065847017948 1.3373903707352945 -0.14089307711712939 -1.4140759784492962
1.5612255596513887 0.38168181488605768 -5.3665961567384617 -3.1726444919278465
0.077063589870290716 0.6109391093706682 -0.07752125487765886 -0.62182383920724449
-1.0432229363043302 -0.58128948331082197 2.1785771619357623 2.47916609690416
-0.72697826073673877 -1.5771803786363492 1.111184375274243 4.0777875271357962
-1.1957056909967236 1.8180626928038253 2.9052205848341677 -9.6159813813589317
0.20750362661420541 -0.8963522315453365 -0.21643826694261642 1.0121369760401768
1.7912045296265422 0.93434269313729201 -7.5381296227914012 -9.9276162919799766
-1.9950036899034083 1.3965141749505818 9.9351976227083334 -18.071059843919588
-0.99203794505140674 0.97587246229859836 1.968341458413589 -3.8570557424990985
-1.9189314007596119 0.065421393767925995 8.9850081241890525 -0.78812454126167553
1.7629286551299206 -0.47180626380129453 -7.2419653733105767 4.8708110148660753
1.2869120407869654 0.093818150389775035 -3.4182218949169543 -0.55994685713425718
-1.5398689014148235 -0.12681312669210021 5.1912002406019528 1.0289095518210269
-0.32444365675916575 0.19407475155482956 0.35859579210238485 -0.2553618229188615
-1.529889623298228 -1.1184317855146664 5.1106915367533938 8.9717094664352572
-1.1702279243236378 1.2007117103574685 2.7727771234980971 -6.133595851670953
-0.42587723144236023 0.17338896067779919 0.50311918806237887 -0.26773236476427004
0.6133805285255689 1.3027052930009542 -0.84415616434204588 -2.7730779000175452
-0.14951892935523992 0.92760737962161066 0.15286156111841928 -0.98981990155953858
-1.7166896119081754 -1.3755975016659989 6.775813765971848 13.537350853011521
-1.1401800563009172 -1.3972382966321275 2.6224261706900993 6.8465119213028709
1.6608904360659569 1.528261705633748 -6.242551442166425 -14.17565296957021
-0.92881213136014162 -1.7983292202325654 1.7300909037031971 6.4525417822922302
-0.035455947299488422 -1.5124439807150329 0.035500519828833677 1.5181479704979641
-1.8833691661797092 -0.48026828499295693 8.5638291684841619 5.5909175287291601
0.71363317943046445 -1.0432703672215813 -1.0770668006257065 2.6371965118031508
-1.0727902382238983 1.1745797833330753 2.3074418824029252 -5.2299770335333369
-0.75068635522141136 -1.5309837367227859 1.1737206399187261 4.1192495501731523
-0.94447650156275698 0.29833470555080233 1.7869834117770251 -1.0967104742461617
0.86501447237648232 0.28611449417481216 -1.5122615837016877 -0.92837003709359067
0.24660864774318281 1.3833784194260699 -0.26160635614276856 -1.6357723196080096
-1.6685245131718043 -0.9238834943406502 6.3136534613916284 8.6400865176683901
-0.30025653323970047 -1.6530776986818672 0.32732585645967466 2.10017232856918
1.4250419304473496 -1.590285445529489 -4.3189379980075158 11.278675728202622
0.79747746679588039 -1.3201136068926798 -1.3046494586096917 3.838772786511774
-1.4152398857895383 1.27837263542474 4.2498294210575578 -8.9597453785192176
-0.27134379164823619 0.36178697489216916 0.29132214398684719 -0.44169933565057617
0.5589766705249879 -0.28528307497083727 -0.73363168038466287 0.55269737452487877
-1.9877976624518441 -0.1528454929524945 9.8422611772318458 1.9646788155349666
1.124813611850155 0.5304023130451383 -2.5479341615865678 -2.5436063409036267
0.89550318621073499 0.55356128374463953 -1.6136304353737356 -1.8853067696120527
0.49593449009536794 -1.8341660067866945 -0.61791008302681572 3.1875109990022454
-1.0264789289544636 0.81986452349933403 2.1080376821224434 -3.4114374047053637
-1.8868689519716306 0.47613955052956669 8.6046402569182625 -5.561701968134817
-1.63707247142696 -1.8462134338783476 6.0244369702705018 16.689804206665862
-0.42298581909145216 0.12869084515511009 0.49866517421928624 -0.19776578620004137
-1.5660454818958613 -1.0512126080866007 5.4067696010148723 8.7855044882543964
1.9603643029867697 0.71245502372081493 -9.4940996024710387 -8.9264092668010555
-0.07601243556466919 -1.1444865423126456 0.076451627083394369 1.1643246955942035
-1.8593586684549308 -1.7900269686312966 8.2875607114395038 20.355549390910678
0.93737790226762474 0.40820783561854279 -1.7610306161888638 -1.4842567509101328
-0.98780339139555595 1.6946324999840701 1.9516580230324787 -6.6552736506218082
-0.028752421643593706 -0.16015006414635202 0.02877619132089387 0.16054725316140747
0.73128372090209393 1.8151415272718059 -1.122356616610952 -4.7272232524711324
-0.56028516479694312 -1.3585360112431024 0.73616958447695169 2.6379487083746667
0.25582434471759896 0.17512116080276874 -0.27256704917488656 -0.20950414936597003
-1.6360304875011829 -1.1070508538147887 6.0150227470880342 9.9964337049160967
0.65481262018585573 -0.59972457464580531 -0.93558289229848457 1.3711735059514079
0.94558778419519518 0.95105481061556896 -1.791072106805899 -3.5021725780791346
-1.6070188859049059 0.53781534993844637 5.7571607462831693 -4.7045554234566769
-1.4864229854682818 0.3175032756637628 4.7706051436119914 -2.4220292483133514
1.2753301506345447 -0.66112105185381154 -3.3496125459692396 3.8869957597399147
1.9010562945999352 -0.80098957404024995 -8.771502326118009 9.4853546649913696
1.7675718505898335 -0.82288897142602568 -7.290014695692105 8.5357703081288907
-1.6708437851113223 1.5785198923314874 6.3353700495892786 -14.798871601555875
-0.87613595104467379 1.9667991649962318 1.5486703523262597 -6.4960280956022913
1.1899879345119375 0.092518258416114385 -2.875095677218706 -0.48555560546118914
0.41167624094116695 -0.068178316421143581 -0.48144602999161412 0.10284235297309234
-0.83515142282659127 -0.23350571672604614 1.4176510826076989 0.72210094688028303
0.13811968812502551 -0.8084854587002468 -0.14075460407935139 0.85475600700994392
1.8789496274668038 1.296743922047376 -8.5124905387770262 -15.031019284167668
-0.74385850657951513 1.5517101462489697 1.1554543701561839 -4.1275124205397677
1.3782656471719243 0.63764001431829387 -3.9964413904137559 -4.2714539060758767
-0.57998378895488045 0.94147645645559175 0.77507942922541007 -1.8915613841885746
-0.21699010484505799 1.5675297049408936 0.22720702004994589 -1.7889497289732315
-0.58803089284043697 -0.43783327914559811 0.791360409566643 0.89201568761719574
-0.31248055783090489 -1.849134571681458 0.34299244036229354 2.3908058093500006
-0.81258839231478941 -1.8841341086365744 1.3491404227023387 5.6164147727680485
1.014967888088441 0.7129332391182035 -2.0605470187460773 -2.9162387578121804
0.6930928229538571 0.16286504056762796 -1.026039132259831 -0.39757522241971816
1.5416135361826093 -0.4606436170389836 -5.2053695557809156 3.7449021913283853
-1.0671788074092179 -0.43744862153614639 2.282557383563133 1.9320407529348627
0.049677289777171119 0.77564330899307743 -0.049799885038175437 -0.78138578373387679
-0.55628630422418013 1.3672498977223522 0.7284315778017284 -2.636554602359328
0.27508663852846338 0.3742884790016956 -0.29590317583790238 -0.45925869197871516
1.6914577374929971 -0.071213863920055687 -6.5307678464948289 0.68244871288565057
1.3086183901458148 -0.37706921962919449 -3.5496039472601848 2.3142420767076928
-1.4665847907431928 -0.46367197117505032 4.62101941057559 3.4555676883929878
-1.2098510332289787 0.22059140841973202 2.9807578070310052 -1.1892564969730717
-0.50000852606670865 1.5585214397851712 0.62501492072578146 -2.7274523841372216
-1.336438725062115 0.048564981760928827 3.7234097884305251 -0.30878612916362147
-0.09800405252861788 0.45077299938897308 0.098945361294900849 -0.46376174521061964
-0.65952013197325554 -1.3747823668023385 0.94638949626658486 3.168736445624567
0.10403762149533868 0.54563581238406433 -0.10516370667927027 -0.56335341478549095
1.6526903926836001 -0.22452921954752325 -6.1668250235538586 2.0643568062910251
1.9053128241491706 -1.0672556412340901 -8.8220117484175038 12.690364222796653
-1.0791992427166504 -1.8930409999878055 2.3361113098449131 8.5073508946008793
1.255384014347694 0.51181307520064623 -3.2338554412115812 -2.9316484409695205
-1.2689114405268098 0.25026123413515489 3.3120317412181617 -1.4591252847074927
-1.7813738719281558 1.9352282109816761 7.4341948813514387 -20.358365871395925
1.2509157133476432 1.8148995611147067 -3.2083362649235809 -10.334710277533755
-0.64527483931032936 1.5949571547379966 0.91395413056674013 -3.5872801083682444
-0.15493069720224462 -0.60418683543147989 0.15864957943610172 0.64769466949131238
1.7299428137650406 0.11472526420776763 -6.9071463726897013 -1.1447408949482016
-1.7003345937444685 0.67910814352292537 6.6162360925066359 -6.5692936743849488
0.59915900241173148 -1.4586064747392249 -0.81425199752008148 3.0294884980748162
-1.2231435292257995 0.44963523662870353 3.0530642142886268 -2.4677062166406265
1.827723398446337 0.17518681053399288 -7.933366508019061 -1.9308597042565396
1.4848056859182521 1.3884427658106029 -4.7582794603098701 -10.57152515341739
0.76471538168339226 0.30415583169899829 -1.2119129953097358 -0.83775734684143321
-0.94234737492777931 0.065727859250436005 1.7791693479974948 -0.24083053898511589
-1.7322186185964266 0.033821167360297277 6.9298814868821914 -0.33827065866030653
0.064365648361018213 1.2681548020215936 -0.064632311167120121 -1.2839164571912236
-0.12964957513082798 -0.79878186866786383 0.13182885643798931 0.8390620715099637
-1.0641974905470812 0.57159708357564298 2.2694184938259809 -2.5136261242122084
-1.2531951083937782 -0.12017579136391099 3.2213354942987529 0.68638330400227854
1.4524174431075796 -0.0065125941211170435 -4.5163159011718772 0.047727867003675935
-0.37358292399948523 -0.90211385783512421 0.42572172633357164 1.2798222574559579
-1.5469086215897163 -0.66534986628029547 5.2485469204396775 5.4417494146132839
0.087934889492541579 -1.9931729170735983 -0.088614849964152115 2.0394098136404497
-0.38782219145173702 0.28814117926068761 0.44615299621673049 -0.41815571099205534
1.096071746511007 1.4649657479669309 -2.4128630486074574 -6.7448778365667881
1.3031306752061838 0.89889577864326098 -3.5160414535819431 -5.4782741826120231
-1.837205953648843 -0.56367992067124595 8.0383744548136118 6.2714899163823183
-0.5848966817477943 -1.9989539300183492 0.78499225121413863 4.0505051053581305
-1.7470379654160464 -1.9011936852060023 7.0792453083447233 19.309330994066741
0.967351446123347 1.6355050537629543 -1.8725687676940685 -6.2268689581093684
0.18164254529113277 -0.92233790237077606 -0.18763566202066226 1.0136327920804162
0.50030881537237271 -0.1649683516322038 -0.62554056998150431 0.28884749684275152
0.13428512204546239 1.3733459531501766 -0.13670661770340772 -1.447640511141882
0.84082901938402976 0.65705512310266112 -1.4352896201142173 -2.0506561080398633
-0.90848855848049137 0.73524544648674439 1.6583109174241799 -2.5557531565983234
-1.3883713505350062 1.4466542445148671 4.0645612662422339 -9.8122579409478039
0.53270303700896715 0.27944354164862251 -0.68386952323634209 -0.51733874040967798
0.67953854555639026 1.3713541203894479 -0.99333085025196777 -3.2711155370362923
-1.6664363589072235 1.2912704829113477 6.2941470224042639 -12.048884149861774
1.1952710269648459 -0.89154712880332809 -2.9029222651675584 4.7127346019483296
0.86313759809060464 -1.6921547543845996 -1.5061807304883787 5.4741536946521858
-0.52779768362133694 -1.6713531176427185 0.67482649274128481 3.0681216113192984
1.2294271624727555 1.4848224551710967 -3.087695435446931 -8.2177104464233963
0.84219188659801913 1.7138039182009379 -1.4395477896838171 -5.3605413312302073
-1.2507993705898208 -0.5628601448856978 3.2076738169654231 3.2046426568740869
1.3129813143044116 0.26037616238336359 -3.5764559719999136 -1.6069791306098675
-1.6798072138090356 0.43793801061661197 6.4198070418849751 -4.1451957446579497
1.8138804564428086 1.1080512270149523 -7.7818415695575229 -12.045056381917973
-0.78023049336443151 0.79794050532071248 1.2552033141830643 -2.2552023883701877
-0.19308302301131297 0.16152220273587847 0.20028136157527343 -0.17958735651412741
1.6788976648619749 -1.9707398615385934 -6.4112020957612863 18.635497650112384
0.21871130418450857 0.0040303926413534086 -0.22917327949827174 -0.0046087697189694824
1.0537411932143779 0.41028981761652616 -2.2237843311936452 -1.7770109502143576
0.13413074552884074 0.9398087905143564 -0.13654389940316947 -0.99053325077921639
0.19357670731295418 0.77047154744218593 -0.20083040238723979 -0.85708474196548068
0.15295596003337586 -0.20055498079737921 -0.15653444512879339 0.21463124842575868
-0.00048518902133487529 -0.029452535870758023 0.0004851891355524399 0.02945255667087986
-1.511539290479095 -0.16846760779951619 4.965030236241228 1.3231872274372467
1.8739990504734272 -1.0560860840627693 -8.4552446706197486 12.182604926449132
-0.30594205658529594 0.18317706544048606 0.334578398898493 -0.23461348325529099
0.16806415642572192 0.24634034238238822 -0.17281122275335239 -0.26721440564484045
-0.89477765598202597 1.8097279497596732 1.6111608543580163 -6.156479418703265
-1.0867863207212465 -1.8243188540564703 2.3703945421697958 8.2884525157400404
0.18051094105057253 1.1280910216327005 -0.18639274562688371 -1.2383648514889609
-1.3474595390079127 -1.9026312060144783 3.7939706906029995 12.266152324387507
-0.65511937199868342 -0.45902609096186842 0.93628441571619936 1.050042460416901
-1.5536615726021235 -1.9907950740503053 5.3039897493027803 16.407322441223069
0.25075161534305579 -0.33421668155303186 -0.26651796733870348 0.39725967934556805
0.98824694856649886 0.99617261799056855 -1.9534005734214221 -3.9148548804436754
1.1556950611004693 -0.98775016931990578 -2.6992772970658399 4.9455596285439798
-1.8631845100612776 1.1432804637195195 8.3311485227418771 -13.049825718588734
0.36516197225619784 0.24916528050341791 -0.41385386224928095 -0.34883881731838567
-1.5573168376115061 1.8138553654444123 5.3341772793352229 -15.010935904165803
-0.5675326460162271 0.27389165498743884 0.75033111126641294 -0.53854765950795602
1.4540075027771211 1.2637791430904204 -4.527979752246134 -9.2791889836127552
-0.49746526515476441 1.2447919334262223 0.62057383505657215 -2.168944223948857
-1.1925949128798221 0.51925138522086467 2.8888019375952938 -2.7348180567524176
1.1499589283559049 -0.11547350894514885 -2.670670982427624 0.57358193173005023
-1.8323880884198727 -1.2646665232935685 7.9848988192519883 14.003574407481231
0.82258775426844055 0.47512159085063654 -1.3791922628290618 -1.4395955386198287
0.7607581482901673 1.3402279203010372 -1.2010491786016764 -3.6672105489111098
-0.031030684436202716 -1.577312704919811 0.031060563987023899 1.5818691041082769
-1.5281574460409315 -1.0827552986028501 5.0968103191704737 8.668317540109868
-1.5840842107809072 1.8935347499820541 5.559062817175402 -16.148004437422607
1.2319417197950511 1.223159003172313 -3.1016355230672321 -6.7922523423320049
1.0354766337842256 -1.4020441668885537 -2.1457269603621967 5.9119093151033617
1.9490019057255346 1.5780352219236882 -9.3524969720195337 -19.561048905434298
-1.1414370145468093 0.76693962746763855 2.6285907121663228 -3.7646269855185039
-0.57418313966256074 -0.69303317673430742 0.763483441795203 1.3784837621739041
-0.25645350022652202 -0.1820280432974708 0.27332003604109184 0.21794312157272541
1.4668600962807616 1.5256271905754843 -4.6230714896533236 -11.373605058012826
0.89914150280451066 -1.2257060852330142 -1.6260573439338177 4.1984923501715015
0.44052266280772479 0.93728776212513054 -0.5260105861020925 -1.4829585600990975
-1.9209329222465175 1.4840157037804635 9.0091433099481346 -17.911995158805514
-0.83863822879113581 -1.6195168854599173 1.428464302111395 5.0366039646058693
-0.91826305847242873 0.72357180025149503 1.6925489381311283 -2.5539343178920086
-0.71886082982589317 0.56761659482901994 1.0903399939435721 -1.4475827695229879
0.97909664511979821 -0.53766703322570963 -1.9176882974888945 2.0839386653115137
0.26573089292308749 0.55557127045589194 -0.2844949238726549 -0.67326277856980354
0.37208576497192825 -1.7078656206757503 -0.42360022668106861 2.417216418822751
-1.4723396239581255 -1.9030775783937299 4.6640538566337639 14.27946077288264
-1.3765069709288991 -0.20389482606941378 3.9846730678042159 1.3628971062910733
-1.2845319479446773 -0.74119382163623815 3.4040383396023497 4.4101528808378765
-1.4363292103170537 0.92240091739579233 4.3995361230851957 -6.6312553119274265
-1.3900383063009514 -0.42051000718875953 4.0758793472321564 2.8580465059533906
-0.045568946993820081 -1.0126297025783089 0.045663572230568106 1.0189379671970338
-1.6473635703388658 1.2474677179050753 6.1179899190250815 -11.403626593607362
0.094516745753759679 -0.93980747329484782 -0.095361103089566052 0.96499454447447297
-1.4605104466848795 -0.82104916536252537 4.5759117925128301 6.0751663417935555
-0.086013645698689079 1.6725963568164701 0.08665000451749505 -1.7097197027687432
1.1765280118710764 -0.71412095269506537 -2.8050994548487043 3.6796185319875554
1.0775832549059108 -1.133108570071113 -2.3288574900854884 5.0803568766948679
0.83799216978873314 -1.1777362177124893 -1.4264561457862288 3.6588644275121243
1.9306264009388574 -1.6189901308734989 -9.1266855156255016 19.722464757856386
-1.1091828466349587 -1.9548982230273966 2.4737956256790521 9.1701534128285704
1.0271204031807026 -1.9392100236712806 -2.1107081090266151 8.0766720024116871
0.49810305688426393 1.2214233889375437 -0.6216857403112912 -2.130553204058363
0.9337255843140122 0.46367077677021351 -1.7477881347845714 -1.6764157891933271
1.9918398252822662 1.8620826857934984 -9.8943167160046066 -24.025107854263588
1.7280272319243708 -1.333282677407968 -6.8880515300401104 13.277141346846506
0.56728432319229238 -1.3664465329970659 -0.7498429440598694 2.685661172048539
1.2224652366989108 1.9109125721321583 -3.0493432698437504 -10.478037664495908
1.1805781637789234 0.53232739589802147 -2.8260264530371848 -2.7581449565971963
-1.1404900855031226 0.4621445034664835 2.623945652409005 -2.2655030203795161
-1.6427603036223859 0.9568893562837939 6.0760141493605602 -8.7038505094177498
1.6456179908988013 -0.96816386519627162 -6.1020478973400323 8.8336972278448265
1.6121627003234065 -1.6673298297859507 -5.8022841081909391 14.667843510621186
-0.081467386396440578 -1.0687100820215201 0.082008080148342891 1.0899889602145225
-0.27524361389264351 -1.2670306918624292 0.29609580777087113 1.5549978050251558
0.5153520718220217 -1.1854075995972475 -0.65222327312245709 2.1298968394323419
0.32400095459982214 1.7366065540581688 -0.35801347923092069 -2.2835158056131615
-0.46397238880609271 0.49263309498932406 0.56385190012849151 -0.81078103208136254
0.53408149471159572 -0.56447365864171495 -0.68642452546957999 1.0475102108834093
0.07182305556235935 -1.9860950565987228 -0.072193558479741293 2.0168311763685978
-1.6097055587914357 0.72000856108886646 5.7806973143356206 -6.3169634001048669
-0.50339847616763667 -1.5585786807987638 0.63096469700493429 2.7434570719733298
-0.98702455263099953 -1.5898355994273596 1.9486011126519633 6.2363724336567072
1.5818390061053051 0.85236733189149394 -5.5399397272605491 -7.2507853846025379
-0.46619452717021526 0.75797161688080195 0.56751600430556837 -1.2521782154558705
1.160645708621316 -1.8338552336234333 -2.724149756402956 9.2450059220320302
-0.41070122088206373 -0.54740144863567108 0.47997645172187858 0.82440107601570212
-0.71357325707731922 -1.4853492492767955 1.0769153355731687 3.7543099124116339
1.3498343750381809 0.40614868228096901 -3.8093039316529853 -2.6262217623601609
-1.6578553844034682 -0.21974873148622498 6.2144451712189284 2.031676662551352
0.66802861459344998 -0.22673622407298444 -0.96614455378938136 0.53028766294537399
-0.9947175278826843 -0.63897839797547862 1.9789536776609431 2.5357147696171696
1.916773202610603 0.4351899383120843 -8.9590353457188741 -5.2318789103762784
-0.3241263047636318 -1.6431362701665888 0.35817832117846005 2.1610094179598418
1.9382969022131658 1.1192572487117607 -9.2204684419365268 -13.73438851094212
-0.90171270537065951 1.4507217753966519 1.6348825045164972 -4.9894056145475281
-1.1218771663776836 0.24433648712057954 2.5338811653169824 -1.1669083351999583
-1.1156381893939145 -0.51673192155767156 2.5042156660522625 2.4461808627108281
-1.7457108992330377 -0.2542594841621475 7.065776288055913 2.5788318095087193
1.9394371615681449 -1.3825522674187796 -9.2344681089243803 16.983617014991143
-0.41828698444651513 0.66900037390679978 0.4914721489609809 -1.0201533208917093
-1.615423498641015 0.32465951487694378 5.8310214819019279 -2.8663471849766093
0.38673689915467024 -0.8285410965737765 -0.44457936945175092 1.2003044106503504
-1.2814652119134968 -1.3678311677728736 3.3858272685447544 8.1063957013526462
-1.4269284914382117 -0.61561279236419075 4.3323331514542769 4.3760064345802938
-1.8746398303019247 0.38519806542665691 8.4626387701582537 -4.4462732740817694
0.84990236984458001 1.5052749510747443 -1.4638157807874772 -4.7672089534126432
0.89823753552228069 1.2473983770180941 -1.6229631283255079 -4.2667161827049096
0.32420370416502742 -0.42129533767990823 -0.35828012065227999 0.55413992156174985
0.058776833203336931 -1.4827059974586394 -0.058979890476570096 1.4980729823968473
-1.3865259487044641 -0.082547165882719487 4.0520585911168361 0.55862660472324832
0.43562394659130677 1.0817800201230816 -0.5182915287641352 -1.6976424359030975
1.9791615674403613 1.9705868023995206 -9.7316967694673391 -25.127428273421689
0.71616356148407956 -0.75726015936866276 -1.0834768672810693 1.9224342094543241
1.3574238220118344 1.2825015441609242 -3.8586121862013476 -8.3719113967657233
-0.54672513896306052 -1.3424516350640445 0.71014586322952589 2.5462617556904319
-1.5180969905920976 -1.699855458307943 5.016731358680719 13.452410329455507
1.0044595320460754 1.1813670043590125 -2.0178978791511257 -4.7571485645676228
-1.720894167914389 0.088682196369022304 6.8172822133101914 -0.87657298101083336
0.36126721541737528 0.4745003748525054 -0.4084176451082967 -0.66028720195458257
-0.74531447188481303 1.6377808001483167 1.1593319372144029 -4.3671113628359608
-0.011383555502054943 1.2014691958813812 0.011385030643918053 -1.2019362742492326
1.3917074804026712 -0.47957489777031403 -4.0872357116293028 3.266168404230767
-0.6709563849841822 1.0287860304838321 0.97300918800835745 -2.4182103410986659
-0.051544583713011516 -0.016109029394484775 0.051681529636659444 0.016237426934085572
-1.2322208896342537 1.2399424893681439 3.1031860527457797 -6.8880106759694142
0.96373035184560196 0.23159706636880628 -1.8588201572498151 -0.8769025898627455
-1.1702257910341327 1.2202221234596795 2.7727662260309014 -6.233242621308337
-0.89607828191083794 0.8028771702922568 1.6155899722951301 -2.736902985769234
0.18496750126339956 -0.31023694293697002 -0.19129579004175795 0.34207933067336194
0.39392793633561984 0.60198902742849691 -0.45505736584856343 -0.88223758884357339
-0.18404669966053211 -1.7861976223993752 0.19028094805558865 1.9677102441617271
1.298321380800981 0.045350874123326612 -3.4868217660054244 -0.27468639987819182
-0.89860518818987067 0.28154032022278574 1.6242210456276114 -0.96356438445038051
1.5045441970760156 0.081463375175193864 -4.9103105449473459 -0.6346778748786035
-0.91605407488090362 -0.81824735011612582 1.6847654944762831 2.8781565825586553
-0.81253604517515399 0.97767906786022474 1.3489843878101149 -2.9141137110868627
0.24382965369516985 -1.1780958917844973 -0.25832603371848978 1.3882195435931171
0.83440638900230546 -0.62728860440478718 -1.4153485052064412 1.9375076084181269
0.96177375897776063 -0.048400049686293745 -1.851422914496335 0.18271146002119748
1.6607430412466875 -1.488335037951138 -6.2411843645443099 13.803120302308887
1.2883340172867932 -1.1876900632746237 -3.4267166683425292 7.1016901410332931
-0.68368060350712145 -0.20823311041120363 1.0032460221107955 0.50022955182410478
-1.9305564329592815 -0.57510562180125069 9.1258331972077702 7.0054446373650032
-0.5195581984055706 0.35243065963700859 0.65980811336022704 -0.63783681929260005
0.73716116400429677 1.6337035954197239 -1.1377393923097845 -4.2969994543930694
-0.68544570102250191 0.61374239355021665 1.0074926365224104 -1.4788168556164869
0.16666407068594991 -0.95276471524466366 -0.17129348398722269 1.0321593015088197
-1.1433202987718096 1.8837755841957566 2.6378472196206442 -9.2710842669226512
-0.41124685524337723 1.4481823477572489 0.48079855849807085 -2.1829494174066144
-0.13639861222306715 1.9862195795675821 0.13893625130925227 -2.0970779312041934
-1.5569432788087521 -0.20835714837215136 5.331086467963063 1.7235755698975057
1.6211784179990616 -1.2800112986791792 -5.8819910891569513 11.372463122770764
1.7055267034544563 -1.9543793804222656 -6.6665991679151908 19.009200702805
-0.18072722805331898 -1.1691389714843718 0.18663020058945032 1.2836993835583677
1.9897425405329763 0.69599852159253528 -9.8672832405335313 -8.9625303506553884
0.63276424404504761 -1.3454930580867286 -0.88611709212651502 2.9616613303058896
-0.45199934595361402 1.9480805828441388 0.54434435308131557 -3.1420790935845098
-0.37114109180063171 -0.79746889924173425 0.4222641850094081 1.1270126584835891
-1.3875208080346577 1.6519020117329384 4.0587952828658374 -11.192696614549991
0.42763570256645078 -1.3670734382728789 -0.50583842453790628 2.1170730058922569
-0.8407858897300553 1.2035278797255113 1.4351550180051427 -3.7559249601173512
-0.65870165950435178 0.59839206185671356 0.94450432361836612 -1.3772972444792124
-1.2892834778132563 0.10959989126776559 3.4323973706061608 -0.6561477692168266
-1.7825619857838944 1.8904783555141749 7.4467012404112332 -19.911617730561968
1.3468964418636085 -1.522420171525646 -3.7903417177552678 9.8080246034954932
0.21544061862821495 1.8476306591731602 -0.22544022172540668 -2.1049021065850924
1.3017117994377552 -0.14171374401218939 -3.5074020556067156 0.8620958388843083
0.11855217117996864 -0.79601694454337757 -0.12021837657497766 0.8295800850826599
0.08929078492819098 -1.597462735861388 -0.090002686451445643 1.6356717007366615
0.53666833237889833 -1.0247733519255471 -0.69123573457722032 1.9102171835770532
-1.0743647577384587 0.075089066826131035 2.3144606283596936 -0.33510590290301429
1.7317357985211146 -0.51809886148941953 -6.9250536553844668 5.1792926844005676
1.6930742491046415 0.76567375108943869 -6.5462722833710085 -7.3500861222097642
-1.9366890777264332 0.71997205830589728 9.2007538802657063 -8.8213091511312456
0.019586969892748218 -0.87486720031187959 -0.019594484421791281 0.87587412711396762
-0.80564134310669777 1.8835904016377931 1.328549280810817 -5.5512685098698125
1.9877719820225432 -1.2431809815521255 -9.8419310844476637 15.979490745237115
1.6525351186135042 -0.6875090277882876 -6.1653975289726706 6.3200071453922577
1.0659663857443435 1.1205945181540722 -2.2772072920744817 -4.9405365105549102
1.9626382637960971 -0.59881538213880781 -9.5226206721196665 7.5186342376728499
0.23762657975465906 -1.3480646502257558 -0.25104449521553029 1.5764256887660608
-1.748945409355342 0.30404590740304149 7.0986371954821674 -3.0941019344331919
1.1934437922126695 -1.0030384225288973 -2.8932754346582628 5.288945627363991
-1.578751340325999 -0.58075681382895361 5.5137192667242729 4.9232888714403176
1.3322012176346831 -1.4518117274312372 -3.6965387629050563 9.181664238579728
1.5585551331590768 -0.21392470471359593 -5.3444322164665827 1.7728544208929686
-1.812390402560204 1.7506974563270536 7.7656560368539669 -19.002554983393949
-0.64571071264015512 -0.5831734105220896 0.91493483807011056 1.312622442488097
-1.74254911061244 -1.1524548052294339 7.0337601084239942 11.650663727044405
-0.7289663107360651 -1.9359847173206792 1.1163330906498541 5.0222844057942631
0.56132218620835816 -0.56624419798094339 -0.7381850382408971 1.1014852748298816
1.5830554632683391 1.9182388042281358 -5.5502947192593659 -16.339929887850982
-1.4803180075595801 0.45020843260303955 4.7242001478791593 -3.4098895683136554
-1.4234415177464155 0.02342289122238661 4.3075984432886596 -0.16580027679047549
-0.61723884370147797 -0.34805296541355668 0.85239683781744569 0.7458605792471622
1.9733361697508163 0.39862257783119359 -9.6576170089093729 -5.0553980687568405
0.11067652327696909 -1.9611771960190483 -0.11203223241719239 2.0332462971667296
-0.76854730097839141 1.1679460165805451 1.2225012570355489 -3.237540356498124
1.4831557243213536 0.19722261881529901 -4.7457288675746216 -1.4987445200639944
-1.04933441156847 0.96110207182692609 2.2047593730113979 -4.1359183516727649
-1.3704866752149436 1.3143729326001514 3.9445809709278605 -8.7204716479668161
-0.58134403305655669 0.061994542347692416 0.77781557682437974 -0.1248497334959906
0.51815099677357823 0.059909572180704362 -0.65726441238308164 -0.1081632198567143
1.9765872930446826 0.20076187548207747 -9.6989109048739284 -2.5538299795508657
1.4750704529130427 -0.89719876336316551 -4.6845771872341953 6.7536623662073154
0.58303293242521104 -1.4835743240826895 -0.78122180142933295 2.9964970134603748
0.42709761569462801 0.7263487865221645 -0.50500550541793898 -1.1238338045712222
-1.4111397770228042 0.62836182462834067 4.2211642457583194 -4.3821616916057939
-0.26619604149848808 -1.0086245441614596 0.28505878151177422 1.2230389558909247
-0.68340004601905102 -0.42430041019859877 1.0025722122006551 1.0187906293186078
-0.90019432660549903 1.9711323883213248 1.6296666422238399 -6.7630527499652162
0.83177462327759066 -0.92780339677267332 -1.4072370845207525 2.8535030201370524
-1.3455816182320541 1.1018966972676054 3.7818780941543921 -7.0871457613356688
1.8006660967439201 0.16151412965281331 -7.6391429532886708 -1.7325935924495619
0.8446339634111304 1.3131342907542889 -1.4472013501823433 -4.123530032587615
-1.3826618611290771 1.5219221281078905 4.0259709589816861 -10.250543464706473
-0.8220363138774216 -0.043447884868136111 1.3775221752472331 0.13152678847581242
0.48741021275377117 1.699479250617177 -0.60320363091764639 -2.9107085583643078
-0.97572563481138586 1.2588880771326476 1.9046559701178845 -4.8544254348148819
1.1794110504002 -1.3896400888640077 -2.8199841178178056 7.1886516440478712
0.45950561686037572 0.44611705179530503 -0.55652811961477822 -0.72870375780121588
-0.83265356959529946 -0.31561797827121119 1.4099422537275104 0.97208314224047221
0.60587799424698474 -1.9801300319345434 -0.82828862259268976 4.1607768063207766
0.821304783483495 0.0048812880376001289 -1.3753089829991922 -0.014759182795766551
-1.0299850753553783 1.5206629830801197 2.1226645753772195 -6.3603368030538761
1.2383433092147857 1.6451298406535018 -3.1373355314163667 -9.2135208078409345
-1.781229608269038 -0.8125135294719823 7.4326773563878721 8.5462909186421712
-1.5295309547829983 1.9358926262287621 5.1078150006500458 -15.522751415749951
-0.39197358007208027 0.71094192056750494 0.45219768951751305 -1.0386362822058339
-1.9442147489400878 -1.3686881968029398 9.2932900982563051 16.889493231598781
1.0146045172512075 -0.095211290731481935 -2.059061059802838 0.38924917595211389
-1.8456068558734029 -0.10611184849531163 8.1322322771871463 1.1904469691581541
-0.82611977342349485 1.9138064243329986 1.3899249405706557 -5.8321751125204457
0.017043678137647511 -0.63212617005625438 -0.017048629103972944 0.6326770432931399
-0.65367178684771599 -1.9262711142796496 0.93297711611667222 4.3954818037743317
-0.50583876556327789 0.053258972767056711 0.63526917556111773 -0.094141549294942159
-1.3833694241504841 1.5487704298987683 4.0307386579592652 -10.440467285634925
1.513777719441737 -1.5587916444081813 -4.9826341560252425 12.274812285124227
0.97919271633470961 0.60892784098580455 -1.9180606861304965 -2.360481451265275
0.53789663830169454 0.46644181554928865 -0.69352777527377341 -0.87131255603832303
0.73985919873300743 -0.21310711022964801 -1.1448519344202936 0.56306625805446009
-0.88364099604957458 1.568837181625554 1.573606804429988 -5.243782161804349
1.5601020985699572 0.063745354377430452 -5.3572635485954372 -0.52919835738678056
0.13066488348732186 -1.7153462340109003 -0.13289576578137433 1.8032061571859543
0.053271946453643082 0.63981898492047495 -0.053423126925344608 -0.64526621234784376
-0.90759462228511634 1.515875957791236 1.6552057238594227 -5.2618843633973338
1.3976946417704021 -0.99755392695417422 -4.1281614447697139 6.843869281572398
-1.8056375361539092 -1.9582037616628103 7.6926061885360202 21.111357031461267
-0.57140063186999246 -1.865028953671259 0.75796218512746738 3.691817440035265
0.30477550359455607 -0.56269497075374142 -0.3330855233636445 0.71949798370713802
-0.55898788051954407 0.92988542194065893 0.733653398443746 -1.8015622032823515
-1.2633414409457688 -0.89280911835013699 3.2796742977505309 5.1676638057019533
0.7965911812341977 -1.4186648874311691 -1.3020740977021359 4.1193382629949493
0.70964211477141514 0.55800695771964604 -1.0670121577087002 -1.4010303618638931
-1.8345762904398466 0.92622995587892731 8.0091549774042168 -10.278383542405662
1.7966097195052213 0.55210512909155929 -7.5957182217379824 -5.8983706760511678
0.035627290225930697 -1.6604266389154052 -0.035672512081113217 1.6667493964866429
-0.90552350962199668 -0.47160878248308791 1.6480281812491491 1.6317279415768011
1.4586269812821717 1.2129372786744002 -4.5619910556871659 -8.9548466704145806
1.1920632758182426 1.4587090106853662 -2.8860028971328235 -7.6772505242785369
-1.4344982626198042 -0.060475842922574685 4.3863876507657116 0.43381473836947898
-0.90638285957864495 0.34459077081554534 1.6510034688184549 -1.1938656230199522
-1.0094691293675511 1.5291826981311787 2.0381463597470497 -6.2040223050937886
0.27243321955635924 -1.418018521014226 -0.29265317473085273 1.7337539255827317
1.6707100821795065 -1.8265687470194987 -6.3341166532344939 17.121920325114303
-1.1239186870207183 0.46855998701962154 2.5436451467156331 -2.2442053763389644
-0.78123977497118169 -1.8788309160746657 1.2580582108323999 5.3189830205299273
0.83636950316589775 1.0655097509340541 -1.4214216344939814 -3.301526541509836
-1.4277770312111118 -1.5521973751019509 4.3383679730190323 11.044880450492657
1.6909667502131418 0.90337629389054674 -6.5260638954202266 -8.6526335854736764
-0.78118850217231595 -1.6424566549434778 1.2579130633535787 4.6494111578956678
-1.2889470473684796 1.4668686317615895 3.4303836814834976 -8.7779670168384811
1.8430143723395327 0.32782203487145001 -8.1031849338597333 -3.6683632963833688
0.035280106848223358 -0.63907103688474187 -0.035324019501151591 0.64145736508606532
-0.57209868506279316 1.0688063701366217 0.75934481429618961 -2.1182574225513626
0.19854435673286908 -0.96582046972006319 -0.20637094779484744 1.0800379974328824
1.5874105904749833 1.8965756279081334 -5.5874826975011533 -16.233961267607622
0.052953864225324221 -0.28232668017731566 -0.053102352777485873 0.28470170684946283
-1.3050503693548299 -0.95670346297568365 3.5277553450991217 5.8449505315982471
1.7139213489970273 0.022473585664069873 -6.7486105429990637 -0.22052383859939506
-1.3912239372489004 -0.96303364931755997 4.0839434933115495 6.5549002163744081
-0.43662022944932266 0.56244868646962409 0.51985629826752799 -0.88411965645244273
0.79774459776738205 -0.010924437780500007 -1.3054264224220411 0.031781257825106921
0.72362186940493212 1.1280860799478281 -1.1025309829609915 -2.9001805175556914
1.9406497678222436 -0.095216573292696172 -9.2493726238176208 1.1710081308927438
1.6480146072682405 0.36282971809756459 -6.1239434161378856 -3.3191141723456266
-0.65413552411592235 -0.71191436047448198 0.93403572165234316 1.6257844811737037
0.95111317027433717 1.9880135563909866 -1.811505611743458 -7.383181736945942
1.5748114133716737 1.7616547931973923 -5.4803925182945212 -14.868530223401063
0.6147951111966492 1.8302343293156338 -0.84717108143713915 -3.9055719676437377
-0.26547629749036084 -1.9619411047735866 0.28418644692533807 2.3767601857983736
-0.10965004396815514 -1.0599361526169608 0.11096838093618433 1.0981674098926455
0.46598885122692169 0.40806837303698495 -0.56717628433178513 -0.673899139739917
1.8549595402630366 -0.84602105970557728 -8.2376432554736674 9.5791789372229204
-0.52315846096404695 0.65576375979956492 0.66634419837252745 -1.1942011044214913
-1.5497741878409994 -0.7386259771218624 5.2720218838022479 6.0607216664605419
-1.1516593842322025 0.12955330686709399 2.6791274955109774 -0.64504047519020757
-0.33185670739860473 0.61392492842613322 0.36840371299521252 -0.81675751214248615
-1.6721609966021473 1.0997817589266812 6.347727813195621 -10.325154987906211
1.6591678256339137 1.4765292863280468 -6.2265878547286544 -13.670466509061464
-1.277085233105733 -0.96283895612767267 3.3599431702291866 5.6738559891845739
-0.26102807119442728 0.037231385106880843 0.27881338952495383 -0.044841739422211341
-0.54950409291483515 -1.0267181567093373 0.71542946288742393 1.9567854239388145
-1.188376328327668 -1.9503415853182142 2.8666468913072261 10.213382826641052
-1.4676219469951803 0.62314851416526151 4.6287536684827959 -4.6497737755797095
0.61938604467942149 0.18306867150890094 -0.85700673228281765 -0.393765557447461
-1.5110634042565625 -0.60217398696732527 4.9612935322488712 4.7270283635778894
0.98428725855242316 0.81207172305120201 -1.9378858256185212 -3.1723291318347151
1.5261323395981776 1.6680747911532201 -5.080616523916909 -13.323313284381147
0.19667261071942077 0.44122081152063997 -0.20427993007815093 -0.49242022777912586
-0.31728697561785424 -0.064546966074238377 0.34922858063968576 0.084040993760241489
1.4450925331643347 0.42782014879469354 -4.4628683299644525 -3.1080608824223006
-1.9811361776644496 -1.1240646299308366 9.7568986598223955 14.359590297693414
1.8566657337171146 1.3648494554562323 -8.2569780484627397 -15.47960789402825
1.4101026337474929 -1.333638144789115 -4.213935816766238 9.2890141472330789
-1.3175825064322475 -1.1083233406681035 3.6049369132559885 6.8805499718354115
-0.087001530898107138 -0.92896507668590322 0.087660068660822155 0.95005982905149955
0.97141606098552336 0.82047404199219054 -1.888092014384446 -3.1431929722903815
1.4801748171340301 1.4134374713879159 -4.7231157111814861 -10.703612099580869
-1.6640696561048358 -1.8259075721265861 6.2720912358563892 16.994421938320293
-0.69593711431393945 -1.2271820090913881 1.0329992700734194 3.0102595529641238
-0.66043184235034369 -1.4914799358328934 0.94849254326018095 3.4430973238437064
-0.41835702353906212 -0.7054801810367568 0.49157895716921024 1.075905105826636
0.46074035158174764 0.95294458176501795 -0.55854708357788407 -1.5598225879731922
-1.32102817514299 0.57736848410322228 3.6263748396280904 -3.6000924518083979
1.6107180147756517 1.4980785579380722 -5.7895850035291243 -13.157979871946985
-1.3566109211167205 -1.7121942285171046 3.8533084235738713 11.165526029520061
1.6126659220174338 -0.66700022199480946 -5.8067122778358664 5.8709853974634854
-0.094180099678259133 -0.33536721144864234 0.095015466913294253 0.34429122345668967
1.0068006009645543 0.18435389760761778 -2.0273414628940274 -0.74496347228692361
0.85108832614225038 0.11459508550318454 -1.4675752947018195 -0.36361639634845305
-0.0097911868658275836 0.95281190262218818 0.009792125520870219 -0.95308593325075297
-1.6251411829768916 -1.8365437219319896 5.9172753390463546 16.387941693854501
0.75370765662843864 0.98044910676553343 -1.1818703082718052 -2.6513556671365226
1.61490886402109 -1.3864057034934563 -5.826479169845995 12.233355440558755
-0.24104643813591231 -1.3169620976335521 0.25505205221527805 1.5465219663366214
-1.9479697199463928 -0.5472445521470588 9.3397084057829911 6.7769441495772345
0.81824959529869945 1.1072786849576102 -1.3660942108070229 -3.3313555518690587
-1.4190022612892346 -1.5329245226130048 4.2762589800424404 10.792865139476037
-1.3900025705734227 1.7463554410835482 4.0756364704157075 -11.868792923655667
0.25903639876689732 1.2335571064990982 -0.27641770379341646 -1.4818716187192755
1.8390821814451601 1.3215534534007962 -8.0592687311719668 -14.730919981756397
-0.0054512909749133698 -1.1341578162257844 0.0054514529686011679 1.1342589260774001
-0.21918070933798983 1.2410976129475726 0.22971019080047225 -1.4199652835760697
1.196098578597498 1.2865028807656307 -2.9072991746750629 -6.8081159045090649
-1.878358294304487 -1.2558254965476041 8.5056381569635136 14.548348626218267
0.51311647399795746 -0.59999065761372039 -0.64821414891461271 1.0739026069832389
0.28112129329317304 -1.0374897633141056 -0.30333807901639331 1.2834656638754283
0.49537950187736879 -1.8800080983755478 -0.61694605314671946 3.2640748593850213
-0.78119869910260409 -1.8385010918343974 1.2579419287251836 5.2044550387340793
1.1566574617141745 -1.1384234421190071 -2.7040991463336663 5.7075649919574216
-1.7204943785433269 -0.58039658925758442 6.8133313482682363 5.7344939994029422
1.2122886852395673 1.5691483567110116 -2.9939213036364922 -8.4874160831836249
-0.41647474250551575 -1.7191134899373544 0.48871279100441434 2.6136604407135642
0.051943672675406116 1.1798214607407895 -0.052083824242922024 -1.1893714493300653
-0.82112957927384667 0.54089999931602772 1.3747793068617025 -1.6350116164072828
0.76974580414505223 -0.48880234729623462 -1.225826815223312 1.3576611351134793
0.48792579921031987 0.59298955332740011 -0.60408706785176713 -1.016511442826489
1.3458661927585021 -1.5713666958824333 -3.7837087388929711 10.110279272955353
-1.7384068402039023 0.18756099017210648 6.9919737335496848 -1.8880217551603922
0.80809899083009773 1.5074468799137826 -1.3358070092321936 -4.4606437587834504
-0.26802871421027774 -0.51493061092994408 0.28728373398152113 0.62590751640988285
-1.8328945618726209 1.4629404413583478 7.9905083787918398 -16.207196541667678
-0.87219586274779326 1.6288589754123097 1.5356976038097181 -5.3462032519337983
-0.4821552867682839 0.99607281160389771 0.59424372017030846 -1.6907550689863866
0.10528141916518186 -1.8212477815744723 -0.10644837707333288 1.8818088810998213
1.8631435957495679 -0.073631215774610848 -8.3306815210246477 0.84042023020077194
1.5893581578825287 -0.11764302744757149 -5.6041711995019963 1.0091628372078134
-1.4664874161944641 0.12486978749498867 4.6202937574796064 -0.93049919137744541
-0.33917541859664713 0.47136374485147314 0.37819414673848356 -0.63404075038780006
1.7257477501554006 -0.41500963452142514 -6.8653788412412577 4.122961310241859
1.5550637719982445 0.58226735504081084 -5.3155552728286075 -4.8064248705135899
0.17706754598154095 1.47750562146694 -0.18261912984868228 -1.6164779496755477
-0.51124339870561286 -0.094173743760818329 0.64486699007966908 0.16801626507055611
-0.81299709743191162 -1.6601067659308666 1.3503591389298795 4.9519205878857875
-0.082261909723366333 -1.3494998350879794 0.082818577859061202 1.3768961194623106
1.3699248626663354 -1.8083149585368168 -3.9408548100847396 11.98927715864979
-0.60477989174778379 -1.3512894427856144 0.82598340930053926 2.8340271233271048
-0.20674518431096267 -0.96817633882486476 0.2155822118242115 1.092326281746919
-0.56393202851986279 0.84134630983009417 0.74327331596895818 -1.6440394861239107
1.54579836856764 1.4614766967251129 -5.2394721255806598 -11.938039936046611
1.6815323255582864 0.33268555085702944 -6.4361506701522888 -3.154741598862568
0.1286554255840624 1.7392462968816425 -0.13078495830368508 -1.8256114512436408
-0.78348728401353362 0.86247952134477934 1.2644327742949295 -2.4507846976301804
0.4102962293131398 -1.3825576767492729 -0.47936672571647221 2.0807893802126909
1.5072009579265129 0.80964620057095615 -4.931041139405238 -6.3273560581404285
0.057210937468059164 0.34055337067125846 -0.057398194093525159 -0.343897357562851
1.3531232805843647 1.2702327658479176 -3.8306143549171261 -8.2474026620472394
-1.096634221530767 -1.0279638006914218 2.4154537914918714 4.7366720033345624
-1.8198441933296929 1.2509052458485845 7.8468640438271589 -13.679272644752027
1.6913758640573375 0.92192272399887409 -6.5299832801839903 -8.8341004206863136
1.0242543167951088 -1.5939422885032264 -2.0987963509626444 6.6105420556190717
-1.0803251079655034 -1.8854285169510319 2.3411750682451684 8.4868926128417819
0.37152010019387749 -1.0147870548584339 -0.42279997373811085 1.4349916560655509
-1.9618984264245687 -0.86008873974831479 9.513334609779001 10.791650653584513
-1.7689108233793496 -0.51822069821083705 7.3039132770660711 5.3828291311025955
-0.35154705408633413 0.76306584524535115 0.39499311321090791 -1.0459770809657116
-0.43562789286695969 0.69405895873144097 0.5182977216932928 -1.0891971231136353
1.0959258746235845 1.1405112408958558 -2.412191506924859 -5.2499563714621384
-0.24624206995856657 1.9832764370259892 0.26117299653481346 -2.3440452715304043
-1.1151586527300461 -1.3753135910242023 2.5019463350509281 6.5062461521220385
0.22895417226905002 1.153974105466848 -0.24095595295566183 -1.3354481182954976
1.3090678964311024 0.95439392226173592 -3.552363561268578 -5.860910431131761
0.32498689376265188 -1.1015748056710342 -0.35931086589116906 1.4506081696590303
0.25934746572656842 0.021416211208150404 -0.27679146362282958 -0.025737645491854564
-0.52948692562642918 0.40176413244696141 0.67793197627680402 -0.7396755752273505
0.88112899113803955 -0.46506648396502603 -1.5652272297883818 1.5482830132209782
-0.61385704803630281 -0.6274181704548667 0.84517095271961973 1.3366902102959501
-0.83531043396891169 -0.68600168474482803 1.4181428773757201 2.1219613777225015
-1.6281484553681111 -0.49196531164774182 5.9441541062069092 4.4043697206331442
-0.65821964959284474 0.79487814981305549 0.94339535793988394 -1.828028434354422
-0.5131795687625722 0.031642568842842778 0.64832708618835788 -0.056642090751303116
-0.12284380235094616 1.753043631214124 0.12469758900719105 -1.8324070706998796
0.073860979045365927 -0.47116127772375327 -0.074263923496991693 0.47887245993932154
1.4676134223312722 -1.1775173142478526 -4.6286900599554466 8.7862426416999142
1.4702871008743732 1.0289651547667349 -4.6486716532390195 -7.7020433941537929
1.6011707846437919 -0.78726845354887809 -5.7061689918490259 6.8423419436506929
-0.10303512172933438 0.1410221418253097 0.10412896692981981 -0.14551351497289555
0.85141462279546598 -1.7437039342428147 -1.468610923487538 5.5357727649965458
-1.0814840271036124 0.37371347122836829 2.3463960735829792 -1.6850079328425327
0.96567968348904332 0.85712793086127403 -1.8662119609764125 -3.2550391043294811
-0.65076989181864198 -0.51884056223288377 0.92637188598526543 1.1780297567712412
0.32164194319458295 1.9489896157731872 -0.35491694070895674 -2.5538792390878871
1.5818522447991605 -0.77627204080230738 -5.5400523449469077 6.60356737716738
0.59289761365446747 -0.66707509597631764 -0.80131747713452617 1.3705609790314497
1.5798455968692777 -1.5815261821795947 -5.5230013539421403 13.423577233081641
-0.038695177611598019 -0.75848733645797006 0.038753116549969206 0.76189442388499806
-1.66303543205066 1.1501927192812826 6.2624706546567808 -10.693411349309171
0.55736480745239536 -1.7075474119944736 -0.73051326632700175 3.2989245435731553
1.4555584424374182 -1.7436449780484553 -4.5393778886747764 12.826167260635112
1.4714146998350843 1.7497491061365626 -4.6571176033538304 -13.114690903591754
1.5710483219693896 1.739531751640325 -5.4486985257793803 -14.620031142314346
-0.088911046023286922 -1.4061658672184856 0.08961390332195468 1.4395138252209072
-0.42681663422168725 -1.9654212096991772 0.50457086158961406 3.0395579374630826
0.86030923462037601 1.1617650507175212 -1.4970516111408472 -3.7413434496825988
-1.271216303124397 1.366550351419447 3.325490267340244 -7.9915491045300175
-0.053742587724368018 -0.83309790452528443 0.053897810599019276 0.84031652892068476
-0.80010511914682514 -1.6612545347657015 1.3123069744299749 4.8517015189515105
-1.9072449264634188 -0.45293679600468639 8.8450070474098208 5.3957226483665988
-1.2714990104875836 -0.38944035202786509 3.3271438370957833 2.2782763754508841
0.68129199021252251 0.31873103761025234 -0.99751964643894064 -0.76255646241231179
-0.42238945617230472 1.0345169864422927 0.49774916399229752 -1.5882303665507309
-1.1104504935141777 -0.691002680305707 2.4797473285869307 3.2472295144486205
-0.14248273987289606 1.4512625505845835 0.14537532915988027 -1.5396502355105017
-1.9525844653414328 -1.5060700975533305 9.3969808458341042 18.732135830438914
-0.02132457051382719 1.093786090135489 0.021334267591608357 -1.0952782461606418
0.91383432909767182 -0.2397391857536868 -1.6769711459250174 0.84035286350476834
1.6166921847881075 -1.918232215125717 -5.8422302342464807 16.959246124225977
-1.8534315846293263 1.9669097562921172 8.2203557757610248 -22.237145916555537
-1.2894145219436286 0.75993321173209472 3.4331819662183385 -4.5503048526812595
1.2636881094875125 -1.4498056300746738 -3.2816813036538788 8.3954226831811223
-1.1408065711160473 -1.5180248769797204 2.6254974560128344 7.4448780919646431
-0.60829535396415313 0.051104376256795536 0.83337877028808272 -0.10783379653933599
0.1904041609677285 1.6464378751942119 -0.19730702477382167 -1.8255064894497379
1.9432982119511886 0.1626308687615392 -9.2819850104643606 -2.0051123812814726
1.6536039642484917 -0.21688110712942121 -6.1752286824219542 1.9960041549147347
-0.69888986170390677 -0.53420688187467658 1.040260545095284 1.317002190537468
0.56984579211628494 -0.88110421776375603 -0.75488852635228287 1.7394518752749548
-0.6182658163580026 -0.31112191629008734 0.85459954431748142 0.66790341891236882
-1.8939911375574612 -0.11639520782168677 8.6881207469849713 1.3689947245384837
0.67004035007092932 -0.61519502814573501 -0.97085769278405332 1.4437779646697904
1.9313395563979707 1.9802440386703157 -9.135376089323767 -24.139605428175074
-1.0063992048393948 0.78287935032430722 2.0257199308716114 -3.1616724095722586
-0.39841230561219909 -0.26409224164183209 0.46165323323199964 0.38985220013226024
1.1281350986465211 1.1978601155256721 -2.5639000044813161 -5.7713695773827389
1.2634781559441799 -0.89346105052853853 -3.2804656879623089 5.172363200395619
-1.0227001355129515 -0.08577681004371529 2.0923581278012113 0.35492271282654525
1.2468994023530584 -1.78536952302212 -3.1855263724714171 10.112822810175127
1.6641906315535375 1.3360681348438002 -6.2732172738098804 -12.436912315686749
-0.73057910403765192 1.42608764120755 1.1205226522985106 -3.7095926245971551
-1.977799154502617 -1.7321192053199366 9.7143353314806795 22.058656706797748
0.98962619334211732 0.74922386924754081 -1.9588265045760223 -2.9505035407352431
-0.96545380151687565 1.4820129442010823 1.8653542967471766 -5.6261703766816833
-0.95763771237895945 0.83274327009743443 1.8358585179418672 -3.1237948526691541
-1.3710136781739513 0.29658012351130791 3.9480786201131566 -1.9690059736931271
1.5672473506280062 1.6505961577245474 -5.4168210014999252 -13.813497197807443
-0.12900883395008567 -1.732308537219668 0.13115596399757745 1.8188024213492613
-1.4554642023933284 1.1704887240067996 4.5386847022956225 -8.6090945437059041
-1.8967065120615296 -1.1401128902111841 8.720099830221189 13.444766184029252
1.1452736647410102 -0.74604364366419329 -2.6474738909681159 3.6816920344121273
-0.89193519384825715 -1.3723909431202221 1.6015128013209887 4.6478011589733015
-1.0328033463115278 -1.5108564067712025 2.1344768621872028 6.3456698170160788
1.3739894928428877 0.52947179404429523 -3.9678716086687356 -3.5281572088011761
1.9387413323495193 -1.9933279320763591 -9.2259231859489947 24.470400390158801
-0.38900960654902139 1.3475109877064599 0.44787783667453318 -1.9592613320591767
0.26925301469794682 -1.31258608424401 -0.28877310056508326 1.5980624764158249
-1.039695330556623 1.9591336953992884 2.1635710287276986 -8.3124066735953956
0.98596504085248338 0.44006894714448475 -1.9444483390373994 -1.7234777448533194
1.0677003262695779 0.30033309283082144 -2.2848616008285196 -1.3274578423550476
-0.55988280673278945 1.4398906765751609 0.73538857437894811 -2.7939728995687245
1.0303551541022715 1.4476239276841296 -2.1242128928637767 -6.0581544708926369
-1.9133125825636688 -1.8337868304414613 8.9175003927194432 21.972974981797588
-1.4728500856940578 -1.2221346048347499 4.6678851817532632 9.1756181110303228
1.964971875727914 -0.454264956821822 -9.5519532229632311 5.7161719540908011
-0.87184900114916708 1.7605663898504038 1.5345594574616572 -5.775295158415819
0.62522749689002666 0.54890105085623153 -0.86963481686011623 -1.1926128298607357
0.31587332395822409 -0.89893383662720394 -0.34738988708009355 1.1680097875440898
1.967825732983473 -1.262345045941371 -9.5879123232644634 15.927025554466264
-0.70563430552325057 0.60917802650680519 1.056983578843036 -1.5191433807712933
0.16561561293203164 1.594294768084243 -0.17015820594630451 -1.7254822596735193
-0.23835578157148785 -0.28289770284955607 0.25189760266902494 0.33111491061731374
0.22618924406711471 -0.30467474296850128 -0.2377614418452369 0.35143766131377696
-1.5535165132034474 0.27145010174109263 5.3027943268747837 -2.2368141683477463
1.2221304492594269 -1.0057219444481058 -3.047507953021745 5.5121693868175834
0.25119692678935746 -0.22496995004529952 -0.26704742675242399 0.26755669141742972
1.3970208168581721 -0.56892988787437249 -4.1235404707775967 3.9000152280632547
-1.1105758559505925 -0.61966152921555873 2.4803364967532797 2.9124935824008689
-1.937313854161216 1.2551232848580538 9.2084110928516125 -15.387252827748277
0.81569356179811603 0.7584090785454225 -1.3584201565011806 -2.2722451410129088
0.75914844618323629 -1.472881664904619 -1.1966505264401475 4.0193748927093571
-0.6972593710320063 1.1798425175190523 1.0362463990630566 -2.9006568593893904
1.7222397607526547 -0.39546985711648519 -6.8305919819061014 3.9144909058188402
-1.1681589092885196 -0.44163637149092105 2.7622229933717719 2.2496010390222501
0.88033717404402712 -0.89300087677537121 -1.5625927969533699 2.9692106089313612
-1.0767196558359267 0.40986308879785804 2.3249879047697251 -1.8353569322043779
1.8921400560358386 -1.1007958535574121 -8.6663685160256811 12.923983956393375
-0.31326176725181565 0.96059712882799309 0.34400306383967827 -1.2433957751276505
-1.0852166148784885 1.3021715064655055 2.3632709059707668 -5.9028545187579802
-1.8571608782729521 0.4860518168960275 8.2625951570231777 -5.5152978110662669
1.0218345153839614 -1.2351240841116695 -2.0887787092412289 5.1040728729702431
1.5875993871601919 -1.8779406706502471 -5.5890988945980142 16.077830257492565
1.8561245098941908 1.1008890666085014 -8.2508413233598557 -12.47923214619515
-0.24648972134502811 1.3087446835644316 0.26146574238554654 -1.5472916032182431
-0.31759794569268163 -0.6606937956130956 0.34963355982024408 0.86062328300231594
-1.2190929266406187 0.64765917304276766 3.0308936733123959 -3.5352881986854507
1.1700303829268819 -1.494621270396967 -2.7717681597328951 7.6329012306761435
1.2354471633017474 -0.28592234762762025 -3.1211468531652264 1.5951576551227298
0.80186011030698623 0.26701688079862196 -1.3174398325572507 -0.78207613166563461
0.56682202925341674 -1.8647831154094869 -0.74893469921250566 3.662176024551449
-0.44941224072784003 0.94551733091617196 0.54018064313925374 -1.518419600604495
-0.3739281664613272 -0.9490041283134234 0.42621165288637464 1.3470798731513325
1.3915095641760238 0.29685502454384061 -4.0858879569787678 -2.0212551677785164
1.9024443483566356 1.0227534467763753 -8.7879507122452516 -12.127691216784054
0.059553816038494745 -0.26654883882564295 -0.05976503299730708 0.26938491074462728
1.1464802629850661 -1.7304752624369648 -2.6534334032667397 8.5541735373276477
-0.73725762453414179 1.2797828939339331 1.1379931252779518 -3.366656281651176
0.89477232321507882 -0.60215382958721397 -1.6111427129949414 2.0484385293380609
1.5936217684635361 -0.041603889839348707 -5.6408319636054713 0.35857939264836436
1.6338811278123573 -1.4043723298624058 -5.9956371505469743 12.651572686734415
-1.5042876558260754 0.71402500278483583 4.90831213944249 -5.5612865926417134
-0.45646806615593993 -0.23920822247614781 0.55157916538063845 0.38873471953138938
0.73122596854251976 1.0274341191542358 -1.1222062178615948 -2.6755147345070887
1.4060277835336938 -1.0398473841238776 -4.185623973258533 7.206914338253112
-1.7250643293964356 -0.28032532994877846 6.8585917362930608 2.7829411564140281
1.192619639113619 0.16641164278855669 -2.8889321690947396 -0.87649425137306491
-1.6937888758006148 -1.8764143589029736 6.5531349375042822 18.026266661037333
-0.7544287666348235 -1.0063570546766774 1.1838215286380893 2.7246999428857221
-1.6754366838157928 -0.44530895839736662 6.3785350302222099 4.1953733674721327
-1.6584227361765937 -0.56508670083157986 6.2196921967280225 5.2276724001976547
0.97673186289624203 1.2103557531505493 -1.9085390726840159 -4.6744125532928447
-1.1310554378433575 -0.78695818395487471 2.5779992810528607 3.8071928984654906
1.5047328891248148 -1.5548133804798803 -4.9117807978127699 12.116137017351532
1.2525612283574556 -1.1570437608978161 -3.2177166026745283 6.6029350600323609
-0.039629428948182888 0.077922206008063544 0.039691666634994807 -0.078289334527091525
-0.78360519060149203 -1.0729674111378231 1.264767845259736 3.049492786787404
1.8953155421351537 -0.85804022453520412 -8.703707842291724 10.104850575758794
1.0133429540292158 -1.042369827433518 -2.053908294888652 4.2534857989973132
0.33659782860025889 0.12619452194390046 -0.37473372244511433 -0.16908731996937618
1.2225389109784408 -1.2025206889795448 -3.0497472652577509 6.5943879646115198
1.4374255325435086 -1.8865625873529268 -4.4074229007800962 13.580565078467441
-1.1784660018654352 -1.969533678570794 2.8150985113999827 10.175293136721535
0.097216118224888515 -0.50960871263096985 -0.098134905195879044 0.52405760816449032
0.39510636329938409 -0.980905522432582 -0.45678603770803106 1.4402901758007787
-1.8896673801110007 -1.8265508540061983 8.6373725528637841 21.3935287924458
-1.0287143609690599 -1.0308138855747822 2.1173546628615441 4.3034002773793585
0.21407853232009666 0.24239147805280181 -0.22388966967839727 -0.2757176045898852
0.43056735435245708 0.85687629125231712 -0.51038948123373129 -1.3334406709050435
0.27417533852577414 -0.59367017579805337 -0.29478567894788582 0.72755250621599343
1.4337803402289029 0.16469281650936285 -4.3812399557268273 -1.1803827628782577
-1.9075102622613498 1.6780690605021484 8.8481683291845314 -19.995512156961912
-1.8643502892446167 -1.2195022938194131 8.3444627551780748 13.935747833087961
1.657191260658271 0.71667566190043752 -6.2083072394129895 -6.6212579522344281
-0.90089193446508098 0.24428972600042798 1.6320614839019467 -0.83909095151426871
-0.1401652962315354 -0.57620799609792339 0.14291902713006058 0.61016907930808695
-0.52217934070024441 1.0780816794437622 0.66456264148750266 -1.9599673616595419
-1.5199420026003194 -1.3841503960561785 5.0313480263619228 10.977241507799864
1.2153150343774959 0.56788666602840854 -3.0103239560345907 -3.0841765246490498
0.53151162120846163 0.47860660867470939 -0.68166610100278247 -0.88423231929387169
-0.11498835852890155 -1.1276880781907703 0.11650877170028986 1.1724200448672375
-1.6701253348933709 0.051709764915917944 6.3286370530489719 -0.48441479747430638
-1.2877007692785285 -0.32190796009495593 3.4229317662005245 1.923245485743369
-0.89730487237550305 -1.3369648815472979 1.6197753046962053 4.566360906374153
0.47950834877063908 1.9098352389023945 -0.5897608674002035 -3.2272104991851078
-0.25277333362811927 0.48383718034339429 0.26892412354871242 -0.57658057866793599
0.9284476982562917 -1.5259137928826667 -1.7287836600789652 5.4719961151680412
-1.5126927030367283 1.4446587521588188 4.974095464585595 -11.361833173995493
-1.2702442170071406 1.4819614430235295 3.3198091370899738 -8.655486374377622
0.80577115680069999 0.22213213235798213 -1.3289319050756037 -0.65480142660914964
-0.35527308227373089 0.57358693226110313 0.40011528229597004 -0.79077957558197398
0.97468258959467757 -0.51726756160909693 -1.9006370444549137 1.9914896564937916
-1.2241714343977859 -1.870645126594964 3.0587094830230082 10.280667359882948
-1.1088973593528944 1.3266620637663871 2.4724567160569899 -6.2206654310987846
1.8912135156407661 1.9737186262990836 -8.6554952648455483 -23.151849130644091
1.4208068451690972 1.7188691592223075 -4.2889783867475355 -12.128471892220547
1.8126775517780391 -0.18961618696327509 -7.7687732823238047 2.0587387352728839
1.9375256097407938 0.47581030693105841 -9.2110073826260699 -5.8343938179025523
-1.2517164002772621 -1.3221975072516465 3.2128980792456634 7.5370306594542713
0.10296916120643829 0.85732961995372925 -0.10406090699399491 -0.88459951290513883
-0.69728576155293442 1.6844101386486989 1.036311281929438 -4.1413283288797285
1.6883636397890482 0.53656791085225475 -6.5011653860228416 -5.12514394529956
-0.027953754191161639 1.1361957317602691 0.027975597600569033 -1.1388592439704057
-1.5197816862565898 1.3567299122310383 5.0300767273615214 -10.757795195667946
-0.98301944811572639 1.5094338248897179 1.9329379137320231 -5.8852548698456246
-0.086660701055325973 0.61664127648522982 0.087311529602432866 -0.63053434708725986
-1.8782533798240837 1.8175523931568542 8.5044228172931238 -21.053631371482943
-0.59362269052253636 -0.25997621292539286 0.80280814305832182 0.53481362708218916
-1.7043678758760272 -1.612502101033837 6.6553347425853113 15.66482834066252
0.92048672401453624 1.6072053509989428 -1.7004112675922869 -5.6925404257298204
-0.22479465268450483 -1.9713394625419287 0.236154119015381 2.270190400285113
0.83250937117678525 1.8673611560691272 -1.4094981837790366 -5.7500075265846187
-1.7490812053799578 0.55351337498948228 7.1000192109963463 -5.6335789758398667
1.9854939474673272 -0.082404534179335798 -9.8126808179915095 1.0569665903713084
0.55474918508076421 -0.62755405523456842 -0.72547139301051911 1.2069370455276631
-0.24792598633288554 -0.77045397559203321 0.26316532599838249 0.91252714030153825
-1.7519263681883004 -0.83944184969418112 7.129019365262443 8.5688024667890197
0.7233661833997167 -0.70595108166510334 -1.1018737853376921 1.8141360803779532
-0.047834904172644244 1.1168829070968247 0.047944358950740645 -1.1245497879782871
-0.02371461198029623 -1.8944036636209982 0.023727948670689544 1.897599803852515
-1.0146012254218646 0.39744161526417843 2.0590476019586172 -1.6248394673857942
-0.84104329740343342 -0.055087654272417019 1.4359584934256882 0.17198704366554404
-0.64463589686707135 -1.7341608374193327 0.91251785032623367 3.8960807444458321
1.844608270290367 0.26110161090358863 -8.1210348714134906 -2.9263587107431368
1.6107887284870812 -1.0624124582895322 -5.7902061230192174 9.3321470854620205
-1.7648541604698345 -1.2302681102663553 7.2618634292359001 12.726054034131751
-1.1407119136271167 1.1291670272513814 2.6250332561651946 -5.5370636166106939
-0.22960166757709422 -0.10415730177145344 0.24170556163979237 0.12062986000417851
0.21488648577234448 -1.0616526223583964 -0.2248091274964962 1.2087218794497272
-1.8736238548785162 1.939841431128388 8.4509173491808571 -22.369085633561156
0.81602438263882426 -0.10581398133151776 -1.3594115860732776 0.31719723637861991
0.71087874286953001 0.89861894424408773 -1.0701203111523114 -2.2609663855915292
-1.3597376192507977 -0.29594748027839479 3.8737380018136838 1.9374672884492172
-0.55214151508043052 0.83784058984847842 0.72046751688038091 -1.6041134716170002
-1.7497883134590895 -1.8353736182077864 7.1072186786137443 18.693789481356234
0.7699080448764013 1.2653411391424623 -1.2262775038300491 -3.5154658971774637
-1.053826673577376 1.6114277379979054 2.2241545792767798 -6.9801441419821897
-0.74625199971367406 1.1093458567568906 1.1618338034692712 -2.9627035120129497
-0.46280679566178806 1.9022002661386361 0.56193544344071744 -3.1244978336413465
-1.621949305943116 0.70609943402082154 5.8888430558986045 -6.278748192211201
1.2213295260737986 0.3652180907479381 -3.0431205978095131 -1.9995461965291634
-1.6859135948585418 0.65449155179104679 6.4777936438916921 -6.2352846935974879
-0.11829448062868542 -0.021070674916036314 0.11994984439751348 0.021955237703464525
-0.1625670789934448 -1.2476604807336438 0.16686341072630936 1.3465802007976273
-0.23934427268019842 0.019176926061251098 0.2530552723017771 -0.022472615860189945
0.8725473522591134 -0.42613632804723256 -1.5368515778628784 1.3994387946885511
0.24506011403793782 0.094834749124754758 -0.25977706672960443 -0.11192049792407614
0.42925435768295284 -1.5127312695036479 -0.50834846669250255 2.3489357002154363
0.94593431681604789 0.041054318847546067 -1.7923485222629441 -0.15125951401734999
0.32375696906637952 -1.7642204544085902 -0.35769271321640361 2.3189896765602906
-0.46096258256105349 0.14312906375237189 0.55891090952266353 -0.23436804625006502
0.94115034703718603 1.6347093025240182 -1.7747874201868339 -5.9786091354147368
-0.55084574729070246 -1.7282672171235816 0.71798944378795981 3.3014969604365469
0.84744637022326685 0.61236498671016104 -1.4560529896437573 -1.9317029324787764
0.60108411612745138 1.4506332342546302 -0.818257078373269 -3.0229837996545799
1.0371540051583152 -0.83819486112224162 -2.1528085690666634 3.5431044047521012
1.2217687277178819 0.49608510208581924 -3.0455259061927804 -2.717631812697924
-0.67393461835104551 0.15841215718510959 0.98002754705244943 -0.37425879785778093
0.25631271880660567 -1.2466870652800006 -0.27315149296138047 1.4923949103491532
-1.3079954187418235 0.31815910929865998 3.5457820170951133 -1.9511285694304441
-1.7839686885621528 0.19902335799399884 7.4615280372026573 -2.0992253077614929
-0.25448250120071192 0.42838292484530571 0.27096312985468257 -0.5116108859754388
0.67715127171810696 -0.88906386701294293 -0.9876480478430758 2.1120614866274043
-1.5736648402691764 1.6307451042212597 5.470721544095599 -13.745979513761478
-0.93621914671780848 1.8208121577089651 1.7568211182719857 -6.6086720888501409
0.82640731803389045 0.9793996031830261 -1.3908014151781161 -2.9860397044480593
-0.73509763626079971 1.9772192202074015 1.1323212689286128 -5.1825003794278324
-1.4899053337786845 0.84965023751661173 4.7972238684027779 -6.5078566646852316
-1.9383477678137413 0.10550628672283224 9.2210926279851186 -1.2947284378331922
-1.508222039427328 0.67558381195959871 4.9390255700830963 -5.285903645645905
1.5347436628967057 -0.54457855831757396 -5.149737376794846 4.3927418300773855
-1.9226622910028373 1.5102161048375784 9.0300339442210742 -18.258347876056305
0.71832918560695536 -0.2447103848259613 -1.0889847602994021 0.62351972518808096
1.6363049341627889 1.4204673714389582 -6.0175013117616594 -12.830345271910936
1.8762158276804626 -0.93078386686748971 -8.4808442021279582 10.76038040937884
-0.2294788797092302 1.5503086153473129 0.24156336515835294 -1.7952289573964726
-1.0371269089473905 -0.77559697573561337 2.1526940338983689 3.2783682784883279
0.160988055199486 1.5150149585067898 -0.16516040740487553 -1.6328095861049268
-0.055530087912537773 0.15161285316179862 0.055701319973172327 -0.15301538909726131
-0.065460436633538954 1.7730653992076948 0.065740939105851728 -1.7958585206850659
-1.2414935903416251 1.3349336894711268 3.1550155258224368 -7.5075589460681176
-0.75438742866363384 1.7242286612352653 1.1837096104325835 -4.668006284974572
-0.05192169580042183 1.0983960783727107 0.052061669552796161 -1.1072794527490439
0.65773548351516364 1.7548758410806982 -0.94228235526938187 -4.0324377641256479
1.75850067701277 -1.7746128458651032 -7.1963556342651449 18.237649887427558
-1.0170524436879016 0.054751316857735599 2.0690870908678827 -0.22465489263856156
0.23416433287025118 -0.83439253951892578 -0.24700425046433461 0.97164911464145698
0.22153088923247299 -0.84248482845366768 -0.23240272472726931 0.96652202019984712
1.7330520607715685 -1.4884404974939702 -6.9382209724904325 14.899897163803848
1.8952934164171551 -0.25126148298719331 -8.7034472779504668 2.9589585933706597
-0.053885348760049467 0.87829580131924967 0.054041811918970208 -0.88594654156887642
-0.32064509420851373 -0.11759635814807812 0.35361166691849921 0.1538677587839202
1.6597216391828167 1.9093789746337153 -6.2317168718317841 -17.68853982291369
-1.4927884204596156 -1.787204988857424 4.8193439144678756 13.735120366119297
1.2270486420693736 -1.8340509271591112 -3.0745524299171079 10.11835829410505
0.48953757744086968 -0.37930898354429399 -0.6068538087095422 0.65200980868866687
0.71533698104325794 0.37121291573307413 -1.0813799190611424 -0.94106965419059352
1.8041757422408735 0.27460133376187335 -7.6768581884794589 -2.9561246378509836
-1.9469944135239383 0.47990845054008835 9.3276360049150302 -5.9376009516275046
0.68496647898920537 1.266034545367734 -1.0063384196094149 -3.0480253049920396
0.0061746411771830267 1.0181679599012914 -0.0061748765927483722 -1.0182844165077656
-0.18141431863585966 -0.59038384349611306 0.18738487339681284 0.6486744860553294
-0.95636391330934245 -0.33182559068310002 1.8310848895979459 1.2423204366319105
1.1157608884236341 0.25378147488145641 -2.5047965669873102 -1.2015961728860314
-0.17026745652701392 -1.7419438623876959 0.17520368150886484 1.8934459812168891
0.74686987351082879 -1.8027457430574927 -1.1634847991989736 4.8195394727926386
0.34820683138175212 0.71594913076360722 -0.39042621237507352 -0.97637132584461439
-1.8869459288084678 1.0268421236042236 8.6055394432915371 -11.995256310864638
-1.5302837408293 0.45521128477503092 5.1138537371097277 -3.6532093917222426
0.64566148361706732 0.77174382255599783 -0.91482403675159163 -1.7369146260609885
1.6258961644675916 0.75849712714577278 -5.9240150082439333 -6.7738458309229417
0.15561172133901113 0.89860121390801773 -0.15937986038782173 -0.9638801201684013
-1.4881435930059683 0.6975935412235641 4.7837437638297482 -5.3322055593651285
0.67707287586646059 -1.1004532680734216 -0.98746182302226615 2.613887981438793
1.454042956572013 -0.68832405362134041 -4.5282400741497408 5.0541726938654348
-1.0877508653959596 -0.13451201747532782 2.3747798051924387 0.61197665965183701
1.1275011467483971 1.9564089243559004 -2.5608469420610458 -9.4177153196302843
0.74666964641067324 -1.2898067157029405 -1.1629495931147007 3.4470686592640165
0.42423296304890101 -0.82127511601208925 -0.50058369959048887 1.264698650761602
1.0493226050016577 0.34969853422981334 -2.2047085661553574 -1.5048345481476146
-0.09851349521238939 0.17027667848984906 0.09946955969298174 -0.1752342373652015
0.073664460485967531 -1.4039296086497064 -0.074064197199315632 1.4267846816590564
0.36268502719931073 -0.74903755771439995 -0.41039277125250606 1.044623722648895
-0.13454979442242054 0.96093469590431813 0.1369856364286666 -1.0131239639947858
1.8400136971373988 0.74775073730515684 -8.0696568172581493 -8.342618498559295
-1.2118340083619032 0.85861713066855527 2.9914627392783544 -4.6413622196439999
-1.0241697244463324 1.3077103740312044 2.0984455438875567 -5.4227752898984107
-1.4629851937560008 -0.87880561881996622 4.5942499692411882 6.5215963123702823
-1.0866033244392614 -0.16408642044725585 2.369563241863208 0.74530027013625444
-0.31530872488601647 -1.8821540309343781 0.34665658966483354 2.4435229883836076
-1.9886604512766959 0.50417247084333816 9.8533559206885215 -6.4858315489904115
-0.87176549875954956 0.26269985980555566 1.5342855576290142 -0.8616359045252433
0.80579677393637361 -1.132707108011838 -1.3290074208921843 3.3391359668637155
-0.5594054188717652 -0.77581328421721585 0.73446263066100792 1.5041493307898384
0.11737213974446536 -0.14837387931586576 -0.11898908406817249 0.15450597256563992
1.9922775554077727 1.336674532838046 -9.8999655766670571 -17.253139329053152
0.11556540968230822 -1.9537681702743002 -0.1171088277846061 2.032048025033204
0.27509402044023279 0.80522982202623439 -0.29591223362131236 -0.98804127755563897
1.3084885331406078 -1.249567113467124 -3.5488070230664275 7.6678770286128879
-0.86742423463682528 0.71668989412850115 1.520095743357984 -2.3344556509795313
1.321567339124794 -0.87209191490431071 -3.629737865993818 5.4415227606362357
-0.17285109329005355 -1.9243227604411901 0.17801545190788093 2.0968046228733157
-1.9959830406656609 -0.17494320543599118 9.9478762796098508 2.265837262394121
1.1941928314201196 0.26400943439910129 -2.897227070863583 -1.393518240233482
0.23502981199351103 0.43571073156480544 -0.2480126267221347 -0.50791542324028283
-0.18570368373631929 0.94129630489521965 0.19210783463218395 -1.0386805374475729
0.67571439422009627 1.3941648897185246 -0.98423879066146891 -3.3038498904500133
0.46817982289622817 1.1663087315611169 -0.57080125689224215 -1.9332465746390071
0.58285917973591461 1.5224102613325265 -0.78087091164017952 -3.0740119328642153
-0.072384441067930183 -1.8373328026306122 0.072763699875942972 1.8662129585743961
0.68172340622556149 -1.1927601678875339 -0.99855217952359654 2.8557545907555526
-0.5720912250145691 -1.4250051245242248 0.75933002939138627 2.8241679367485779
1.3349041174416421 -1.4014890295631042 -3.7136618763828793 8.8937190547431779
-1.0550284821202571 0.28136650319837342 2.2293649636235244 -1.2209210886295359
0.69552816068375156 -1.5083003309439151 -1.0319964618923723 3.697263821219551
-0.64266941592314764 -0.091490538840616864 0.90810729473141749 0.20485389778930091
-0.6325834278972513 -1.493572094325236 0.88571914678499741 3.2865835571663315
1.9386153806925117 0.12037892946195594 -9.2243770762940187 -1.4776138951488587
0.0050114718125988666 1.199351500268476 -0.0050115976749603589 -1.1994418648665786
-0.88365448297025573 -0.70784904210104305 1.573651884462131 2.3660107187888975
0.90395788388454701 0.87532535443897075 -1.6426178988047107 -3.021115056249239
1.9549640224156106 -0.82103774409016506 -9.4266103833262136 10.234771606908103
1.0319714515528213 0.97722746084172574 -2.1309850077318568 -4.0993668145596001
-1.7859954987284987 -1.0005605340913695 7.4829280804235712 10.57526423969661
1.8423206013695599 -0.65031499649094471 -8.0954242241095411 7.272105564522402
-1.1511093600555582 -0.21524593671663084 2.6763899932863309 1.0708826035220704
1.611705867837177 0.34982014188924548 -5.7982662680913926 -3.075894140509412
-0.55555398352505847 -1.1528375708262857 0.72702029200574025 2.2202737250582913
-1.9424034887169332 -0.5046989885655444 9.2709584337380875 6.2172828413299435
0.066871283932620429 0.4063078904985109 -0.067170316841341504 -0.41175863511653787
0.45529041975029028 -0.83376424023675222 -0.54966728235025364 1.3522556232845941
-0.025335112113376912 -1.8236334149530746 0.025351373908732266 1.8271450102360687
-0.22927883864785326 -0.44296664314091494 0.24133174881706065 0.51282529894908957
-0.32585555475452299 -1.5829527309849971 0.36045549796819576 2.0871952439899002
-0.87830931528171075 -1.0852230666245992 1.5558610579266188 3.5967350151712512
-1.8443196754118283 -0.34305354385132469 8.1178008362061451 3.8437589365015157
-1.4931773139803659 -1.7556441934566229 4.8223333364586711 13.498683788120672
1.6435363668248217 1.5259079273998988 -6.0830761766667312 -13.89130937501008
-1.9204410769580655 0.62843057810340452 9.0032081559400812 -7.5815635798200018
-1.8389857616476726 1.9738969308103109 8.0581940228179096 -22.000277267428729
-1.2463808844081816 -0.044633529386772341 3.1825903501596162 0.2526434479509474
0.94236639795714083 -0.51796541309078492 -1.77923905046018 1.8979098490271524
0.43811563917383589 -1.7149643209484586 -0.5222098827917363 2.7025024125386357
-1.0960841832503081 1.5093526971799203 2.4129203093539742 -6.9493641188883002
-1.3090987258080071 -0.56199454160307427 3.5525528874732841 3.451331231808128
0.00024738286511638563 1.2414667255892686 -0.00024738288025579196 -1.2414669535161607
1.2634507668273343 -1.3853898937015927 -3.2803071316161878 8.0199161408364663
-0.3297170153180069 -1.5418369762567599 0.36556164347926517 2.0446915806443919
0.25046326108429451 -0.47942386641603107 -0.26617528359514475 0.56964929766799055
1.4067504391087118 -1.385400365672727 -4.1906347160731103 9.6103012181806218
-0.33703355213945763 1.0252181239376572 0.37531773772640287 -1.3745866720371802
0.3417875626225606 0.79730824898836961 -0.38171475433973889 -1.0767298792324278
1.0855089241320184 1.9728882319210483 -2.3645962469550561 -8.9470261796531059
-1.0293492929605104 -0.43347258258250099 2.1200065957571268 1.8113431683658188
-0.77294452358389476 -1.6066721015644965 1.2347350014184375 4.486358242808115
0.53918397207285329 1.083981986781696 -0.69593518905934726 -2.0293856212753592
0.26896129466903584 1.583528863589752 -0.28841800260858502 -1.9271871433131396
-0.028558802155614238 0.2118720039882227 0.028582094862603047 -0.21239041570043021
0.67914964719591042 1.1346051735448968 -0.99240351229496582 -2.7045954876463081
0.94293285305540353 0.098857982411830303 -1.7813155417502411 -0.36254851188532439
-0.20381918297133073 0.45364667536595604 0.21228629233023993 -0.51018319888596386
-0.0012725180204449238 0.021501109131175866 0.0012725200810360423 -0.021501213581550167
-1.2525227346118903 -0.6734897887399458 3.2174969348724964 3.8432288021152874
-1.568385342347097 -0.062347110021829355 5.4263507087236427 0.52243746791422097
1.6198124854002862 -0.66372494926590875 -5.86986431633321 5.8881545569306786
-0.51268800945562898 1.4239313957450865 0.64744753750988127 -2.5467682048757734
-0.81205978589580319 1.4397256825292919 1.3475653810181889 -4.287968528043467
-0.054227028180865222 0.34619186947314518 0.054386486584863648 -0.34924587435790283
-1.6924269810089436 0.5391778211672289 6.540060960184034 -5.1722936176602596
1.0203709169013022 1.1671164576937794 -2.082737043777481 -4.812570194867039
1.9676120508913222 -1.9900240732916954 -9.5852165627855044 25.103141853726783
-1.7663267059771823 0.37039949924411575 7.2771071161833163 -3.837238840138399
1.5332301743214498 0.59865185983744684 -5.1375396454124331 -4.8205748387273006
-1.6041622922179553 0.11055802165632356 5.7322119270094545 -0.96406705213722743
0.65056318268236524 -0.57889370497604453 -0.92590263540162132 1.3139135162118849
0.37067653923187649 -1.8117855146166786 -0.42160790225698258 2.5586094648978732
-1.3876768053442947 -1.161390944153883 4.0598523660859192 7.8706776141101251
-1.0531596168448769 -1.4513997969928285 2.2212665281149366 6.2808390579543625
0.29719983094074109 -1.8398701109043696 -0.32345082019084909 2.3274048145756088
1.472614904373263 0.23580220735064428 -4.6661197172005391 -1.7698804279633826
1.9944292166484354 -0.91661509728198576 -9.9277658453109474 11.854806432854549
-1.6656889442179166 -1.8910020644342196 6.2871756655459174 17.630869272756023
0.62238406602603247 1.6643836287453189 -0.86347195633145668 -3.5985401710642138
-1.6020243167004615 0.58415613023520585 5.7135907469742664 -5.0818345551054591
1.8062344363929146 1.2890878524357472 -7.6990432887178883 -13.905968842859144
-0.8153517697436321 -1.911811697317165 1.3573964101101268 5.7247203916096039
-1.28694846528475 0.45180878210637232 3.4184392970244692 -2.6967151697436007
-1.3842006467920855 0.48148283101999656 4.0363449082614355 -3.2490626546064552
-0.20006925127117725 -0.19160141662894414 0.20807756430149377 0.21460951175102144
0.121443132568547 -0.99582458036465971 -0.12323422864840147 1.0398851410004897
1.753805138831015 -1.5590199465001682 -7.1482159221138772 15.944872441537091
-0.13235391149540243 1.2364799784041782 0.13467242880174396 -1.3014603072018154
-0.63902742743347662 -1.4015610406296717 0.89997814546678145 3.1185688444514832
0.46151385718969928 -1.5938649788851276 -0.55981401983687851 2.6123209854898271
-0.28504300385218562 -0.82909575361902643 0.30820260939712474 1.0311866348541749
-1.1039760016705893 1.954153217762391 2.4494611189344448 -9.0991022040822358
0.32097081308772335 -1.2111224390020343 -0.35403795256217124 1.5854401617804756
1.1174301351166074 0.75795168514098332 -2.5127093927460518 -3.5972010430942802
-0.27911773021843178 -1.1163943507282865 0.30086287353502084 1.3773181745436238
-1.6116272460109036 -1.4650614564511963 5.7975749929741971 12.880860087259073
-0.49485417856361646 -1.7109074963607562 0.61603439544504468 2.9678119570335353
-1.3378286591882129 -1.0809223462832365 3.7322550234441145 6.8847798415123194
-0.85724975775007817 0.88181323314846205 1.4872230141312579 -2.8258864124674883
-1.2093574644822636 -0.6497210959402131 2.9780977541148044 3.5004610462798129
1.6964847737605901 -0.85858708099982595 -6.5790707385870277 8.2717839975481269
1.492081668897316 1.0782701572948987 -4.8139145873286289 -8.2799536404343268
-1.8403625009726308 1.6361431252397844 8.0735490762654738 -18.260670127032842
-1.2018050114103405 -0.89139261059485131 2.9376143956221474 4.7538020126121543
-1.8086469582043962 -0.47934580380705993 7.7250997958686272 5.1834592765197707
0.57923927304051226 -1.5297558516960765 -0.77358455390034231 3.069538344780153
1.9689818440798335 -1.8017613968980126 -9.6025068856437805 22.757450932834484
-1.9575543848464121 0.58090532599373246 9.4589403131738958 -7.2590263608406396
0.85538466783562805 1.9513868858624503 -1.4812550278475338 -6.2347763083109244
1.58789391572921 -0.95149031679282103 -5.5916208892213879 8.1487736024534829
-0.12084245193434651 -0.29659460842204366 0.12260710195691391 0.30958803103307314
1.8594468277679828 1.821442205624956 -8.2885632711143629 -20.714583746292369
-1.9471996035604957 1.8440575549326654 9.330174936203802 -22.819767618473801
0.58785160116458357 1.8493284183951166 -0.7909951879876449 -3.7665429367311272
-1.559344753715032 -1.2055115763409621 5.3509789407036168 9.9993185162914759
-0.30445618368539895 1.7800747637951257 0.33267731358518388 -2.2750792061319007
1.5158342325212932 0.94603304508874775 -4.9988475251829518 -7.4672850408177895
0.94474687995326212 1.8049113423841279 -1.7879775589855946 -6.6378141519928349
-1.6091692999387748 -1.9098485454611747 5.7759938594817521 16.746082044082804
-1.5138098839575358 -1.5042033043236276 4.982887442420993 11.845392079139524
0.59876909229785324 -1.6225942352573663 -0.81344243735533306 3.3678132352073966
-0.6965669015089353 0.19495194672400018 1.0345449572110277 -0.47872718683252102
-0.80061535320693311 -1.2969959782395262 1.3137977403802203 3.7910606608652597
0.67152541722867065 1.0868605337372768 -0.97434737722443154 -2.5572080230101326
0.36147893941536147 -1.6516959055748925 -0.40871231653761952 2.2991624693986639
0.071919733514805184 -0.95944650355758965 -0.072291734601535373 0.97433456520103656
-1.5608417075167371 -0.70502684992985554 5.363406161998082 5.8578428454675873
-0.61016282062920091 0.96211498859540034 0.83732562581621417 -2.036697373817232
-1.0419087540056049 0.056508977719015974 2.1729776531838194 -0.24054298350871053
-1.2738645245529638 0.52396615117009793 3.3410037578579033 -3.074734228460557
-1.758350986519789 -0.51441943925973721 7.1948173871828303 5.2858627156422759
-0.76362597225716344 -0.44725904995001908 1.2089150813560465 1.2296823479684369
-1.0203832777134583 1.1679746591801261 2.0827880136885337 -4.816197351125191
0.2211910113284703 0.26092833230246715 -0.23201288407809306 -0.29922645109114587
-1.4996786615494804 -0.50710544607176011 4.872510091638091 3.9286007918402146
-1.3518877159913303 -0.18811370808259076 3.8225982419609901 1.2195037706027421
0.19700078673884036 -1.690539089988262 -0.20464625133684913 1.8873650566965507
-0.75466162985607887 -1.6435669741448331 1.1844521258231839 4.4516710450020351
0.2725444197178315 -0.45642320340870679 -0.29278914478095436 0.55813318090527975
-1.0978271979204952 -1.7282643101781918 2.4209554956412376 7.9771040703947769
1.7178360253412244 -1.0040956545428044 -6.7871024704936591 9.8932358301066703
1.7911342080158579 -0.8512432379049848 -7.5373824653031765 9.0440212281556605
0.35556209566829722 -1.875026075492638 -0.40051382165407412 2.5861732370311521
-0.66070340190480792 0.96073198467463161 0.94911958751503067 -2.2188940598875511
1.2238091776142226 -1.856086666364265 -3.0567190787605787 10.195719242409242
1.7435977626730019 0.21628587325983917 -7.0443671351868424 -2.1888994379714024
0.71965975711052055 1.2103086830966006 -1.0923788613822973 -3.0908021960338856
-1.9702032300116508 0.63317141217763773 9.6179426201740981 -8.0065172820964499
1.8454475045448224 -1.1396089709537729 -8.1304446880498649 12.783027418407499
-1.6345073304305595 -0.2155841160851768 6.0012803460394837 1.9434568821253289
0.93716732357911736 -1.7940035732192716 -1.7602650700301776 6.5209299003212156
-1.4882976089269557 1.7946515928791418 4.7849211233944828 -13.720271722634417
1.9571136908120841 1.207665708191537 -9.453434515628663 -15.084809851989251
-0.71619504293610659 -0.87481909178274497 1.0835567904515568 2.220995975385633
-1.0697492809428297 0.52660008173583162 2.2939313379621531 -2.3344658576802968
0.50535431248289076 -0.53485567055999761 -0.6344132033392812 0.94463477744984681
-0.19110531160469657 -1.0914292353085306 0.19808471457869337 1.2110102828501554
-1.5359026373156066 -0.56492663905149643 5.159092214820669 4.5629072289742991
0.14014575163604803 -0.42462783024849005 -0.14289833075763048 0.44964796149771041
-1.7022229794075852 0.036033734993790922 6.6345214242074846 -0.34926379454579043
1.8917247749201258 -1.8013973572315436 -8.6614938529187508 21.140961369691215
-0.67413674522387934 1.9053108575068674 0.98050516725630155 -4.5029755821990314
-1.7144699043418949 -1.3091572821988322 6.7539948331391448 12.853595728127615
0.61874913554856859 -0.58826346066449808 -0.85563754697708705 1.2639143279972276
-1.2954706899685338 0.37571238534159779 3.4695870023243014 -2.2673239024152205
1.9126584562986313 1.4085666156602477 -8.9096649145001692 -16.867285354689027
0.012659556834582197 -1.5903858249933012 -0.012661585710599846 1.5911504715843232
1.7020504797803251 0.34985223733010473 -6.6328495908802996 -3.3903926701842364
0.55137640594218462 1.35547685784447 -0.71900362285628316 -2.5917365752892572
0.71551508627222526 -0.1499729818650235 -1.0818315054456864 0.38031431251025988
0.6989217422475642 -0.031512037017069172 -1.0403391436413978 0.077692133331127747
0.46225218531307366 -0.6292051361805302 -0.56102488380104398 1.0325452901764498
1.1680733619452663 -0.90344049564758055 -2.7617872591833588 4.6013906077280069
1.8816051090701511 0.21688809472142756 -8.5433109364538566 -2.5205245126888958
-0.023859650454274295 -0.34443598537257936 0.023873233345750314 0.34502422994289078
0.94677202746026534 1.5607147201338805 -1.7954369546232281 -5.7576823296575101
-1.9482312178940804 -1.3107444649786606 9.342947132739317 16.235948721714831
-1.2464197001984885 -1.6232271354041239 3.1828100685346707 9.1885794564191059
-0.81721702892711923 0.41205401564888655 1.3629902506478551 -1.2376170167242662
-1.0465738296449558 -0.93762297792916316 2.1929037077034561 4.0186055235724467
1.496486450268133 -0.88128639614748217 -4.8478254988458804 6.8021342164405887
-0.80146117905333636 -0.76207311465090788 1.3162717700615663 2.2306032972668062
-1.1185514507383845 -1.4274229746185436 2.5180353173886658 6.7852152045939365
0.28513451468338102 -0.90126362827827755 -0.30831643302182887 1.1210864005795571
0.26630433173809065 -1.772374182588357 -0.28519010156466806 2.1494538640242435
0.28107437026253113 -0.40629028024822533 -0.30328003297642064 0.50258449147812501
0.38819221460495701 0.82500688049563253 -0.44669013988419748 -1.1979756498400076
-0.80175789246966023 -0.20759179644997516 1.3171404678898662 0.60792160559324104
1.3421006164235889 0.22005091712016922 -3.7595379648525586 -1.4091405407131514
1.522882207590798 0.46574600959211843 -5.0547052692569032 -3.7061788336619967
-0.4076567703463021 -1.5967913588039941 0.47540282035792036 2.3928750874742684
-1.3638907039983788 -1.3299533871846685 3.9009972625570368 8.7518826912959788
1.4184186935085474 -1.8194994227387977 -4.2721517025850844 12.801515353074086
0.37400166205175678 -1.4562355739601291 -0.42631598349831079 2.0673182266424166
1.1088045003751459 1.6448657493568595 -2.472021332703612 -7.7116936049938039
1.846018826500269 0.84094600093895533 -8.1368550305617209 -9.4382367854487921
1.1897291572405204 0.014071307767359542 -2.873737797805763 -0.073823236313637297
0.53557926554594415 -0.97392335323153389 -0.68920758013843875 1.8120189233431596
-0.81259112404453893 0.09910789594353675 1.3491485657328828 -0.29543201587939755
-0.76307847149372865 -1.2851511141214651 1.2074104836024571 3.5301382356303348
0.74173565234670935 -1.3747508488448577 -1.1498176749762496 3.6437982051369082
0.67181468842886494 -0.54444946495798252 -0.9750281544310857 1.281636722886377
1.1048458754127433 0.46113481456563932 -2.4535140092324141 -2.1498350495206395
-0.99357264436607906 0.32950259238880131 1.9744142446458022 -1.3053442236400865
-1.2844321952684008 0.74983196305689637 3.4034448428420667 -4.4609739426625898
-0.81967953926623016 1.2033608596014491 1.3704013584710615 -3.6288834571992541
0.7794817184952807 -1.1902477247128953 -1.253088379514429 3.3598018167900103
-0.97677262563049405 0.81616027838554173 1.908696503860162 -3.1522185337009052
0.12891750200841345 1.5597680310049644 -0.13106007509450851 -1.6375367657008464
1.9421722514804984 0.78508010641164283 -9.2681101814438609 -9.6691244416704567
1.6029029567644799 0.37407783425181718 -5.7212381395376486 -3.2574300036268675
-1.4103284248444772 1.8487915247288513 4.2155087054397935 -12.880676233440633
0.57694606539113424 1.7131579808894415 -0.76899223424017082 -3.4239180324720238
1.2992074486247924 -0.72751387223747299 -3.4921916623916198 4.4115131568826831
-0.87392765598296807 -1.1869744110009006 1.5413895081301747 3.9066279202844236
1.8660650721486469 -0.68920212480750553 -8.3640747269282478 7.8890186712966903
-0.79995502181463696 0.8842852552820637 1.311868668553938 -2.5819220377690475
-0.95954436763052664 -0.17562572083194405 1.8430212330512825 0.66073490357151177
0.82627539045963694 -0.3160670061783688 -1.3903992313155256 0.96343325556156334
-1.9571899824902017 0.098383330991197226 9.4543875001514461 -1.2289827181002222
-1.8494600602249474 0.96279435123910018 8.1755428464462145 -10.842515848934928
1.5135548605049718 1.0244450999795349 -4.980879463500461 -8.0649900956041858
-1.654865912934476 0.27307588495120338 6.1868505737255539 -2.5165973306910874
-1.8727064353129448 1.7521262627267995 8.4403429481582286 -20.186401172894517
0.55367513935525903 0.88661976598060788 -0.72340766393028788 -1.702016018338532
-1.3556110575768567 0.52975453520757698 3.8467922016035532 -3.4503146066871961
-1.7740064248120038 -0.44993090888560738 7.3569799071466715 4.697861972817261
0.5755575448775323 1.0388755621970001 -0.76622047110335201 -2.0713095374050927
-1.4839215347715906 1.5753834115000673 4.751551064620978 -11.982475502885171
-1.7643683894747544 -0.88910250328897567 7.256839799871436 9.1924196155626436
0.77548283053154465 0.77733864076973402 -1.2418377479245057 -2.1797514989140376
0.95687792916448888 -0.92640199657939615 -1.8330100695863742 3.4710857208541892
-1.2532752992315772 1.8447419477536964 3.2217935279596079 -10.537344810857123
-0.2777539672527749 0.66531442156688536 0.29918192653715436 -0.81929598817764948
1.476630709355546 -0.43329014009399414 -4.6963327918344637 3.2675773268755912
-1.6537529753913272 0.025570618529300315 6.1766001746402157 -0.23536978827097399
1.6156161327840119 1.4065610986338863 -5.8327223860666457 -12.420843794211617
-0.48575208746288556 0.74839212691105361 0.60036776520839263 -1.2781529229582711
0.68406021740974055 -0.55971169802442677 -1.0041582480801456 1.345443455496995
0.8964288470451427 1.5629492103227278 -1.6167853332817022 -5.3308353231764389
-1.5196749742329589 1.2166026313617606 5.0292306373284843 -9.64551287933309
-0.60231100847476249 -0.23854700177386112 0.82081652333835475 0.49816620867043149
0.65129518893893179 0.89633404363601521 -0.92756511424478161 -2.0369695503461585
1.3416956665340036 -0.80710089607391788 -3.7569454465405769 5.1658022997716415
1.22375165730941 -0.3716877806405301 -3.0564031245849073 2.0415710919086787
0.87228555945208264 1.390879755548768 -1.5359920253102346 -4.5657662717331515
1.1430946194986276 0.46856199043619817 -2.636736703846883 -2.3053230846712256
-0.67223948318092841 0.53503861359420046 0.97602848713501544 -1.2603999687394694
-1.2492338532773091 -1.2517492344004832 3.1987697412429847 7.1121332981093008
0.8048264708469155 -1.937328350197864 -1.3261493148747736 5.7020163739832563
-0.27446688664371877 -0.40397679109942475 0.29514304587262319 0.49527401707476859
1.4061314117022454 1.1764016989213961 -4.186342238696767 -8.1543655926586354
0.46925018702286359 1.7902203377594201 -0.5725770782708518 -2.9728170032387977
0.95585134548369055 -0.54228434846051643 -1.8291666427158901 2.0286615530263061
0.96217027186458104 -0.95235571138803987 -1.8529202147682313 3.5973474150880347
-0.60197607878550752 0.25691541281296226 0.82011728038748044 -0.5362147346771573
-0.26325190718868097 -0.60823967577468174 0.28149567677742376 0.73469556304327766
0.93679489331208199 -1.1041739876038887 -1.7589117326176651 4.0111924882799226
-1.8498057634159428 -0.88975547668591171 8.1794366486713788 10.023401598248938
-0.20176861145747882 1.4546112150653827 0.20998272715646155 -1.6322653813592747
-0.31052698062039319 1.3665930427126471 0.34047016754857368 -1.7619224680425407
0.097419072555553043 -0.81806639513436741 -0.098343625896122708 0.84135791286046635
-0.81383188479036761 -1.2155712141784534 1.3528509204068628 3.6308711151835009
1.6901349143429218 -0.30562450112237682 -6.5180999931933661 2.9247250347035818
1.0389458407107268 0.66998844500431431 -2.160392770583095 -2.839562031783561
-1.6408543626716869 1.9003592170025216 6.0586956361036517 -17.249958012993442
1.8350535676756081 -0.024795183040665414 -8.0144525817218355 0.27528268760217089
0.63781627377162931 0.31789166586150008 -0.89728605639642067 -0.70585580928902936
0.054552847498156698 1.6519228225422764 -0.054715197490780784 -1.6666712547701832
0.92518149007349049 -0.31382606667073354 -1.7171005688166043 1.1196944901204537
-0.88254176921241179 0.25497846102952426 1.5699358798275425 -0.85077131263070482
-1.544874661143691 -0.36343459600334294 5.2319307980063359 2.9655947412483283
1.2799884820324237 1.2259157485945678 -3.3770838694276191 -7.2514283945302509
0.24663989261712738 -1.8172667752730653 -0.26164330228736404 2.1489065309535094
-0.91432402372310495 -1.6235289737505729 1.6786883200100307 5.6952832402602791
-0.80133356632521391 -1.0150954908011842 1.3158982841991829 2.9705819952586756
0.75128027894342742 -0.47377348076951131 -1.1753194397658737 1.275998089225769
-1.3040302498626115 -1.8015790864433532 3.5215270294934786 10.992307191545258
-0.43927447264401787 0.053301963960358911 0.52403778080847963 -0.084157734634319539
1.2383752262037051 0.44934341775190134 -3.1375142857373195 -2.5166464881136932
-1.735412462853346 -0.2477052483089599 6.9618785414054338 2.4857145495170929
-1.2266186588327685 1.9018166393805354 3.0721809165138483 -10.486198554809503
1.1256870240385561 -1.0421929027371557 -2.5521252867660755 5.0041036342134921
-1.1095922321945602 1.2055516313312009 2.475716553681873 -5.6583587705257754
0.81123812000974604 0.23701257545863186 -1.3451198385699095 -0.70495168477232362
0.29570515278853238 1.5592605587846782 -0.32156206596123177 -1.9682929801196816
1.3126578654596308 -1.6224939238027778 -3.5744601354790611 10.009509009408983
-0.72145089288425712 1.1695032512683268 1.0969598715468631 -2.9956523728142384
-1.4309685872763778 1.6328704321282097 4.3611216052614914 -11.663615202953231
-1.6124938252711924 1.1248335271747556 5.8051976128015301 -9.8989951068636781
0.069510756127891593 -1.4407503874840071 -0.069846614391375336 1.4616344038668942
-1.3342814649807866 -1.611517801158163 3.7097121341377175 10.218507201596017
0.56311896998605837 0.32014235296114135 -0.74168567028614052 -0.62469662998713404
-0.93830531882188151 1.0701456297969183 1.7644051519708084 -3.8966684315549229
0.69615741137038878 -0.18842026450822758 -1.0335397568706568 0.46236550910928514
1.7093256458231472 0.17070332347638439 -6.703623341256618 -1.6669832461304226
-1.0604391721785569 1.8012066304850682 2.2529361471763441 -7.8777459961142311
1.1317870205825256 1.3136605137346757 -2.5815403918050404 -6.3618287391889252
0.53903985745898098 -0.32490073135366559 -0.69566541731435994 0.60811406840951943
1.116432046642458 -1.9421998013565549 -2.5079758529245737 9.2045928299371997
0.42683155924111293 1.7198495053070109 -0.50459394367585508 -2.6598427802141038
0.87000621823658042 -1.7881031142790818 -1.5285233380873033 5.8484068964675879
-0.91161377395680399 -1.9110800361112839 1.6692009864476169 6.6756300202134087
1.1157066697348492 1.9106757212316423 -2.5045398639642431 -9.0459110040466069
-1.3191382424762472 -0.95014094203749577 3.614604603707201 5.9102349654991038
-1.5673033259651974 -0.48350574333904417 5.4172894622291956 4.0466138752884957
-0.72565239494402878 1.9783324780309752 1.1077601912207455 -5.1035323757370064
1.4186103723486583 -0.99488072530855609 -4.27350046041364 7.0013399550995885
-1.7560351968312666 -0.96144163583535436 7.1710500114462876 9.855717862469092
-1.5665194643445264 1.566030765349347 5.4107319627143351 -13.095070483039523
0.64690913692449303 -1.3426123523180218 -0.91763506764530534 3.028227647875275
-1.5514035225217211 1.0520221544616515 5.2854035737827214 -8.648209841922279
0.94007052456971518 0.80378932671209169 -1.7708414851253431 -2.9347938000497025
-0.94580678850131683 0.975125159504457 1.7918787062539163 -3.5920212014266499
-0.92075977227259687 1.2225056277429656 1.7013785796865375 -4.3318211536487219
1.9502111925354768 -1.5669904200318712 -9.3674956323167287 19.446305805374042
0.80439082759975822 -1.6653028489081918 -1.3248675717244967 4.897878513778867
1.5842520563406146 1.8301284056458109 -5.5604943326838594 -15.610196877466622
-1.188551891373014 0.43015342693503156 2.8675663748126645 -2.2531293672386403
-0.30230696300698545 0.056536926964463774 0.32993464516719334 -0.072037571404992257
0.57010036189975333 -1.2131374825859469 -0.75539120186844744 2.3959990180363477
1.4561172166772542 -1.3161689004330155 -4.5434895682558256 9.6880982204029937
-1.5328959766892418 0.58954767196052771 5.1348490713381327 -4.7454521046559615
1.4292343421153029 1.011200190097016 -4.3487467751764628 -7.2079688521192971
0.72478305790816888 -0.62000003762960132 -1.1055191947008225 1.5970775916484052
1.4877277863742675 0.98600282118020832 -4.7805662286392465 -7.5330634262856799
-0.7616372310109627 1.117093716864431 1.2034563408932719 -3.061142661209141
-1.7090698716185826 -0.78921959584474699 6.7011259437756596 7.7049610897326879
-1.1272638407927067 0.26307964595822453 2.5597047946957225 -1.2659843219669851
1.2610356126680555 0.83872176441908319 -3.2663480838199597 -4.8399550296500617
-0.81542291639521514 1.746520153386804 1.3576094637071807 -5.2303800476919982
1.166236910517982 0.15136178859098104 -2.7524456822106593 -0.76896716858741065
-0.87881659238857557 -1.10390054115082 1.5575429953658442 3.6615893127187724
-0.26062855748649483 -1.8084673913372473 0.27833233735901008 2.1770000139127559
-0.23331241213480869 -1.5963981538061942 0.24601269901579845 1.8570964297029728
-0.76120821899941404 -0.10896432604752926 1.2022811509737319 0.2983785240454081
-1.979759376790923 0.47370203987112491 9.7393217030135943 -6.0436524270696097
-1.3929895435912094 -0.16138678649643046 4.0959741306641817 1.1008611676159146
-0.21842138203132899 -1.9520979827182674 0.22884180751120328 2.231489469519834
-0.93720531506655957 1.3702631070383839 1.7604031673619027 -4.9809905388821694
-0.64026830836328852 -0.31190138581927318 0.90274214391901819 0.69548722935604868
1.0142822799935929 -0.96691265383002545 -2.0577439838895906 3.9511006215734401
1.7896741657452861 0.41054381098703407 -7.5218817192260605 -4.3553775344955534
-1.0432279971743617 -1.2699430535946767 2.1785987463345142 5.4162740571409689
0.79892105191687479 -0.36912327457984118 -1.3088522642507583 1.0759295796166091
0.5985650011250625 -1.4803578195565819 -0.81301890598433701 3.0715058873327963
1.4673030508440847 -1.566702968743428 -4.6263745952229254 11.685935183664645
1.9346710779393503 -0.35668843623757862 -9.176052406337492 4.3618917160283326
1.3596037056189685 -0.29330547433989951 -3.8728613880561475 1.9198505484062576
1.0417516450603528 -0.29695720070923048 -2.1723089612991915 1.2637724799464687
-0.8066248791327264 -1.1960896067525586 1.3314502714834928 3.5307740929000313
-0.16777812430993855 1.481458830063711 0.17250099445191319 -1.6065658016164643
0.86789931270656284 1.7498861516423649 -1.5216437904346027 -5.7041872723153819
1.6813519596020172 1.0841995939795468 -6.4344404865009395 -10.279115545246158
1.4159326656814182 0.37157304454192275 -4.2546869537027288 -2.6064347701146393
1.9036680437242426 -0.83202226585228134 -8.8024696975147982 9.8776485806528083
-1.2610569184498392 -0.66232000082367337 3.266471033372977 3.8221120581411823
1.7111700252206505 -0.56365882615790985 -6.7216518618252366 5.5150118808759467
-0.32439276113071625 0.53203995601994114 0.35852882661066754 -0.70000070871992559
-0.14937478704710738 -0.40481938414311047 0.15270776082945328 0.43191737880352582
1.1374264571357533 0.295856006277738 -2.6089593622519671 -1.4441373189270348
-0.63331296410592275 1.428716572989353 0.88732549096095426 -3.1478282638909887
-1.6787122751004495 -0.75035525687034088 6.409449206202126 7.0940272090702496
-1.9693988080221883 -1.5110413546822685 9.6077744460267329 19.092906578639063
-1.9289827519212257 0.95427028035635653 9.1066783002179594 -11.606716295797053
-1.0111785768157806 -1.4296881249193985 2.0450905858834396 5.8151797348100436
1.8692859458675088 1.5825507610084979 -8.4010008782049432 -18.171939548282609
1.7959460331582768 0.52457835411025222 -7.5886301559258431 -5.6005382887051214
-0.39293679405790671 0.20067868953192702 0.45360596948409765 -0.29363265162169022
1.7850933752014559 -0.73211291313640103 -7.4733975900959084 7.7308744806131697
1.9066775082625238 -1.1252071509828445 -8.8382493784544494 13.397005924649823
1.0479774846486656 0.66711334641542708 -2.1989258921411805 -2.8650986703021739
1.5350159243735897 0.73276246964315206 -5.1519338647628397 -5.9125296897997837
-0.92632150428357063 0.15447136479218759 1.7211716140859621 -0.55211380545221456
-1.7595418939240322 0.74419538749579006 7.2070619137521534 -7.6562546332225532
1.2987880548286905 1.565367029156127 -3.4896492193933164 -9.4869870803670473
-0.0030600995280445353 0.84117977060230409 0.0030601281834564485 -0.84120340155214623
1.58644751198098 1.0347685345148676 -5.5792435304815875 -8.8477336407884977
1.6630210054153389 1.1548658377851417 -6.262336530393112 -10.736691370406897
1.4790046524301932 1.3281648545605869 -4.7142604222758955 -10.044066461691386
1.9020345597295778 -0.66825548712182714 -8.7830924447926009 7.9209702162643598
1.4354243329242373 0.28371250423997108 -4.3930343740499236 -2.0374328475971599
-0.80729766911986101 -0.64125594222538673 1.3334373968134745 1.895032237128637
-1.5034610819858618 1.1737016281037636 4.9018773327493443 -9.1327902954874993
-1.6188388455463514 -0.13606106326561385 5.8612313953754969 1.2057619344324308
0.62245043002254752 -1.7223479478999808 -0.86361544920798872 3.7242908618968009
0.91279668573189721 -0.83664233335600136 -1.6733368665312467 2.9279079615767012
0.47332705029604716 -1.8554859264853429 -0.57937053101701275 3.1025867584589508
-0.12469316821459042 -1.6918832702450652 0.12663194575041664 1.7708014337152478
-1.9518242266526786 1.5601247136664815 9.3875285659106265 -19.39056140686424
-1.2584452238666075 -1.358080665162968 3.2514252698430388 7.8103940797588134
-1.379120946946689 -1.4646720716176596 4.0021739394831179 9.8219792440894853
-1.2410760345519596 1.0486992824790482 3.1526678751824537 -5.894538544178384
1.0177422776370011 -0.82750430094510952 -2.0719190608587188 3.3988895364032805
0.4183331418153835 1.3934515798284037 -0.49154253663728026 -2.125024601488783
-0.96499482355470656 -1.3393343624636609 1.8636124873264746 5.0809591456087739
1.3126940342831652 -0.74921845623212358 -3.5746832737714276 4.6223009303560909
1.1775933019982219 0.45258611272827043 -2.8105925335363917 -2.3354248815188279
1.6920816857535592 -1.9170245795466485 -6.536749173233563 18.383156323819275
1.520500842829394 0.14685495577826257 -5.0357814286206644 -1.1654069231956572
1.1073730093845864 0.50981294693377865 -2.4653168264391407 -2.3853255337752031
0.8441237254882914 1.6096539058532566 -1.4455997506083151 -5.0505057758258411
-1.2711392901708973 0.028569814320215769 3.3250399203113727 -0.16705871185259813
1.1663907488069309 0.94416557826242498 -2.753227313612296 -4.797684986788056
1.9116757709577241 0.90209818814436016 -8.8979030067898321 -10.792263184457898
-1.0399502548776929 1.3344871374087464 2.1646528496253885 -5.6642167732101063
-0.41365703163338319 -1.9772161537626669 0.48443877146765402 2.9921932146321355
1.1271807119169384 -1.8141353933820836 -2.5593047876745172 8.7289103165477648
-1.6306941442619785 -0.78936139036881281 5.9669763164446881 7.0864841276582942
0.0043582098049936846 -1.2451156099812657 -0.0043582925847989243 1.245186559131702
-1.8638476007353186 0.56000369037220965 8.3387197427023612 -6.3962409869611463
0.53923248011266756 0.411595118563016 -0.69602600758367283 -0.77063571557522392
-0.33426504392461309 -0.064639833891867227 0.37161352005217291 0.086307064763405605
-0.99518411726731149 0.34647419579938088 1.9808059355552801 -1.3759094156600715
-0.44730562010056563 -0.39165297241604291 0.53680356532342255 0.62674147586775109
-0.48598003605767603 1.2757667378479471 0.60075714642880362 -2.1796854720348535
-1.1962112479669225 -0.9508041545579764 2.9078954615089341 5.0323820471578875
-0.73577173546163133 -1.5823436656022718 1.1340891565347857 4.1521965877399927
-0.42714613862383866 -1.5738570214687835 0.50508058491207042 2.4353257162357922
-0.90191267746407222 -1.4795717985478176 1.6355703682037031 5.0902292029592831
-1.2873924167992867 -0.86121638423101832 3.421089875483005 5.1433028399965757
1.0885924552215638 -0.25962163600636545 -2.3786110190453122 1.1826026701262571
1.1453080218948442 0.90459960061239109 -2.6476434460423031 -4.4643721649079771
1.1216994123622501 -1.9147519428638042 -2.5330323495597633 9.1422296086555193
0.40173037748839802 -0.96064761475009641 -0.466564556911439 1.4257565781778583
-0.85479441320584248 -0.91384346095616831 1.4793700293506664 2.9170070305892741
-0.82461643402688667 1.7282235550979581 1.3853492293281726 -5.2537594950862969
1.883601419030589 -1.8572878975682143 -8.5665331840422745 21.626005677285743
1.2255789638718015 1.4301905084758286 -3.066452243903167 -7.874816852477819
-1.8582467367727031 0.60686311028136641 8.2749231155400711 -6.8935054185854199
0.93739521602547526 -1.277409888611948 -1.7610935704093496 4.6448276174477474
-0.10274432767155561 0.39334150999999462 0.10382893757046226 -0.40579831725345206
1.6823508560182989 -0.15818796985084349 -6.4439158907695564 1.5013482924414889
0.68093231488786721 0.28633195606773709 -0.99665939610123733 -0.68462155447930018
-1.6638969921908457 1.2123447245342582 6.2704843354257029 -11.281667326632878
-1.7765353764 0.73411409688606089 7.3834194938823892 -7.6848780246913702
0.88611304704443716 -1.0362206328284582 -1.5818857614472348 3.4771305533899324
0.13675154053247063 0.66688384951589574 -0.1393089288817905 -0.70429800179076363
1.4976463250025618 -0.22852649983786932 -4.8567839347679689 1.7662432777269121
0.4386279533194779 -0.024827610086824325 -0.52301755094049962 0.039157695590467619
1.4698230339594511 -1.0825766449236509 -4.6451989543107226 8.0989066332317492
-1.5115099022013068 1.6672131297649018 4.9647994171862866 -13.094269502755131
0.87593977363162923 1.1834480726736105 -1.5480225103547682 -3.9075224099579944
-0.83142159125104831 -1.3956427001815497 1.4061516288575102 4.2899064166923448
-0.5411446078225195 -1.2451314484307523 0.69961203465109034 2.3389949398740555
-1.6655592592236439 -1.6882660746870677 6.2859666238929037 15.738460257465128
1.4341849013038113 -0.83057786680833967 -4.3841402211055263 5.9557906503344773
-1.2190815184122337 1.8552733222174607 3.0308314012585438 -10.126970924244624
0.046666651211308086 -0.54766298706154393 -0.046768280739962739 0.55124104954033459
0.096073822043487134 1.7820168429868688 -0.096960600645259673 -1.8313618478200395
0.74146480934211478 0.44878573547633627 -1.1490999646517606 -1.1889726223387187
1.7187790420423803 1.2145650888627331 -6.7963984863665896 -11.978774729699239
-0.6637298546253616 1.7739202209538609 0.95612762593357581 -4.1183544006319268
-1.3403557899731542 1.9123162383231498 3.7483768683233296 -12.219052356005065
0.68760888316047541 1.5705392526231514 -1.0127144724077783 -3.7982202861195105
1.5791412997838479 -0.77533593781235943 -5.5170258166069956 6.5756719532134449
-1.8779510375243573 0.56211438749891895 8.50092114811493 -6.5093409861955553
-1.4387484506929029 0.15754681386858271 4.4169535775458026 -1.1359111594012201
1.948665830685508 -0.58441578137896988 -9.3483317049010033 7.2420193259051242
-0.85990460349749709 1.7560942258881544 1.4957489612161465 -5.6516517119571281
0.1881623706546578 0.99398998507171399 -0.19482427401361868 -1.0995668631257665
-1.9599186554069523 0.61459048903892199 9.4885172141480822 -7.6970350444233322
-1.35689666641832 1.3225619487008156 3.8551721523247053 -8.6277403977424001
-1.6100157130592989 1.8376260760589673 5.7834189037148569 -16.127836662545118
-1.4003181476723459 1.0413891685459111 4.1461892811332959 -7.1675408463534964
1.9116348072572853 -0.22355716141551696 -8.8974129466603937 2.6744239146175155
1.5439277890101093 -1.973199734715577 -5.2242085580277706 16.083825417074365
1.0649943850766905 0.2204654100416068 -2.2729249044182485 -0.97062963901798038
-0.28435793337282345 0.63668696642406086 0.30735095499612297 -0.79113341016439775
-0.64748466775323754 0.45873740022130649 0.91893380566402749 -1.0356956419489756
1.8894174393669565 -0.21677528856800921 -8.6344454689243371 2.5383724650974622
1.8113678214639792 -0.85710709703815979 -7.7545623428975885 9.293749522233778
1.5312684302692627 0.78842217656886993 -5.1217606224834586 -6.3344589389958257
1.5228004810558451 0.84047852469077444 -5.0540549599987319 -6.6874891968540009
1.2993590384660307 -1.3953860930779625 -3.4931109654690626 8.4630190720662544
1.8125719305050811 -1.3092316888595206 -7.7676265706090639 14.213347844197179
0.98528238767128284 0.78417658101865095 -1.9417761870688772 -3.0679686596020717
0.82036358068604232 0.4828813190890604 -1.3724653208836406 -1.457813493753739
-1.7140731793026753 0.84084785769571813 6.7501005084276056 -8.2521990919198487
-1.8048870532186885 1.3580851963987368 7.6845182969847219 -14.630450586026203
-1.9236762736437214 1.9488313645447115 9.0422988151394836 -23.583960525249804
1.3482139634731731 1.0037686153398857 -3.7988367222676462 -6.4773617095219711
-0.26729620653374253 0.44401789597212282 0.28639378864086995 -0.53918948484715368
-1.7659798033387872 -1.5815065515582267 7.2735139361248482 16.378167245181242
0.085360794095643566 -1.3609837663656195 -0.085982772548588826 1.3907340487917375
0.41405756275861094 1.946189774843583 -0.48504510895385755 -2.9471754998185018
1.4350781838484234 1.4861243199593805 -4.3905490795699453 -10.667917809326095
0.075062031637839421 -1.134162435277013 -0.075484954287749581 1.1533330987438717
0.57010799991782601 0.90924307448892261 -0.75540628738440041 -1.7958181687759247
-0.10927412249858737 -0.70534207064432008 0.11057894663921111 0.73060918805867792
1.5702680790352188 0.92548408203369315 -5.4421437815868163 -7.7714985521097084
-1.8776300930401706 1.1994112178100624 8.4972051590819717 -13.884965130866876
0.57989921162906155 0.20199897506653741 -0.77490951367952121 -0.40578549702583677
-1.2363860205648121 -0.61479871727859203 3.1263879953767151 3.4342356175054638
-0.83727901199242494 -1.5199638466991372 1.4242418619472632 4.7166126286761871
1.4803732144724018 -1.7859604572886085 -4.7246182999087818 13.52778349157108
1.4335685694302045 -1.3485397099522207 -4.3797223495688655 9.6627678163663404
-0.3842958060518451 0.63010811774801034 0.44104986601067692 -0.90927739307228528
1.5172811240543549 -1.2779134340005713 -5.0102777398272096 10.10372803641321
-0.0077055823239926546 0.62317688473117627 0.0077060398506406469 -0.6232878899813401
-1.3449822816552817 0.99767094915623078 3.7780247491363608 -6.4119633624701207
-1.8066047419884637 0.53871147921165718 7.7030386843628236 -5.8134845006874283
-1.8476421673365762 -0.44784050093054395 8.1550889618873175 5.0343294575063924
0.18113506620747533 -0.86588771901780071 -0.18707809182789267 0.9511168191518391
-0.12556023839038222 -0.12531434392290519 0.12753974244091704 0.13124122622017162
1.5448301702030096 -1.9916964374510697 -5.2315677649680392 16.251248603652275
0.5926441750532021 0.22421868247446453 -0.80079688078966871 -0.46047372756725918
1.380070482352445 -1.8023974058358574 -4.0085451826953182 12.100906159811132
-1.4800060594129389 0.1316101582980802 4.7218378771902643 -0.99645391214595092
1.57923162817788 -1.3872915244365021 -5.5177919359475336 11.766892406205484
-1.9343244955511447 -1.805967427940907 9.1718147971657036 22.077651586647526
1.641698142185152 0.21351931882696773 -6.0663583044850711 -1.9399336935870071
1.992383605019536 -0.79944949072037197 -9.9013344802659038 10.319915429235488
0.95495499989620658 0.50932869653843449 -1.8258157570387805 -1.902758882306699
-1.1579568257922581 1.8151228331217761 2.710619459092825 -9.1166214772805123
1.4213670492192461 -0.46076512234014677 -4.2929325670994825 3.2533947345447203
1.4631622889489715 0.72796795385677715 -4.5955643262556878 -5.4033651787120496
-0.88299329473916544 1.6846945488003753 1.571442997803921 -5.6252481253222957
-0.76155963966945928 0.35464150259855343 1.203243733127533 -0.97168908135090537
-1.896163567183581 -0.27159592437784141 8.7136988371518171 3.2011134391181058
-1.075811611378096 -0.068197083152063964 2.3209243664586703 0.30498498503152005
-0.40394347398950448 1.3576942236295175 0.46985506401390686 -2.0223004678835825
1.0323596634760031 -1.0804626247232587 -2.1326139827159265 4.5350251527468153
-1.2442133205068155 -1.6380729398616629 3.170338637835072 9.2456118781508039
1.8365368851384178 0.68861111400682606 -8.0309328808468798 -7.6563937298447939
0.22886552833663298 0.011139170432549417 -0.2408533742714711 -0.012889560628370784
0.15369400185421433 -1.8223962669357294 -0.15732453792879361 1.9515413599673617
0.51418601385407259 -0.17764901155714341 -0.65013024356405991 0.31855341609660898
0.13353191556685928 0.45824717078527222 -0.13591289277147683 -0.48275987390396408
-1.3637777099420347 1.3305834196756914 3.9002537468374618 -8.7547983804288148
-1.5789760966990753 0.54629047466655578 5.5156248483359285 -4.6322681907758163
0.59687705436176364 0.79247251103283745 -0.80952179763606391 -1.6394565545426512
-1.2728019754585578 0.95504211739680667 3.3347728286716287 -5.596618060002414
-0.31259039316865689 1.7970905676581617 0.34313446132826758 -2.3238865727861411
-0.62846757582696089 -0.66766362883393171 0.87669435309756416 1.4587879314751628
1.179605499498031 1.8778838461363887 -2.8209901428722963 -9.7169360760569621
-0.1172435841259305 -0.67658858689831991 0.11885522123564519 0.70448986480919162
-0.87557876045855476 0.29325347894829523 1.546830855360291 -0.9677114065646758
1.7277156645618454 1.1454740539067347 -6.8849493724409596 -11.403199078018686
-0.71967782316099127 0.75250662340441421 1.0924249979110212 -1.9217578167620863
1.7672231563246084 0.61660519997815522 -7.2863983589316845 -6.3937230201108468
-0.53703687595523375 -0.21495352123587974 0.69192293279298422 0.4009368575667186
-0.58088760575152198 1.0312516378913963 0.77689674902376082 -2.0751786284475524
1.2489498787801048 1.3017893506807705 -3.1971565697334814 -7.393678464001999
1.9720374274396364 0.48556191216007516 -9.6411561254121576 -6.1505131262020436
-0.73145524427210429 0.31234338442382281 1.1228033842133427 -0.81367960481904777
0.75220945633348846 -0.34808766216866438 -1.1778239085010487 0.93895157005812124
0.43881534320538718 1.8191743730433818 -0.52331314537998652 -2.8700690512354372
1.788717247744164 0.1315862340228251 -7.5117348822091712 -1.394620409013646
0.64248400846028142 -0.25526356233913194 -0.90769222035556685 0.57137100799628104
-0.02254699557732831 1.6803026205651141 0.02255845772604461 -1.682865251820252
1.3663785217848559 1.5301762704087212 -3.9173939199821204 -10.100648871228785
-0.01106404331943045 0.6119626049445932 0.011065397702769124 -0.61218734157986254
0.98043164142306027 -0.18321076888598364 -1.9228678345356978 0.71154273698381942
0.68811090149801801 -1.0280285256810289 -1.0139290825608451 2.4883325998741803
-0.65066423083001057 -0.17554836760499981 0.9261320040451706 0.39851091398941629
0.88207961859396455 -1.0401636231794722 -1.568394415013056 3.4681066463599257
-0.64212651640198759 -1.4952718384415178 0.90689227175126552 3.3448922838443536
-1.2855583875704011 1.7706261730913924 3.4101497852685076 -10.549357280743427
-0.44991638108811172 0.74637882508714792 0.54099059203792021 -1.1996354662438391
-0.054519477263084593 -1.4124039801904154 0.054681529507139989 1.4249985562571383
1.1208189740594769 1.8517056170148454 -2.5288311914035955 -8.8302387932651545
-0.21509102082128573 -0.25154206987459693 0.22504202347812111 0.2864542079462426
1.0847666403166567 -1.4682583056688419 -2.3612317920009716 6.6514391609823065
-1.4491878948209584 1.630401235558248 4.4926934097580329 -11.902640956263618
-1.3053638732401325 -1.4199846253691328 3.5296710723232625 8.6788388564641927
-1.4386763447687714 1.2867131471875437 4.4164337169001158 -9.2763897143764904
-1.1315649302140285 -0.098803485244550071 2.5804650143497203 0.4783390494741282
-1.194666303745235 -1.8543010738078007 2.8997269981266323 9.7938299612982203
1.635736443748149 -0.24191005217135642 -6.0123680188872735 2.183698125775698
0.78754190598833151 -0.38212365723716823 -1.2759929217939481 1.0931284448742753
-1.4223006425876235 0.97387803170424636 4.2995282498997822 -6.8841659309132694
-0.81682966254617506 -1.6322627420532343 1.361827151526477 4.8994522305036288
-0.88215144798712064 -0.76691733765002068 1.5686339217523528 2.5573422550201679
-0.36811391488231315 1.5510690626346331 0.41799624163702537 -2.1816151844203437
-1.4480213205361747 1.8183625497550779 4.4841828230712544 -13.256403467219542
1.8473082742455369 -1.2695724597573101 -8.151336172459823 14.267002802102272
0.97514530025898782 1.0866171791714394 -1.9024191151912397 -4.1864372475252045
-0.82725112343253793 1.4669183291945087 1.3933758147019004 -4.478550454105128
1.3947402761837142 0.26524223173205774 -4.1079291463527197 -1.813169720432646
0.9629914437416458 -0.16062257539931135 -1.8560239865268866 0.60748382594239692
-0.75607303895646982 -0.60915591443335382 1.1882795002350093 1.653821344538543
0.045352150428684013 0.94946666268070867 -0.045445431527548215 -0.95532530176127795
-1.2381033406378532 0.079660184248646182 3.135991805527516 -0.4459934453767565
-0.92491590254720135 1.9152101121992415 1.7161531795233129 -6.8304212027653035
0.015641718563199625 1.1290390629189737 -0.015645545518613378 -1.1298677663897689
0.62450261802890061 1.1314422291457888 -0.86806083726251893 -2.4552415850215605
0.54429282790166322 -0.25657118177994098 -0.70554212682152229 0.48460242377453405
-1.5368165931123525 -0.52457490932969364 5.166478076974105 4.2414062195738724
0.99498359555533433 0.019362258414092448 -1.9800097489276203 -0.076867721855191931
-1.9398707625797549 -1.3988519696408863 9.2397956659205427 17.190905532563203
1.5363777313658105 0.81921167322006072 -5.1629305851949763 -6.6203523121799046
-1.1725325034906646 -1.1481456808588049 2.7845682634626705 5.8836695738641351
0.94785581284833276 -1.6174672794734053 -1.7994385192620537 5.9770137781664525
-0.89855089685955569 0.48270427912258151 1.624035242915066 -1.6519014815338486
-0.10483730798191404 0.13831516537004473 0.10598956027674782 -0.14287577370049068
0.2472808903279855 1.011947679568753 -0.26240158232864563 -1.1975829200830519
0.49789733975874961 -1.8890313372388041 -0.62132696705170742 3.2939139221492568
-1.4495893962728577 -0.39871446571010161 4.4956252465847619 2.9121818511233974
-0.0031893068828972027 1.3012437752482842 0.0031893393235011129 -1.3012834827478634
1.1428868324951504 1.9984155622664068 -2.6357145406878772 -9.8293487019589527
-1.9601300474048786 0.57678891117770625 9.4911649171833083 -7.2250479004195469
-0.21570794662928883 1.5224680479251087 0.22574481974945743 -1.7349889892995547
-0.85416276933872348 -0.82041981822719201 1.4773548320694205 2.6161400387021603
0.1525902908480341 -0.58666296404113893 -0.15614317218311402 0.62764218788311132
-0.50402737135240505 -0.86275364968616675 0.63207229476955984 1.5202847558174857
-0.49921105241920705 1.9198089976474813 0.62362027489996896 -3.355125444778118
-0.23701508816585948 -0.41623457243974293 0.25032968378928849 0.48638194228964693
0.42549172676974489 -1.4151424211489267 -0.50252411462089808 2.1837481988322791
0.49052019534392466 -0.26333860183607216 -0.608544289977618 0.45342435381217594
-0.51129537123723034 0.79313053399068512 0.64495971890681947 -1.4151581216031095
-1.7768028594706569 -0.5708435746097833 7.386219950549302 5.9773517080487055
-0.75714090969992442 1.2423180839181791 1.1911812922825575 -3.3788406632365113
1.941843378505284 -0.24242842544539878 -9.2640603794145324 2.9848435315488628
1.9328349723629148 0.29265189401949288 -9.1536184954370938 -3.5725635334736685
0.030433226177484229 -1.9179153293409663 -0.030461412861116335 1.9232443410243838
1.2509619190162398 0.91471754167747843 -3.2085993851256429 -5.209057688906392
1.1016632056242113 -0.96120502066110092 -2.4387097752756755 4.4609385210056969
-0.75216763172909173 1.8944374291221995 1.1777110923682819 -5.1098062865929013
-0.048784559511214187 -1.1051884522621727 0.048900663506320698 1.1130792764864064
1.2210553109561006 -0.53224569633506746 -3.0416195626858045 2.9129424899779668
0.83559143435975569 0.0067971514777318554 -1.4190122742665561 -0.021034730973088618
1.1848462756208846 0.59947454071104334 -2.8482053937773237 -3.1242107801151824
-1.9790443900776959 1.3159576246730409 9.7302026941373612 -16.778262444234901
-1.1858006758993467 1.2755074135980551 2.8531825678030653 -6.6560692760949225
-0.57690602873112251 -1.6627766733995708 0.76891221973433188 3.322995494048631
0.49640481894355393 1.6129104170937452 -0.61872777467257212 -2.805259657165073
1.8939703027838126 0.055335007478363174 -8.6878756990258612 -0.65081552587262248
1.9516610888252464 -0.27588641477686693 -9.3855011055966457 3.4284247555699676
0.33818949624673555 -0.35607113482411501 -0.37686895109272744 0.47824498292620599
-0.094102952781820903 -0.54050639593278671 0.094936268844248273 0.55486554136639932
-0.97889311103475762 -1.9349013263863659 1.9168995432892908 7.4971528208617269
-1.9681974164146756 0.0085371640157165807 9.5926026740564811 -0.10775098931178548
-0.43123108421185607 -0.39477527543856183 0.51142292357311925 0.61501279980181955
-1.9619897482063253 -0.047846141549483523 9.5144804857079883 0.60038349482774378
-0.60384607145387914 1.4261330680243343 0.82402651159431017 -2.986166103564607
-1.6047055593950557 -0.9262555920389568 5.7369506427291981 8.0818021539078586
0.59328887423048382 1.59129674527304 -0.80212162671197929 -3.2716664290695108
1.4771334441697488 0.0033672829942483773 -4.7001251930550403 -0.025408741772654678
-0.01716949939132828 0.46436531081331633 0.017174560817402512 -0.46477598394452724
1.4992508208867807 -1.3905333524158641 -4.8691963871641057 10.767259995719391
-1.8249912200199514 -0.49861087252116176 7.9032941169788593 5.4806204476698914
1.0608185140081918 -0.65683017224433016 -2.2545956920646582 2.8742939300783799
0.6513726166900029 0.722807472287748 -0.92774108488002294 -1.6428393655268265
0.12854331323347834 -0.075119638497810115 -0.13066728367859007 0.078843330255942048
-1.6055404007744918 0.19423342662278698 5.7442381897865182 -1.6962948875393358
1.6003681793116367 1.0283258690825821 -5.6991964471437413 -8.9295036016059761
0.83317190399697827 1.0675042075612433 -1.4115393617276455 -3.2906097576239079
-0.34091270647707894 1.966072449987267 0.38053408353742019 -2.6515719610546133
1.6169322083951858 1.7198511955806532 -5.8443525817984234 -15.209348056990102
0.96265574467331483 0.64263085263293451 -1.8547546788587463 -2.4292206129310983
-1.4293899350845263 0.54565380924924289 4.3498559662692884 -3.8902206952713194
-1.8199034174800079 -0.81152514264196229 7.8475117085933217 8.8749569125688552
-1.7082186452358243 -0.44353630534691302 6.6928193398286098 4.3262676791239381
-1.4498104165967556 0.74615496043291785 4.4972397756210984 -5.4512967640264591
1.5552902052572226 0.52224921223120724 -5.3174246438650119 -4.3120983482241941
1.0434775913960173 -0.46796890708609951 -2.1796634541773425 1.9966064001283379
-1.9578750858337162 0.28349012490325753 9.4629484151856467 -3.543576824418242
0.58507353740096457 -0.42238262492958167 -0.78535067090309763 0.85614133706235718
1.124090935931422 -1.4011953346255051 -2.5444702466362887 6.7127643543751754
1.5104654920526981 -0.058667560333139246 -4.9566015790149489 0.46021873352143589
0.81673503350210375 -1.0968140398114032 -1.361543131893316 3.2917235764679864
-0.57994719413219897 0.93021151629300025 0.77500590730218677 -1.8688100465377482
0.52239992929498502 -0.3281810542275716 -0.66496375083242376 0.59686454338889283
0.17433309334191893 0.82583461104526235 -0.1796314294974489 -0.9011309755101673
0.34975746796478457 1.1163156312817843 -0.39254339919045422 -1.5259932639346898
-0.67119343766056216 1.3361217624595931 0.97356650468768047 -3.1418928527346219
-0.34963058481689924 -1.096503500915547 0.39236996797765289 1.4986183498262613
-1.9410483050771052 1.9449231688341793 9.2542749050450848 -23.928400575359287
1.4310631183507478 -1.2751524193257073 -4.3617968803451319 9.1094656632731645
-0.91026147224044873 -0.86667865207934147 1.6644822343891814 3.0210059089512513
-1.4786661105310297 1.0027342199397626 4.7117007535985467 -7.5800293532345044
1.0800051316173511 1.8102602992633865 -2.3397350882581067 -8.1447833349581291
-1.2246567318914754 -0.72914835307826209 3.061377439771217 4.0098436965321014
-0.7879706436075784 1.9463216844369815 1.2772198316176355 -5.5717218618757807
-0.030132678947484504 0.56954603425235373 0.030160038767311631 -0.57109744064149937
-1.4351861484133135 -1.9624028266614029 4.3913241369925329 14.088635130120833
-1.9780157673580159 -0.60874447356010331 9.7170941894411467 7.7539674252212105
-0.38244720908570029 -1.1182301082712627 0.43838618198638291 1.6089067996205506
-1.1474496587376177 0.43679796570699603 2.6582286028209965 -2.1621159290272876
-0.30573787581902501 0.95598496370914754 0.33431692209652653 -1.2240689076292479
-1.5018164546274657 -0.48264539111009919 4.889092377139626 3.7483968896663695
-1.4589929375242598 -0.63311167086196951 4.564693415468815 4.6761508828093552
0.29004013129201889 1.7899847921595562 -0.3144392578182128 -2.2417229557300167
1.5341191220751527 0.5709100055646803 -5.1447014298571734 -4.6018568905222708
0.84733910605688356 -0.20559998308744065 -1.4557146545043709 0.64845220686956417
0.33603095264898597 -1.2429403200206797 -0.37397449290552642 1.6639868548479013
-1.5149888237452203 1.0012061190731525 4.992177743254798 -7.8950843487091742
0.62026115504310297 1.4541358167758007 -0.85889044591225971 -3.1324582264414742
0.0080268013973316954 1.8192785787567964 -0.0080273185604587925 -1.8196302246063487
0.35311460657997129 -1.0178889382824106 -0.39714444052506115 1.3986504255614847
-0.971717458634477 1.7635905895089685 1.8892469177106503 -6.7593215149301979
0.72827059568064811 -1.8377261731720735 -1.1145293417609965 4.7617951037255368
0.38264100011855673 1.8858337601525226 -0.43866505115563259 -2.7141719162321682
-0.82041733167341491 1.5055817108244272 1.3726276016453975 -4.5457332930810743
0.85157661396398865 0.33836969300581021 -1.4691252672144999 -1.0745092656175241
1.1269278145473809 1.6852320755809913 -2.5580881606542665 -8.1057959025398798
-1.6771016042659115 0.1305436266570239 6.3942346230747606 -1.23207197198666
-1.7863013984100529 1.0173258848026356 7.486161739491898 -10.755798020418313
1.8120010349786306 -1.6128731423388607 -7.7614305575570839 17.499743354834955
0.16631981633860349 0.7564031321852025 -0.17092060188507502 -0.81917464085699998
0.049211279739637348 -0.11821664309418489 -0.049330457158985173 0.11907551657943871
-1.1564740178479687 -0.64215952182677816 2.7031795545341737 3.2186938992099496
-1.1878361757320102 -1.6415913922412342 2.8638193061865929 8.5902250591699332
1.0322332161299985 -0.50403023974907857 -2.1320832948602968 2.11517108527093
-0.55346336475341174 1.1078040041257604 0.72300120138726598 -2.1258372086766038
-1.3945983774471049 0.35164546603069891 4.1069592248401552 -2.4033961556541557
0.054185786990497586 -1.8518412520395646 -0.054344881853225779 1.8681528226275848
1.8890515657042872 1.1105635318102638 -8.6301619587295662 -12.999754121919793
-0.45873240329769205 0.64295962010055874 0.55526594826022235 -1.0488640490217738
-1.239825588241704 -1.1762833300029905 3.1456451748381271 6.6007168091163297
-1.7973247679457676 1.3204494383124135 7.6033601403116879 -14.117095235985937
-0.44730511093713465 0.60186562333926785 0.53680275053654125 -0.96313280760218412
-0.79502117007869799 -0.55357062459044215 1.2975211862045657 1.6032379476227387
1.6438781449855036 -0.65426617450192737 -6.0861881764138293 5.9584060204144915
-1.2675599077326849 1.9441184460803878 3.3041587036819355 -11.315011124957321
-0.2020819573938617 -0.7518806535810838 0.21033440203342035 0.84399456937921236
1.8892659935650289 0.58512845372558608 -8.6326722148105723 -6.8506710536354412
0.19012287431256247 0.98691951963513214 -0.19699519020838327 -1.0939411927590197
-0.12276909366139899 1.9551573330996432 0.12461950017734252 -2.0435631955435043
-0.23696966587640134 -0.48250845089761674 0.25027660801844126 0.5637936907032316
0.23876662519412095 -1.3374197591723322 -0.25237859142509522 1.5661566596963146
-1.7953715671909869 -1.9059203001303349 7.5824987820427303 20.336316725778989
0.53950525966067797 1.9646345630411712 -0.69653685721490788 -3.6801490933646499
-0.031059847501524906 1.4512836111013923 0.031089811375186439 -1.4554838325063393
-0.23471235376231903 -0.26521238551110127 0.24764263128004371 0.30904394815567726
-1.483005791839159 -1.7780366501046627 4.7445895927728596 13.509377621313931
-0.99835431113656536 -1.2265307579609508 1.9934253649647613 4.8940220691992975
-0.44075820590607995 1.3783100778052222 0.52638333116878444 -2.1815938611687584
1.3221580720244619 -1.8513716158476368 -3.6334251989699204 11.560530708110933
-0.8663023326981043 1.4583954295511758 1.5164446748589042 -4.7418840613269069
0.31820147729059434 1.2456688549921178 -0.35042007059319119 -1.6240489169305246
-1.874419290126768 0.48605794255193047 8.4600933873714528 -5.6092753873656882
-0.28350731397605688 -1.7177732444687583 0.30629461041869055 2.1319785176304942
-0.36177443935362286 0.67738218620699175 0.4091237474871946 -0.9433510416867712
-0.62940250276635101 -0.53439049116571136 0.87873873733250152 1.169482879277856
0.45357506919545276 0.4229190555983604 -0.54688922393674344 -0.68394090320881684
0.10877110923693678 -0.29181806706213598 -0.11005799700332802 0.30217570071546673
-0.11623509770936868 -0.34629683449683801 0.11780550338097921 0.36033286639266981
-0.46485482309014348 -1.4962293118098082 0.56530530485657005 2.4661899171784154
1.0596124603173145 0.96087343840463646 -2.2493226190913926 -4.197417742415106
-1.8625704147415774 1.6568601639000788 8.324141119482519 -18.900641680306936
0.65430517410291866 0.63818925219989797 -0.93442320439463111 -1.4578449267466058
-0.8898035684322041 -0.56933179592340366 1.5943058911129846 1.9216378109827881
-1.1362500670844509 0.82758433920004437 2.6032218679310621 -4.0329779147812621
-0.77451811048442298 0.80504506838066581 1.2391347206073391 -2.2538322778879589
1.4076745563835016 0.64089971656044264 -4.1970487749666443 -4.4508197111303494
-1.6153596418555929 -0.69222792820032852 5.830457724201791 6.111099126477785
-0.36835855567947728 -1.7840563292032221 0.41834040079122808 2.5102815715005509
-1.2674443756582967 -0.67555589141729078 3.3034863433968691 3.9312257406702344
-1.6966772608036078 -1.5834708974223868 6.5809253823242795 15.258549125125185
0.34942529718361026 0.74047550620465907 -0.39208944050626582 -1.0117073263813579
0.34045337862637259 1.7708745468003078 -0.379914820090414 -2.3866528000578122
0.48345559604209321 -0.50712391058610562 -0.59645334053752685 0.86271308079158149
0.72915753224037916 0.20605428474381693 -1.1168292327918481 -0.53471336638470102
0.33117328976896365 0.88667873015419785 -0.36749496799443832 -1.1784201886682666
0.87137101219130608 1.9718251814360692 -1.5329920781014201 -6.4633714691052635
0.46509312418830406 0.20639487254306266 -0.56569816861955946 -0.34033169664995588
-1.7800743071427378 0.49195888591704762 7.420532640881385 -5.1685169151966939
1.7430940270898723 1.0137977353228456 -7.0392704570398603 -10.254696253317762
0.23206742970221583 -1.2243335628955272 -0.24456548887594687 1.4221440872386659
-0.005473834756238638 1.4635671910433405 0.0054739987680210832 -1.4636987490503435
0.88419426845893012 -1.0324317140899053 -1.575456909311888 3.4538955212213929
1.1721869981447135 0.39693509288155404 -2.782798142078641 -2.033128170501461
1.9729668083546286 1.2681544326963028 -9.6529335136339824 -16.077400760132903
-1.710279775138341 -1.6438386701479941 6.7129454481525856 16.068803649560621
0.31078570412225304 0.86018380743325862 -0.34080379722353804 -1.1094334731024897
-0.6212575929941675 -1.2643597977833161 0.86103879288863372 2.7283405015828808
0.43803918624011429 1.115603989491305 -0.52208941319304758 -1.7577846764146647
0.99428440307848653 0.53203556916043881 -1.9772354297410581 -2.1099490131651839
-1.25828411430173 0.67575875086144865 3.2504988181628875 -3.885502490993102
1.6286969798767341 -0.016260349341899794 -5.9490662977103206 0.14565958430453155
-1.5255007344400653 1.1651761362454325 5.0755735682746783 -9.2998037792184949
-1.5541886468702071 1.6055744476228879 5.3083349758221452 -13.240381001912185
-0.34680132580574474 -1.9304891663267112 0.38851152340449885 2.6270356781025384
-1.3106164810861909 -1.4134419052738125 3.561882804488814 8.6971153689063332
-1.0151919237080631 0.98930003582689352 2.0614635846832416 -4.0480613424773075
-0.80753481812042516 0.74615824455275614 1.3341383530513773 -2.2058955600802168
0.97011232410651749 -1.8303669384279133 -1.8831024180780127 6.9981403238141588
0.9073240753251568 -0.57882640666996066 -1.6542668048582128 2.0083603115283659
0.47366160821437564 1.773333697790282 -0.57993010946894474 -2.9669042406857833
-1.0350612693222221 -0.34847618614459241 2.1439760556674963 1.4684979866646388
-0.30320567271172649 -0.31743180669484339 0.3310804859902487 0.40497982907662095
1.3683907263104089 1.9740117709675107 -3.9306930286998236 -13.062982505222152
-1.4100676643138814 -1.743179017670502 4.2136922539483574 12.141019522269138
0.72152551555651279 1.6539478130802414 -1.0971510276472383 -4.2370788910453197
0.23115539638231253 1.9492322992676856 -0.24350668043972348 -2.2616912190973113
0.47798068015576822 1.0983654815075461 -0.58718278986514227 -1.8511814390907371
-1.0011694715804245 1.2712673751415751 2.004681990912474 -5.093994982963415
0.26037944581481298 -0.47236297506300362 -0.27803250978440791 0.56843799883718427
-0.25257228228178974 -1.3161773116088256 0.26868456470658414 1.5680650529020868
1.9887814913517503 1.9094447105473518 -9.8549131052858083 -24.566448712259206
-1.5161277998478129 0.21381447426562561 5.0011651204325851 -1.6882642322049926
0.35182459228674512 -0.70200018998121516 -0.39537363162030514 0.96268208564081814
0.86653755035379776 -0.021558864827098567 -1.5172096145676015 0.070123699923144489
0.65749580361633742 0.54038004282659857 -0.94173172065741817 -1.2412001066751408
-0.39491916197130816 -1.0749907393134341 0.45651120645422244 1.5779610973786955
-0.24741444579513239 -0.53365860004721144 0.26255965091496547 0.63166058536827629
0.86577424191612717 0.51591001030251293 -1.514728344427493 -1.6760343296799813
0.82099973046728625 -1.1845727541127782 -1.3743868464391653 3.5799229925990863
0.55029727897692871 -0.5210129728312074 -0.71694220549316712 0.99434350828041285
-0.1443868067367724 -1.9585029574097823 0.14739691790373044 2.0809929221619035
1.716207694103693 -0.66133752859580097 -6.7710723752469217 6.5049863953945808
1.9628033882235525 0.87095169206206347 -9.5246941096890652 -10.937229687958858
0.50393166697598302 -0.97509129767013603 -0.63190366499151396 1.7179561925826714
0.79131423818707525 1.323794702349598 -1.2868179821308867 -3.810588947566262
0.018713396022000506 1.8489713679562856 -0.018719949288435046 -1.8509138484108982
-1.5750517043043475 1.9181341327565264 5.4824208689059102 -16.193585808572202
-0.97960642970332046 0.65035020588366255 1.9196649303024449 -2.5226344851706526
1.0701487383747561 1.5326352461486481 -2.2957026810889856 -6.7982411417727473
1.2048202882904899 -0.42792066332257495 -2.9537276923508013 2.2914192042472319
-0.97648378960627813 -1.4749880832281566 1.907581190128858 5.6942826113511336
1.301486858979731 1.7830365448683527 -3.5060338592175802 -10.843722419296846
0.98365267826960601 -1.4004340205231278 -1.9354080492863535 5.4654987437713354
-1.9422598069967467 -1.2367869847675665 9.2691885685308293 15.233653054806688
0.8889986944940742 -0.69260128800975584 -1.5915909681923734 2.3347284926601848
-0.7724303688630294 -1.3598687757678625 1.2332999247755341 3.7939604844221191
0.10051071394452604 -0.9704411135113582 -0.10152611374469063 0.99985247695888457
1.0716401738683086 0.13567410804458735 -2.3023253189128567 -0.60310369889761228
0.82654021083710649 -0.45260314702708238 -1.3912066288112088 1.3802160850718692
-1.8617512091523323 0.39390025798256501 8.3147997764459536 -4.4898140668769928
-0.86936649327292637 -0.037369713956722173 1.5264320367668327 0.12210159033285811
-1.2883770624174247 0.81974433079161857 3.4269740601443917 -4.9018631821904144
-1.9912265504235496 0.73228180339940074 9.8864063206885717 -9.4427368931565656
1.0509814342361059 -1.7191699239050413 -2.2118555630388101 7.4159591039945756
-1.5649040674121992 0.93583333803237778 5.3972363541426205 -7.8111895806758067
1.5635586223434212 -0.43662737479431346 -5.3860147239650882 3.6389165932493333
1.5123942703989877 0.26777850884884247 -4.9717487802986797 -2.1052771235376131
-1.9729875342675882 1.2343183146738799 9.6531962750331708 -15.648736263996307
1.7045109783610428 1.2749928389977403 -6.6567250320662943 -12.387923531405551
-1.5741740996933391 -1.7789094107437613 5.4750154502613215 15.003450564791979
0.40111847209841178 1.8304537871018627 -0.46565684128063739 -2.7139920220650193
0.28115419868178604 -1.0679012224483464 -0.30337878677599778 1.3211465757686618
1.4016229017914874 0.84903326405465585 -4.1551766306027931 -5.8529299051577492
-0.090922636032912507 0.64428950728206846 0.09167428671337019 -0.66026838782348851
0.47688959551253118 -0.67448623168164934 -0.58534558528597247 1.1346686672009603
1.7234349085935716 0.43391000996143436 -6.8424293306310986 -4.3003448423708326
1.4624736171238117 -1.040313776532964 -4.5904547193064236 7.7154738516972774
-1.2272754683519902 0.74243983062082819 3.0758040074750381 -4.0972397533974085
-0.836277045931896 -1.5503368306845853 1.4211351733341722 4.8030642613169725
-0.34315513658631458 1.1119014871698369 0.38356352334809213 -1.5046988596485065
1.9406773873476131 0.37877811901487268 -9.2497123032509254 -4.6584732120416747
0.70891485506050333 1.8299138643037249 -1.065187297249921 -4.5888398909396946
-0.13519811928452308 0.65959610204066399 0.13766934236093742 -0.6957654463429801
1.9167252043163914 0.30055512437632359 -8.958458320664171 -3.6131253892885815
0.41695402795658554 1.1396026704944351 -0.48944176150241592 -1.7339647045903279
1.0535260101286927 -1.9764541571345746 -2.2228524956217344 8.557554683598001
0.7194498535993521 1.2767384762544616 -1.0918429194984509 -3.2592889756886199
1.6369141113307064 1.1059162182436744 -6.0230055151775765 -9.9957832881844766
0.98140692123017947 1.4396140817852436 -1.9266583649798739 -5.5993482139151221
1.488221817425234 -1.0715762491339937 -4.7843417162417383 8.1915709095680445
-0.93800361246036701 -0.18248317423726679 1.7633068197018269 0.66415706215733639
0.081715934813298752 0.059556816347254404 -0.082261592477915993 -0.060749887199138916
0.99369505289030702 1.4411970892248878 -1.9748992179988811 -5.7104402013144728
0.31894903907362382 0.085619741418053952 -0.35139524305434888 -0.11174964232224686
1.8895145111774192 -0.28342234683421275 -8.6355822036091467 3.3191010769753859
-0.10823538037444358 -0.73361377851762466 0.1095033467684174 0.75939640932000529
1.3437110662533662 -1.2613659210920716 -3.7698612525470532 8.0937793199968411
0.45115319445125346 0.022633477132386837 -0.54298055692152136 -0.036453876948858308
1.75909373901229 -0.16948558189025764 -7.2024523726727825 1.7428596181959954
-1.6508675620367321 1.1988731959975936 6.1500821013109679 -11.000969690383483
1.4250896360946212 -1.1843063639418649 -4.3192763473273033 8.3998603622335075
0.18714555001073041 0.47339573452541384 -0.19370003411346551 -0.52313559982391844
1.6280360237928861 1.3611800527518274 -5.9431476127838199 -12.184608529442457
-1.0061360247204072 1.9915524212549065 2.0246572823059727 -8.0397559249744077
1.5642879954501665 1.7562236298449645 -5.3920959221910163 -14.648645135992682
-0.42616438457833361 -0.4186475053785359 0.50356269068447479 0.64674686523415292
-1.5518156736148283 0.51601889377284005 5.2887924766980223 -4.2439435476522895
-0.14737434166957275 -0.84021882054383878 0.15057519396751662 0.8949654537510634
-1.6448322530981478 -1.0205275276439969 6.0948817350292535 9.3035569742053408
1.5733461817156043 -0.8916444305366662 -5.4680359666650205 7.513223004486977
-1.6579932218313287 1.5622682424801533 6.215719635234862 -14.446020370927064
-1.5655661600736961 0.02860834606728746 5.4027647503969565 -0.23896529168951769
0.019814687708777257 -0.67537738122031454 -0.019822467388102762 0.67617288496886974
1.0056458737467362 -1.0074162311006853 -2.0226793026252894 4.0638877303779868
-0.42241591704305792 -1.6015653887123902 0.49778978862861911 2.4588923435514203
0.67972079135645158 -1.8409468110595135 -0.99376563213758673 4.3926115041991194
-1.0974333508203218 -0.68870021154618 2.4191381367602443 3.177029088187334
1.4839602853382816 -1.0175701160590562 -4.7518458108039834 7.740059968928291
0.49096937827928544 -1.1685724756713083 -0.60931800371531897 2.0136289232003728
0.65387571080412377 1.8240887337993699 -0.93344252367768543 -4.1637750011470036
0.8276502288158496 0.22236015747961746 -1.3945946920827801 -0.67931355063435273
0.73119737328489665 -1.6111128051646211 -1.122131755481234 4.1952552493835835
1.392520630436072 1.5061556897746859 -4.0927764710671042 -10.267977114869467
1.4030638386689205 -1.7486180842919534 -4.1651186646537894 12.075544526438009
0.81773128008660567 0.084914552634858254 -1.3645354684415127 -0.25525767450286163
0.25743203363656564 -1.1432819137232118 -0.27449237679570226 1.3705820849593446
-1.6665588109493137 -1.5244080922558254 6.2952897010973601 14.226164752970741
-0.8408407548076049 1.4503875648715412 1.4353262464876355 -4.5267169162951069
-1.84922693436932 -1.2191489956797064 8.1729177993934101 13.726301942344508
1.8312449879896007 0.67696982161570673 -7.9722485202275148 -7.4875398322255604
1.4236267133700142 -1.6282856884379573 -4.3089095075826851 11.528489098764872
-0.028538261659489361 -0.23143112964173929 0.028561504143812252 0.23199658465789008
-0.99896703692240241 1.1616223911227102 1.995871347625584 -4.6392938046475987
0.12211132947522962 1.2385874153656222 -0.12393215309663368 -1.2939938031126903
0.67380517004254337 1.9940961761055322 -0.97972175106640347 -4.7101353735568132
0.74297876190112433 1.0245425031630786 -1.1531159964927817 -2.7212384944201213
1.2944891014836841 0.53758829627792926 -3.4636671216495438 -3.2401017006347623
0.45503693050383376 -1.1002025500587331 -0.54925624397822448 1.7836217760622
-1.2359779375549347 0.43762139638369968 3.1241090812325689 -2.4432071658668209
1.3499679286431276 -0.5075699541870633 -3.8101675826651116 3.2825768247682268
-1.6625758016701675 1.4677386343069725 6.258198497083054 -13.638924402762401
1.8922421172890997 -1.3846250445344492 -8.6675668336655534 16.257908227642272
1.2753879518437019 -0.076764566657213873 -3.3499523952377164 0.45136362164136035
1.2401557280310449 1.2293058617786543 -3.1474981605109624 -6.9012723245453964
-1.2521542126053484 -1.9143835927400308 3.2153944965596359 10.919013255060062
-0.71970464809650414 0.98463099086486006 1.0924935052131564 -2.5146730549405509
1.9178550871694875 -0.017028408082872648 -8.9720485570763397 0.20492845210297705
-1.5791330673754795 0.44846086051979794 5.5169559973644695 -3.8033892631511499
-1.5333798412468722 -1.952574747862482 5.1387449240505729 15.725570769089508
0.11904337083411098 -0.25770362908017974 -0.12073037302886555 0.26865963405907872
0.42957248629797595 1.2659592196991851 -0.50884258014000283 -1.9667911585221229
0.12467770499305475 -1.0546273694065076 -0.1266157613339029 1.1038084301412434
1.9154151277350442 0.54805050710008629 -8.9427190932728298 -6.5801384541346826
0.5156578534532672 0.16431131161388635 -0.65277283491584703 -0.29538393444986533
1.7161644579911126 -1.2127641929067949 -6.7706471098614198 11.92833788745647
-1.3870299064995653 1.4451597620391676 4.0554701128114719 -9.7859800907838324
0.14460901618410515 0.31359059605713657 -0.1476330463178783 -0.33326379702001474
1.9949779480022474 0.68767366273697705 -9.9348645234056203 -8.8983672523449755
1.9981341269375665 -0.13572751674678951 -9.9757645325860729 1.7614201314991533
0.91641058758081018 0.52378585702596236 -1.6860198648334206 -1.8434250896707181
0.28504048938121596 -0.39466490739129334 -0.30819948203292857 0.49086220599268421
-0.31865616273644104 0.015575186969171817 0.35101306716488923 -0.020319782195784744
-1.4798855444477028 0.42058632013869124 4.7209254922852741 -3.1839156942199005
1.5772034863094477 1.3293421462714243 -5.5006088832250732 -11.249840413554764
1.4752694668373514 -1.7035189295218198 -4.6860754395307218 12.826236934180233
-0.45746183042836686 0.15950358605489035 0.55319547441322081 -0.25964216706428977
1.8288291323215553 0.069730014646265381 -7.945560300823197 -0.76939038164641382
-0.89709052423493674 1.9821141869436114 1.6190433291298918 -6.7675606660703851
-0.49264993490639286 -0.44359528162787054 0.61221802419558324 0.76658227391493594
-1.1589712917248289 0.60064181119478288 2.7157182837486871 -3.021014100493677
-0.6200738971985067 -0.19723420983407269 0.8584871256053086 0.42473892305256244
-0.94020767831237428 -1.6841316463594138 1.7713423136191668 6.150400665406428
1.2319969541974984 -1.9786263556277501 -3.1019422532553778 10.988201516570093
-0.95738073618687292 -1.9130362946022546 1.8348947359903849 7.1733765141010171
1.5011904766703776 -0.41320145087407534 -4.8842325734387737 3.2067401612712767
-1.4591260373955506 0.069416938496601244 4.565676566155652 -0.51279308585760841
0.62869418740189786 -0.88847755958673558 -0.87718957684169896 1.9420068347201143
1.5578121538829777 1.4621563295698281 -5.338277518097879 -12.107145869345027
-1.3782217616022625 -1.9674111731003121 3.9961474155909333 13.178675554854356
-1.6911693703402455 0.69399343725738882 6.5280048206804526 -6.6485692210323473
-1.9698120596880351 -1.8566004991878255 9.6129971357617077 23.468318974305728
-1.928192346396878 -1.9194647822667603 9.097068273242229 23.328747257222719
0.27624312079794944 1.0092501291152063 -0.29732330566322768 -1.2402985538028457
1.7572199197039331 0.92565415211534718 -7.1832019763510981 -9.5004194909098008
1.5663690362504274 -0.81931992407936605 -5.4094741968996143 6.8499536168703274
-0.055318082314498529 1.4939787961796438 0.055487360637784214 -1.5076939259379676
-1.012324581095001 -1.4862910187051068 2.0497558823234385 6.0557488418220506
-0.51090872411921628 -0.0020704994968583357 0.64427006574251955 0.0036918728128499255
-1.8170025309224389 0.044366191268555344 7.8158331113951318 -0.48379089276161741
-1.3375517521598108 -0.72887438300598717 3.7304916115679818 4.6408409161443016
-1.741043216397268 1.6265790841861141 7.0185482243540633 -16.418192264920481
-1.3436717781964269 -0.51903160472118293 3.7696091599472856 3.330294427908612
1.624897637886372 1.2481849563430396 -5.9151024140966637 -11.134904469817794
1.6957323497664598 0.69880943569375109 -6.5718246299920722 -6.7271062277041178
-0.72221151133100081 1.7741709064626487 1.098909428658907 -4.5503374793959015
0.84337722815197802 0.25663981516767365 -1.443258925512011 -0.80427208265358152
1.4040257322308025 -0.033234351794303674 -4.1717651703750072 0.22977781403435033
-0.57836455445686319 -0.4864103231348853 0.77183071238732937 0.97453119259062959
1.340166698993249 -1.9919553482421022 -3.7471687848447037 12.724890322100574
1.0506745030651268 -0.56125120849732335 -2.2105318553662139 2.4199753102940713
-0.9299066990444449 -1.8536185855061338 1.7340216353413944 6.6622377480567643
0.33261991303381766 -0.83765361679482186 -0.36941965190976478 1.1156775698893684
0.21381524878066882 0.92261608002457329 -0.22359023208723561 -1.0491536889936348
-0.77109247258910374 -1.3712989265059825 1.2295714118637915 3.8173544889806763
-0.65656938050722502 0.51005364739600667 0.93960550949579724 -1.1696805545658544
1.2561464339569346 1.1362340580184798 -3.238224745272996 -6.5148383881270382
-0.65528774478869867 1.1182571591090751 0.93666963163266703 -2.5588028365275521
-0.68089789445408666 -0.62930963565395714 0.99657709904217051 1.5045949031262615
1.484239538219406 1.0022011227083016 -4.7539702711252421 -7.6256491452625808
-0.4796580220353448 -0.77678511981705922 0.59001381523263796 1.312934214191734
-1.4180182352998276 1.5556520662095426 4.2693348671794311 -10.939854256380796
1.7047498930984055 -1.9836761166371453 -6.659046636996897 19.278389256772794
-1.8600661813681176 0.60457549219265427 8.2956090889920802 -6.8797901483324013
1.8105943492932544 -1.4473120819057668 -7.746178710815478 15.681272819089067
-0.26507828059640826 -1.4980922125569229 0.28370440223317839 1.8138892787450924
-0.3185006172459075 -0.55582093876681871 0.3508101617157125 0.72497277426674855
-0.1901131926924724 0.69441232924400564 0.19698445876569126 -0.76970681793018958
-0.3019646911029441 -0.064862101336768951 0.32949863929448553 0.082605000991142083
0.085041177232898946 -1.0566754142509196 -0.085656195181860795 1.0796010498243043
-1.6398258025355426 0.14005927227470272 6.0493643873252445 -1.2699294651291944
-1.2185255228814222 0.49482288561857724 3.0277976415888634 -2.6989685530750003
0.00098605216925751193 -1.1758015455806632 -0.00098605312799493212 1.1758049752722426
-0.56174584783845338 -1.7326963278544993 0.73900946742044182 3.3729969579015413
1.5498663680935176 -0.33306138621097992 -5.2727782991624714 2.7331874242289955
-0.74292195652689497 -0.4725220619852295 1.1529651256389239 1.2549236671722472
1.4002670012009006 -0.52162953014824831 -4.1458372676977238 3.5899811949524834
-1.9156969301998581 1.0065365066983101 8.9461029955086246 -12.08818556625218
1.8027202412922589 -1.1981824480546965 -7.6612009652305355 12.879743371769205
1.3453396277946457 1.4243828652035417 -3.7803219037727493 -9.1585199395637975
0.9723169906045781 1.3683872365269383 -1.8915457945990519 -5.2494084723643395
-1.3453816297402157 -1.8143380299060969 3.7805919756806565 11.666475097468856
-1.7265209663003915 0.93440876175856813 6.8730635423883788 -9.2904749255506918
-0.058074336067762022 0.25602776630480406 0.058270199229266718 -0.25861822593655598
-1.8979822360760767 0.9517795484696836 8.7351530513810616 -11.237670366164732
-0.72567151755924231 0.042951891266597375 1.1078095228987193 -0.11080717974222225
1.8313886671852138 0.31549762969598261 -7.9738377793698678 -3.4900200620112134
1.4232524076401187 -1.5519680790924308 -4.3062599692834471 10.983188465794049
1.0297993386930404 0.8338982459920028 -2.1218878183620271 -3.4869121879697729
-0.79933393664530605 -1.0516609488773341 1.3100561594457429 3.0674891008655165
0.16612743242203631 1.9893492892769307 -0.17071227109460363 -2.1540574068059537
-1.8280209126556701 0.81170720555612519 7.9366461112408011 -8.9490568202220118
-0.32820589158767977 -1.20507131510846 0.36355993723119895 1.5944989338993178
-0.0045709792043564512 -1.0855989896770852 0.0045710747097143529 1.0856670367073242
1.6406036880137016 -1.8209384808787927 -6.0564205191196168 16.524545789006194
1.3151167605180807 -0.27385577425430352 -3.589653404922565 1.6947828261864617
0.99826892783435195 -1.2929736399123843 -1.9930846959825863 5.1584767991922096
-1.9681330229348153 1.1863608075820098 9.5917899624663168 -14.972635970056642
-0.85210609453282959 0.94123857098916197 1.4708073746417647 -2.9914956193611926
-0.63050703819989229 1.0865603926696199 0.88115825461067865 -2.3824111966700587
-1.0535781027681992 -0.041149072839376633 2.2230780523649942 0.17817879608010442
-0.39306302015740968 1.2556993249648998 0.45379068204098122 -1.837710453892974
-0.52674812920284753 0.48530540093703944 0.67290155700990051 -0.88926913966487164
-1.319169635592091 -0.18578941096099566 3.6147998846265263 1.1557263627638346
-1.3941402862825214 -1.3038803615808394 4.1038291806515552 8.9066521273602977
1.7291454912233841 0.91930005308334328 -6.8991939023082782 -9.165267444857534
-0.84753865271825823 0.63268083088483973 1.4563441160612993 -1.9960860696656644
-0.11320469785326104 -1.7437494731965977 0.11465545042701357 1.8107895099846127
1.9552090702080287 -1.0841788592045845 -9.4296654162639033 13.518113947659018
-1.8242339950019599 -1.5233169701986382 7.8949740058937259 16.731335194163417
1.3178037972068428 -1.2333258457259739 -3.6063108956680581 7.658732173986591
1.766798606697912 -1.4026304007847075 -7.2819970604190427 14.53788812889894
1.7279442608364457 -0.54930958568677513 -6.8872253201905655 5.4696810445153661
0.10470696313453454 -1.2111151577555406 -0.10585492296428643 1.2509495157204631
0.68160338783339558 0.17181586092926215 -0.99826485609714588 -0.41128413719093754
1.7132611036148662 -0.95605448592579023 -6.7421340740442472 9.3748703086611567
1.1613033243796105 1.9258701811661298 -2.7274664977665655 -9.7177025762325435
0.022863395006356146 -0.12966914321703982 -0.022875346499285833 0.12987249095012052
-1.4973302772006782 1.4257894169163938 4.8543417026662343 -11.015640305080963
-1.9502059347685941 0.94932946339238189 9.3674303837434678 -11.781092787159034
1.686051067901372 -0.23252945532417302 -6.4791034333289232 2.2156114812921492
1.1455082167156867 -1.9731512787378707 -2.6486315835123309 9.7405939299983153
-1.5328916223986995 1.5270766370474442 5.134814022389933 -12.291852434198685
-1.5938916423666907 -1.2184124451172997 5.6431583255859206 10.504508417941503
0.99477891786962669 0.17816564992534012 -1.9791973082492178 -0.70709586498069121
0.55348725597622694 0.41913513907100075 -0.72304704875751535 -0.80433895303896619
1.9178072515603137 1.0591866187720473 -8.971472892392427 -12.746203007905619
1.7253853334872957 1.809659493536576 -6.8617790508127277 -17.971481677881751
-0.39047953438324567 -1.6887045224325745 0.45001761507786409 2.4611564739907683
0.4153486777308566 -0.17180212814489293 -0.48700235720215701 0.26071721527001734
1.6056663225677887 1.852336448532593 -5.745337976433146 -16.179219777222947
-0.064199359771804243 -0.78127229065693404 0.064463961143512771 0.7909324673559146
-1.2782324936095275 1.45980662791376 3.3667088371399947 -8.6152457763529124
1.7702319900758985 -1.0162979780724002 -7.31764568099572 10.570681837169722
-0.1331081587250007 -1.0358650194530519 0.1354665400529512 1.0909247109901186
-0.93084889629266732 0.35638516026178113 1.7374105386585019 -1.2827866460036008
0.67383518093382611 -1.0308258432402284 -0.97979263981931941 2.4349771749391689
-0.98902196424094191 0.96369862298037967 1.9564480857282591 -3.7916658112362263
0.58762377976104263 1.3595641384238468 -0.79053127371640031 -2.7679435898715332
-0.93661556424984305 1.0280562462619693 1.7582603646197064 -3.7336393098066507
0.40060193927198817 -1.8178131798762358 -0.46489130513770827 2.6929915937074682
0.17512807193891877 1.7561402640156372 -0.18049922216167893 -1.9177218950899897
-1.4900481345928864 0.45953495501225738 4.798317735778717 -3.52037336765465
1.941907034226046 -0.83926538946692775 -9.2648441492578684 10.333882116583014
0.076747153406385049 -1.3588387135372924 -0.077199203776012956 1.3828499054364884
-0.023768357273149299 -0.6518846770639124 0.023781784845489144 0.65298949409748996
1.2493301102991126 -1.5313322464200554 -3.199316684846381 8.7017605353264091
0.92483357520801057 0.5327268268975871 -1.7158595854252248 -1.899677987775461
-1.1176314305394603 1.6110888145378803 2.513664866665128 -7.6483219994814968
1.3678928111454915 -1.0907496427466845 -3.927399102912386 7.2135552104170584
0.69982852590848266 1.3691644857610639 -1.0425765207359747 -3.3808503404113517
0.9332729922149019 1.0520936689372475 -1.7461523479904932 -3.8012096220035012
-1.7681375138140645 0.94015888476584131 7.2958839780565681 -9.757844009063918
0.88769407944906176 -1.5927796328715513 -1.587197705292464 5.3581144058194417
1.6302596192372514 0.49702497094947873 -5.9630762959056156 -4.4599239916430218
-0.85485594394777031 1.7994460743181468 1.4795664464472922 -5.7444365815494924
-1.2790541910822131 0.85528994610954578 3.3715607853327434 -5.0530007187456905
-1.1523854627397623 -0.48876915762992867 2.6827444317261495 2.4360141246860554
-1.5479199759619 0.45988565710976559 5.2568233119330658 -3.7656213688537252
-0.067998342500053433 1.6768122708138846 0.068312751507774619 -1.7000718766874052
0.11748633601287306 -0.18320533814509599 -0.11910800450841705 0.19079170950966468
0.39526470068220299 0.96700458667582279 -0.4570185585013164 -1.4202421031017216
-1.7779176753558388 -0.078886443052432753 7.3978999087644723 0.82696451419722117
0.32290855525025819 0.37023988253285944 -0.35657820933452189 -0.48605454805095288
-0.098272597907670178 -1.7499873065998681 0.099221665865870681 1.8006888322126933
-1.6929547361912705 1.533134047662033 6.5451250915575745 -14.715460930667374
-1.823649436081717 -0.82426974129868436 7.8885553792926268 9.0480846158598638
-1.0766705325330554 -0.028539336445781771 2.3247679396101066 0.12778939690915631
-0.43860420817382195 -0.051363617822135943 0.5229801012318126 0.081006637955092636
0.47902474313394316 1.3576002551561444 -0.58894401428190746 -2.2921642794324075
-1.3704961850755808 -0.66545985638060134 3.9446440663832902 4.4151793332786466
-1.8656839354484629 0.79102303041883726 8.3597128220543446 -9.051146267652479
-1.8378851457984706 1.8207127983816398 8.0459336739832441 -20.270842994079516
-1.886508972889914 -0.28772832563331319 8.6004361383465149 3.3597312413388818
-1.0338722442992321 1.9728612462219974 2.1389698266044683 -8.2991869758619892
1.1277961732768613 -1.4941014559673738 -2.562267428273918 7.1952528911788107
0.31002646129577771 0.29419985594928066 -0.3398250907385551 -0.37903215496894987
-0.67795982946045941 -0.89492079592782536 0.98957018747970937 2.1289168713584545
-0.58046215847740257 0.023763407059357533 0.77604094055890727 -0.047783671651457249
-1.4783315445444831 0.10865957191319753 4.7091721452322535 -0.82107437064905908
0.74517228108881417 1.0136772019781284 -1.1589528333644137 -2.7023064885539521
1.8631585950822287 -1.9501877448751523 -8.3308527233478369 22.259598645005045
-1.6875367391124168 -1.7408008980027767 6.4932705289099175 16.613056125895291
-0.033532887950038059 -1.0380382297925332 0.033570594159281958 1.0415399102998049
1.4964618325260601 0.33598983488448031 -4.847635491614791 -2.5932347440028041
-0.65978687014679815 1.295191339462018 0.94700444198513467 -2.9866544243680075
1.2802908927825842 1.635408395376817 -3.3788730139476231 -9.6774217503616367
-1.8123137426085494 -0.027476234454519854 7.7648239804629382 0.29821175288546431
-1.099313910443934 -0.3295976147116515 2.4278249584047598 1.5245449405827631
-1.0633791549496077 -1.8142228601274768 2.2658219604676537 7.9686576605821706
1.4197091974317253 1.2327801652012589 -4.2812384347628551 -8.6870598704539592
-0.22472291271740286 1.1670657770031228 0.23607150688980386 -1.343877598933739
-0.75946876476897085 -0.40467661989385784 1.1975248836515084 1.1049203076002225
-0.72643037915845143 0.25475831635151014 1.109768486236836 -0.65806704443278385
1.8185256519398134 -0.44342855880860244 -7.8324546256053598 4.8427305780985739
-1.6396710351905499 1.6281548205285281 6.0479612163322605 -14.760140605494879
1.2915614051965916 -0.99779182682100975 -3.4460548471727672 5.9911338515064188
-0.95544035498418722 -0.67028820209481843 1.8276296298922849 2.5059386785943412
0.95859185886526976 -1.1440369232356393 -1.8394403381048101 4.2977978529984426
-0.24787929702214928 0.35679367975947418 0.26311002871203293 -0.42256232849713676
1.667030185247155 -0.99263084139662938 -6.2996897971576828 9.2681633107618744
1.025096731380672 -0.19178769244179961 -2.1022922703746847 0.79639262505340369
-1.8414191846900527 -0.94135680135208455 8.0853486803585568 10.517284238373627
-1.8193751415896693 1.6357268254255599 7.8417359301968155 -17.879112044553931
-1.332495624189082 0.25354002967642497 3.698401018895352 -1.6040549126438506
-1.8903381050680266 -0.7236172151243272 8.6452309886134309 8.4808910547875662
-1.7337733236835611 0.40996783987302754 6.945443813838339 -4.1070208463859847
1.6873534515766533 0.9730007580225557 -6.491521523571973 -9.2838721489894294
0.51216375105140877 0.65908190638583219 -0.64651029930959003 -1.1777366078983014
-0.64893623186446714 -0.69711501689974487 0.9222151111740764 1.5778185492988253
1.4462892089822073 -0.74135755951079441 -4.4715682429094024 5.3935670916757346
0.18596358816018688 1.132941834759098 -0.19239466578791681 -1.2504815686251021
-1.3739851379772627 -1.7017226650669151 3.9678425899196141 11.339438300960628
0.45529489074200713 1.2311419768647158 -0.54967453373639341 -1.9967649343013498
-0.097667992989096675 -1.4907941558930768 0.098599651573726493 1.5334563770797702
-1.3320235356723051 -1.7481784817195063 3.6954151785497937 11.053487967566095
-1.8077294943049251 -0.89447397700987397 7.7151832641920031 9.6635907351307004
-0.97432164502980179 -1.8823787526192546 1.899247782120999 7.2432202686139631
0.75584101643013701 1.5351025409518928 -1.1876496952508218 -4.1660947165028048
-1.1012294636174378 1.0505664822614835 2.4366974066237663 -4.8726523564854221
-1.4460439825951803 -0.1661008119736036 4.4697844187229432 1.2080727319497953
0.87726603362073341 -1.9690286022370764 -1.5524061953637025 6.5150964016622028
-1.2020834413443073 1.1906891481621869 2.9390995436155736 -6.3523430367918134
-1.2394918027538759 0.60566877380601447 3.1437725511094259 -3.3972081368168578
1.9177013856488498 0.64193289269092979 -8.9701989713684949 -7.7242089077833924
-0.39903811455319671 0.013632073483563101 0.4625775189171073 -0.020144036610397601
-0.19475334874368455 -1.1828691695317404 0.20214012257616759 1.3174638312170843
-1.9622340287775071 1.825828652830678 9.5175461211836243 -22.916134544611751
0.19293929975721458 -1.6515801711251035 -0.20012157582029716 1.8360232277381474
1.7646935386734262 1.4837993604644502 -7.26020207298511 -15.346090806437083
-1.2605786521244742 -0.10175813014522328 3.2637119223453777 0.58685700675836927
1.4256061548834098 -0.10784630903876202 -4.322940970622998 0.76539158868699142
0.2756822273861852 0.28115153938219706 -0.29663426702517826 -0.3452546727638911
0.74333716371739911 0.33512920479682062 -1.154068216826128 -0.89065627084037902
-1.5145149196333687 0.35816225502727672 4.9884417582176868 -2.8227721195672815
1.4391064928274035 0.32988443466435013 -4.419535611588671 -2.3794836404216251
1.646786970467172 0.36190604790270298 -6.1127206202038558 -3.3062730359049008
1.3162584705573095 1.4572556912383412 -3.5967241316852268 -9.0315011096443438
0.49692784764464681 -1.6471933818486204 -0.61963786156293077 2.8674537703786509
-1.4592212253987991 -1.0779134233663084 4.5663797735323923 7.9636025483553601
0.13536106387783997 -1.3735622736505357 -0.13784123289111691 1.4490640425784609
-0.092903720223605379 -1.1086259611546194 0.093705581637627669 1.1373319498500236
1.3498930335914392 1.5467171206131765 -3.8096832410907502 -10.002052911776305
-0.33745201737709918 0.63649434817592798 0.37587898252118057 -0.85393456075965379
0.8291918738113595 1.6811271742617726 -1.3993103450286974 -5.1487503557574819
-1.4333215678792595 1.8735475397524621 4.3779527577629178 -13.420655972888719
-1.649147971593766 -1.0724935184666071 6.1343176224317233 9.8230400963423374
1.6324550631849277 0.1896513647934861 -5.9828001237798532 -1.705862554928339
0.23935915728158275 0.82374694372457746 -0.25307271508581997 -0.96533126567564664
-1.0647906928858202 0.80881299267277029 2.2720282537631591 -3.5598590837139157
1.0810925066643304 1.8050399681564602 -2.3446312744575692 -8.1340209659595732
0.53325502422380078 -0.78801195019739678 -0.68489191396526317 1.4602513616176713
0.0848187793805395 -1.990655040953127 -0.085428984792094043 2.0336187037433491
0.042429218639027599 -1.7127641577442159 -0.042505601355948351 1.7220143101634251
-0.50657519041451016 -0.85280076770566726 0.63657171718492866 1.5093339335216047
-0.57760109433292373 0.98271244929971058 0.77030211819082695 -1.9662789469878776
0.87233712583153267 0.95997147056931098 -1.5361613064531103 -3.1515058762498658
