[01:12:32Z] CANON        instrument v8 4d8882a2223a5c74 authentifie
[01:12:32Z] CANON        temoin v11 a2e7ef3e237c5acf authentifie
[01:12:32Z] CANON        JSON recu ed09e29e91b6eb00 = rejeu1, machine 2 (lot eb7fb1cefbf2cec4) -- authentifie ; etiquettes : 'ce poste' = l'instrument joue ici, 'JSON recu' = ce fichier
[01:12:32Z] IMPORT       instrument banc_qualification_machine1_v8 importe en lecture ; moteur NON charge (T-2 ne l'appelle pas) ; e du JSON recu : ['1.0481615698622637e-06', '7.986105272223979e-08', '1.8520748469025595e-08', '1.6530853961382515e-08']
[01:12:32Z] PLATEFORME   python 3.12.3 ; numpy 2.4.4 ; Linux-6.18.44-fc-v32-x86_64-with-glibc2.39 ; Intel(R) Xeon(R) Processor @ 2.10GHz ; avx512f True ; fma True ; NPY_DISABLE_CPU_FEATURES='' ; TEMOIN (1765.6704444885254)**6 : tableau numpy 0x1.a483018a169c5p+64, pow Python 0x1.a483018a169c6p+64 -> noyau NON CR (SIMD)
[01:12:32Z] CELLULE      p=7 w2=1.73 a=0.8 A=3.142438761846983 tau0=0.003127777135108456 tau_CAP=0.00015638885675542283 dt2=7.819442837771142e-06 ; exposants K1 6, K2 -2.8 et -0.8, K3 -0.8
[01:12:32Z] A_de         A = 306.432 ** 0.2 par libm : 0x1.923b6eefe8632p+1 ; CR : 0x1.923b6eefe8632p+1 ; IDENTIQUES
[01:12:34Z] FLOT-dt2     n_pas=380 e_poste=1.0525430201660647e-06 e_jumeau=1.0525430201660647e-06 (egal True) fidele=True ; e_json_recu=1.0481615698622637e-06 ; ecart au bord (JSON recu - poste) = -1.000 ulp(x1) ; x1_fin=0x1.7f49d9039dee5p+36 ulp=1.526e-05
[01:12:34Z] APPELS-dt2   K1 1520 (numpy != python sur 83) ; K2 3040 ; K3 381 ; CAS DURS ici : K1 83, K2 3, K3 26
[01:12:34Z] K1-DUR-dt2   appel 25 pas 7 etage 1 x=0x1.40debc63c0000p+8 libm=0x1.f04d1e9fd8b62p+49 cr=0x1.f04d1e9fd8b63p+49 (libm - cr = -1.0 ulp)
[01:12:34Z] K1-DUR-dt2   appel 33 pas 9 etage 1 x=0x1.422dd776e0000p+8 libm=0x1.fc92ee5c42c3cp+49 cr=0x1.fc92ee5c42c3dp+49 (libm - cr = -1.0 ulp)
[01:12:34Z] K1-DUR-dt2   appel 46 pas 12 etage 2 x=0x1.447fa4e480000p+8 libm=0x1.0978990e53ee4p+50 cr=0x1.0978990e53ee5p+50 (libm - cr = -1.0 ulp)
[01:12:34Z] K1-DUR-dt2   appel 68 pas 17 etage 4 x=0x1.4838bad2e0000p+8 libm=0x1.1c47261af5c9cp+50 cr=0x1.1c47261af5c9dp+50 (libm - cr = -1.0 ulp)
[01:12:34Z] K1-DUR-dt2   appel 70 pas 18 etage 2 x=0x1.48907bcb40000p+8 libm=0x1.1e105ef0b93e8p+50 cr=0x1.1e105ef0b93e9p+50 (libm - cr = -1.0 ulp)
[01:12:34Z] K1-DUR-dt2   appel 75 pas 19 etage 3 x=0x1.494106f8d0000p+8 libm=0x1.21af77d31ad4cp+50 cr=0x1.21af77d31ad4dp+50 (libm - cr = -1.0 ulp)
[01:12:34Z] K1-DUR-dt2   appel 76 pas 19 etage 4 x=0x1.4999679ac0000p+8 libm=0x1.23833b6edcfdbp+50 cr=0x1.23833b6edcfdcp+50 (libm - cr = -1.0 ulp)
[01:12:34Z] K1-DUR-dt2   appel 82 pas 21 etage 2 x=0x1.4aa3ffd8c0000p+8 libm=0x1.29152f71203f1p+50 cr=0x1.29152f71203f2p+50 (libm - cr = -1.0 ulp)
[01:12:34Z] K1-DUR-dt2   appel 84 pas 21 etage 4 x=0x1.4afd6d8540000p+8 libm=0x1.2af89295bf964p+50 cr=0x1.2af89295bf965p+50 (libm - cr = -1.0 ulp)
[01:12:34Z] K1-DUR-dt2   appel 142 pas 36 etage 2 x=0x1.557b574910000p+8 libm=0x1.68888fdefadd1p+50 cr=0x1.68888fdefadd2p+50 (libm - cr = -1.0 ulp)
[01:12:34Z] K1-DUR-dt2   appel 158 pas 40 etage 2 x=0x1.588276d260000p+8 libm=0x1.7c24e8f6d0f04p+50 cr=0x1.7c24e8f6d0f05p+50 (libm - cr = -1.0 ulp)
[01:12:34Z] K1-DUR-dt2   appel 207 pas 52 etage 3 x=0x1.61f7ee41e0000p+8 libm=0x1.bf3a08ebbfeeap+50 cr=0x1.bf3a08ebbfeebp+50 (libm - cr = -1.0 ulp)
[01:12:34Z] K1-DUR-dt2   appel 225 pas 57 etage 1 x=0x1.65aade2e60000p+8 libm=0x1.dc02bd08b4ecap+50 cr=0x1.dc02bd08b4ecbp+50 (libm - cr = -1.0 ulp)
[01:12:34Z] K1-DUR-dt2   appel 227 pas 57 etage 3 x=0x1.66159d69e0000p+8 libm=0x1.df59a0d2af3d2p+50 cr=0x1.df59a0d2af3d3p+50 (libm - cr = -1.0 ulp)
[01:12:34Z] K1-DUR-dt2   appel 231 pas 58 etage 3 x=0x1.66ebac0d40000p+8 libm=0x1.e61afbc70daeep+50 cr=0x1.e61afbc70daefp+50 (libm - cr = -1.0 ulp)
[01:12:34Z] K1-DUR-dt2   appel 238 pas 60 etage 2 x=0x1.689ae4e180000p+8 libm=0x1.f3f4848bfb249p+50 cr=0x1.f3f4848bfb24ap+50 (libm - cr = -1.0 ulp)
[01:12:34Z] K1-DUR-dt2   appel 250 pas 63 etage 2 x=0x1.6b2ac581e0000p+8 libm=0x1.04d32adcf6b7fp+51 cr=0x1.04d32adcf6b80p+51 (libm - cr = -1.0 ulp)
[01:12:34Z] K1-DUR-dt2   appel 282 pas 71 etage 2 x=0x1.72343a3900000p+8 libm=0x1.24a7d917e63b2p+51 cr=0x1.24a7d917e63b3p+51 (libm - cr = -1.0 ulp)
[01:12:34Z] K1-DUR-dt2   appel 290 pas 73 etage 2 x=0x1.7402f3ea60000p+8 libm=0x1.2d5596febdde1p+51 cr=0x1.2d5596febdde2p+51 (libm - cr = -1.0 ulp)
[01:12:34Z] K1-DUR-dt2   appel 361 pas 91 etage 1 x=0x1.84b84e15e0000p+8 libm=0x1.8838a35072a65p+51 cr=0x1.8838a35072a66p+51 (libm - cr = -1.0 ulp)
[01:12:34Z] K1-DUR-dt2   appel 388 pas 97 etage 4 x=0x1.8be3447440000p+8 libm=0x1.b5aa74c0d66d7p+51 cr=0x1.b5aa74c0d66d8p+51 (libm - cr = -1.0 ulp)
[01:12:34Z] K1-DUR-dt2   appel 407 pas 102 etage 3 x=0x1.90a7eb4960000p+8 libm=0x1.d643028056f16p+51 cr=0x1.d643028056f17p+51 (libm - cr = -1.0 ulp)
[01:12:34Z] K1-DUR-dt2   appel 409 pas 103 etage 1 x=0x1.91315d6860000p+8 libm=0x1.da0e341721c49p+51 cr=0x1.da0e341721c4ap+51 (libm - cr = -1.0 ulp)
[01:12:34Z] K1-DUR-dt2   appel 413 pas 104 etage 1 x=0x1.9245eb5740000p+8 libm=0x1.e1c4228f54535p+51 cr=0x1.e1c4228f54536p+51 (libm - cr = -1.0 ulp)
[01:12:34Z] K1-DUR-dt2   appel 414 pas 104 etage 2 x=0x1.92d09d90a0000p+8 libm=0x1.e5ac1eb71787fp+51 cr=0x1.e5ac1eb717880p+51 (libm - cr = -1.0 ulp)
[01:12:34Z] K1-DUR-dt2   appel 437 pas 110 etage 1 x=0x1.98e51dc4a0000p+8 libm=0x1.09acd52d7f6c4p+52 cr=0x1.09acd52d7f6c5p+52 (libm - cr = -1.0 ulp)
[01:12:34Z] K1-DUR-dt2   appel 452 pas 113 etage 4 x=0x1.9d72a1b700000p+8 libm=0x1.1bece40e6c7adp+52 cr=0x1.1bece40e6c7aep+52 (libm - cr = -1.0 ulp)
[01:12:34Z] K1-DUR-dt2   appel 462 pas 116 etage 2 x=0x1.a059cd97a0000p+8 libm=0x1.2819477fb5a2dp+52 cr=0x1.2819477fb5a2ep+52 (libm - cr = -1.0 ulp)
[01:12:34Z] K1-DUR-dt2   appel 476 pas 119 etage 4 x=0x1.a47ecabc20000p+8 libm=0x1.3a3ac03bfc47fp+52 cr=0x1.3a3ac03bfc480p+52 (libm - cr = -1.0 ulp)
[01:12:34Z] K1-DUR-dt2   appel 487 pas 122 etage 3 x=0x1.a783655160000p+8 libm=0x1.4801a2492d77ep+52 cr=0x1.4801a2492d77fp+52 (libm - cr = -1.0 ulp)
[01:12:34Z] K1-DUR-dt2   appel 533 pas 134 etage 1 x=0x1.b60b1df240000p+8 libm=0x1.91971c7a7b3d6p+52 cr=0x1.91971c7a7b3d7p+52 (libm - cr = -1.0 ulp)
[01:12:34Z] K1-DUR-dt2   appel 535 pas 134 etage 3 x=0x1.b6b3ae93c0000p+8 libm=0x1.9539d39732d5cp+52 cr=0x1.9539d39732d5dp+52 (libm - cr = -1.0 ulp)
[01:12:34Z] K1-DUR-dt2   appel 561 pas 141 etage 1 x=0x1.bf73fcc040000p+8 libm=0x1.c835dc58fd341p+52 cr=0x1.c835dc58fd342p+52 (libm - cr = -1.0 ulp)
[01:12:34Z] K1-DUR-dt2   appel 581 pas 146 etage 1 x=0x1.c675529700000p+8 libm=0x1.f4c6e9dd302e5p+52 cr=0x1.f4c6e9dd302e6p+52 (libm - cr = -1.0 ulp)
[01:12:34Z] K1-DUR-dt2   appel 591 pas 148 etage 3 x=0x1.ca0e420400000p+8 libm=0x1.0684bc842f522p+53 cr=0x1.0684bc842f523p+53 (libm - cr = -1.0 ulp)
[01:12:34Z] K1-DUR-dt2   appel 599 pas 150 etage 3 x=0x1.ccfaa5c640000p+8 libm=0x1.10bba0b7afd1dp+53 cr=0x1.10bba0b7afd1ep+53 (libm - cr = -1.0 ulp)
[01:12:34Z] K1-DUR-dt2   appel 600 pas 150 etage 4 x=0x1.cdb717c200000p+8 libm=0x1.135b40ae7c1dcp+53 cr=0x1.135b40ae7c1ddp+53 (libm - cr = -1.0 ulp)
[01:12:34Z] K1-DUR-dt2   appel 651 pas 163 etage 3 x=0x1.e10ea057c0000p+8 libm=0x1.603babcfc18f8p+53 cr=0x1.603babcfc18f9p+53 (libm - cr = -1.0 ulp)
[01:12:34Z] K1-DUR-dt2   appel 694 pas 174 etage 2 x=0x1.f3a7a32e80000p+8 libm=0x1.ba40c25fe2332p+53 cr=0x1.ba40c25fe2333p+53 (libm - cr = -1.0 ulp)
[01:12:34Z] K1-DUR-dt2   appel 696 pas 174 etage 4 x=0x1.f48a6e5900000p+8 libm=0x1.befa8b419f5b2p+53 cr=0x1.befa8b419f5b3p+53 (libm - cr = -1.0 ulp)
[01:12:34Z] K1-DUR-dt2   appel 717 pas 180 etage 1 x=0x1.fd94798580000p+8 libm=0x1.f1a67efefad9fp+53 cr=0x1.f1a67efefada0p+53 (libm - cr = -1.0 ulp)
[01:12:34Z] K1-DUR-dt2   appel 786 pas 197 etage 2 x=0x1.102bec7d80000p+9 libm=0x1.71b4cce71e6a3p+54 cr=0x1.71b4cce71e6a4p+54 (libm - cr = -1.0 ulp)
[01:12:34Z] K1-DUR-dt2   appel 788 pas 197 etage 4 x=0x1.10b57cbc80000p+9 libm=0x1.761b82c78d5c0p+54 cr=0x1.761b82c78d5c1p+54 (libm - cr = -1.0 ulp)
[01:12:34Z] K1-DUR-dt2   appel 796 pas 199 etage 4 x=0x1.12e0aa72c0000p+9 libm=0x1.8850f4ea1ae49p+54 cr=0x1.8850f4ea1ae4ap+54 (libm - cr = -1.0 ulp)
[01:12:34Z] K1-DUR-dt2   appel 810 pas 203 etage 2 x=0x1.16c4361ac0000p+9 libm=0x1.aad1875391c22p+54 cr=0x1.aad1875391c23p+54 (libm - cr = -1.0 ulp)
[01:12:34Z] K1-DUR-dt2   appel 814 pas 204 etage 2 x=0x1.17e69a0c40000p+9 libm=0x1.b5588271592b2p+54 cr=0x1.b5588271592b3p+54 (libm - cr = -1.0 ulp)
[01:12:34Z] K1-DUR-dt2   appel 838 pas 210 etage 2 x=0x1.1eee6f26c0000p+9 libm=0x1.fb89b48d43bb3p+54 cr=0x1.fb89b48d43bb4p+54 (libm - cr = -1.0 ulp)
[01:12:34Z] K1-DUR-dt2   appel 859 pas 215 etage 3 x=0x1.251ae46a80000p+9 libm=0x1.2057e6e4b1c07p+55 cr=0x1.2057e6e4b1c08p+55 (libm - cr = -1.0 ulp)
[01:12:34Z] K1-DUR-dt2   appel 910 pas 228 etage 2 x=0x1.36a4bd3400000p+9 libm=0x1.98a491b87a317p+55 cr=0x1.98a491b87a318p+55 (libm - cr = -1.0 ulp)
[01:12:34Z] K1-DUR-dt2   appel 921 pas 231 etage 1 x=0x1.3a4b70c440000p+9 libm=0x1.b652376fd00fep+55 cr=0x1.b652376fd00ffp+55 (libm - cr = -1.0 ulp)
[01:12:34Z] K1-DUR-dt2   appel 930 pas 233 etage 2 x=0x1.3e0a349340000p+9 libm=0x1.d69bb66885765p+55 cr=0x1.d69bb66885766p+55 (libm - cr = -1.0 ulp)
[01:12:34Z] K1-DUR-dt2   appel 951 pas 238 etage 3 x=0x1.45d9592380000p+9 libm=0x1.102b4406c78e3p+56 cr=0x1.102b4406c78e4p+56 (libm - cr = -1.0 ulp)
[01:12:34Z] K1-DUR-dt2   appel 969 pas 243 etage 1 x=0x1.4d4011b800000p+9 libm=0x1.376e98047c8d5p+56 cr=0x1.376e98047c8d6p+56 (libm - cr = -1.0 ulp)
[01:12:34Z] K1-DUR-dt2   appel 988 pas 247 etage 4 x=0x1.55ef434580000p+9 libm=0x1.6b6956084202ep+56 cr=0x1.6b6956084202fp+56 (libm - cr = -1.0 ulp)
[01:12:34Z] K1-DUR-dt2   appel 1011 pas 253 etage 3 x=0x1.60199e3300000p+9 libm=0x1.b13f8f9540172p+56 cr=0x1.b13f8f9540173p+56 (libm - cr = -1.0 ulp)
[01:12:34Z] K1-DUR-dt2   appel 1013 pas 254 etage 1 x=0x1.610e119680000p+9 libm=0x1.b8589365a680cp+56 cr=0x1.b8589365a680dp+56 (libm - cr = -1.0 ulp)
[01:12:34Z] K1-DUR-dt2   appel 1022 pas 256 etage 2 x=0x1.65ee18e880000p+9 libm=0x1.de1c918496adap+56 cr=0x1.de1c918496adbp+56 (libm - cr = -1.0 ulp)
[01:12:34Z] K1-DUR-dt2   appel 1025 pas 257 etage 1 x=0x1.66ed52f880000p+9 libm=0x1.e628689f72f9fp+56 cr=0x1.e628689f72fa0p+56 (libm - cr = -1.0 ulp)
[01:12:34Z] K1-DUR-dt2   appel 1031 pas 258 etage 3 x=0x1.69f3184700000p+9 libm=0x1.ff3e9c4c61d45p+56 cr=0x1.ff3e9c4c61d46p+56 (libm - cr = -1.0 ulp)
[01:12:34Z] K1-DUR-dt2   appel 1039 pas 260 etage 3 x=0x1.6e10d13100000p+9 libm=0x1.119141afc961ap+57 cr=0x1.119141afc961bp+57 (libm - cr = -1.0 ulp)
[01:12:34Z] K1-DUR-dt2   appel 1076 pas 269 etage 4 x=0x1.8326630080000p+9 libm=0x1.7ecfd8107f8e3p+57 cr=0x1.7ecfd8107f8e4p+57 (libm - cr = -1.0 ulp)
[01:12:34Z] K1-DUR-dt2   appel 1086 pas 272 etage 2 x=0x1.8928e11000000p+9 libm=0x1.a3e0ffa58b173p+57 cr=0x1.a3e0ffa58b174p+57 (libm - cr = -1.0 ulp)
[01:12:34Z] K1-DUR-dt2   appel 1098 pas 275 etage 2 x=0x1.90a9070b00000p+9 libm=0x1.d64ad0dff19ddp+57 cr=0x1.d64ad0dff19dep+57 (libm - cr = -1.0 ulp)
[01:12:34Z] K1-DUR-dt2   appel 1121 pas 281 etage 1 x=0x1.9f4a2b3700000p+9 libm=0x1.23998f6339a29p+58 cr=0x1.23998f6339a2ap+58 (libm - cr = -1.0 ulp)
[01:12:34Z] K1-DUR-dt2   appel 1181 pas 296 etage 1 x=0x1.ce1bfd4400000p+9 libm=0x1.14c50eeecbad3p+59 cr=0x1.14c50eeecbad4p+59 (libm - cr = -1.0 ulp)
[01:12:34Z] K1-DUR-dt2   appel 1190 pas 298 etage 2 x=0x1.d718a88e00000p+9 libm=0x1.36ad327f50881p+59 cr=0x1.36ad327f50882p+59 (libm - cr = -1.0 ulp)
[01:12:34Z] K1-DUR-dt2   appel 1204 pas 301 etage 4 x=0x1.e461d71e00000p+9 libm=0x1.6f1879a6c9e32p+59 cr=0x1.6f1879a6c9e33p+59 (libm - cr = -1.0 ulp)
[01:12:34Z] K1-DUR-dt2   appel 1233 pas 309 etage 1 x=0x1.00d2fde100000p+10 libm=0x1.04fc2ef1f24dep+60 cr=0x1.04fc2ef1f24dfp+60 (libm - cr = -1.0 ulp)
[01:12:34Z] K1-DUR-dt2   appel 1237 pas 310 etage 1 x=0x1.03145ad700000p+10 libm=0x1.130aaea1697b4p+60 cr=0x1.130aaea1697b5p+60 (libm - cr = -1.0 ulp)
[01:12:34Z] K1-DUR-dt2   appel 1295 pas 324 etage 3 x=0x1.29ae270400000p+10 libm=0x1.3c6cc39402ce4p+61 cr=0x1.3c6cc39402ce5p+61 (libm - cr = -1.0 ulp)
[01:12:34Z] K1-DUR-dt2   appel 1300 pas 325 etage 4 x=0x1.2e6cc3c200000p+10 libm=0x1.5beaa4f34176ap+61 cr=0x1.5beaa4f34176bp+61 (libm - cr = -1.0 ulp)
[01:12:34Z] K1-DUR-dt2   appel 1310 pas 328 etage 2 x=0x1.36ba7f2c00000p+10 libm=0x1.99506aa14bd56p+61 cr=0x1.99506aa14bd57p+61 (libm - cr = -1.0 ulp)
[01:12:34Z] K1-DUR-dt2   appel 1325 pas 332 etage 1 x=0x1.434937c600000p+10 libm=0x1.039302d0488fep+62 cr=0x1.039302d0488ffp+62 (libm - cr = -1.0 ulp)
[01:12:34Z] K1-DUR-dt2   appel 1328 pas 332 etage 4 x=0x1.471589bc00000p+10 libm=0x1.166af6d3068a0p+62 cr=0x1.166af6d3068a1p+62 (libm - cr = -1.0 ulp)
[01:12:34Z] K1-DUR-dt2   appel 1342 pas 336 etage 2 x=0x1.55315cc400000p+10 libm=0x1.66b4eaac9abcdp+62 cr=0x1.66b4eaac9abcep+62 (libm - cr = -1.0 ulp)
[01:12:34Z] K1-DUR-dt2   appel 1343 pas 336 etage 3 x=0x1.5538c26000000p+10 libm=0x1.66e3961195c51p+62 cr=0x1.66e3961195c52p+62 (libm - cr = -1.0 ulp)
[01:12:34Z] K1-DUR-dt2   appel 1433 pas 359 etage 1 x=0x1.e0e9c97000000p+10 libm=0x1.5f99f2926362bp+65 cr=0x1.5f99f2926362cp+65 (libm - cr = -1.0 ulp)
[01:12:34Z] K1-DUR-dt2   appel 1437 pas 360 etage 1 x=0x1.ea46342800000p+10 libm=0x1.8ab744989602bp+65 cr=0x1.8ab744989602cp+65 (libm - cr = -1.0 ulp)
[01:12:34Z] K1-DUR-dt2   appel 1438 pas 360 etage 2 x=0x1.ef0eb18800000p+10 libm=0x1.a2646336214d1p+65 cr=0x1.a2646336214d2p+65 (libm - cr = -1.0 ulp)
[01:12:34Z] K1-DUR-dt2   appel 1440 pas 360 etage 4 x=0x1.f40ec6e000000p+10 libm=0x1.bc659b7bc1ad8p+65 cr=0x1.bc659b7bc1ad9p+65 (libm - cr = -1.0 ulp)
[01:12:34Z] K1-DUR-dt2   appel 1494 pas 374 etage 2 x=0x1.5b7b4b3000000p+11 libm=0x1.903ff629df3cdp+68 cr=0x1.903ff629df3cep+68 (libm - cr = -1.0 ulp)
[01:12:34Z] K1-DUR-dt2   appel 1509 pas 378 etage 1 x=0x1.8545be8000000p+11 libm=0x1.8b93f7056e628p+69 cr=0x1.8b93f7056e629p+69 (libm - cr = -1.0 ulp)
[01:12:34Z] K1-DUR-dt2   appel 1517 pas 380 etage 1 x=0x1.a2a8b0a000000p+11 libm=0x1.3215d4b02b9f0p+70 cr=0x1.3215d4b02b9f1p+70 (libm - cr = -1.0 ulp)
[01:12:34Z] EFFET-dt2    cas dur K1 appel 25 (pas 7) corrige seul : premier pas qui differe None, x_fin deplace de +0.0 ulp(x1) -> ABSORBE
[01:12:34Z] EFFET-dt2    cas dur K1 appel 33 (pas 9) corrige seul : premier pas qui differe None, x_fin deplace de +0.0 ulp(x1) -> ABSORBE
[01:12:34Z] EFFET-dt2    cas dur K1 appel 46 (pas 12) corrige seul : premier pas qui differe None, x_fin deplace de +0.0 ulp(x1) -> ABSORBE
[01:12:34Z] EFFET-dt2    cas dur K1 appel 68 (pas 17) corrige seul : premier pas qui differe None, x_fin deplace de +0.0 ulp(x1) -> ABSORBE
[01:12:34Z] EFFET-dt2    cas dur K1 appel 70 (pas 18) corrige seul : premier pas qui differe None, x_fin deplace de +0.0 ulp(x1) -> ABSORBE
[01:12:34Z] EFFET-dt2    cas dur K1 appel 75 (pas 19) corrige seul : premier pas qui differe None, x_fin deplace de +0.0 ulp(x1) -> ABSORBE
[01:12:34Z] EFFET-dt2    cas dur K1 appel 76 (pas 19) corrige seul : premier pas qui differe None, x_fin deplace de +0.0 ulp(x1) -> ABSORBE
[01:12:34Z] EFFET-dt2    cas dur K1 appel 82 (pas 21) corrige seul : premier pas qui differe None, x_fin deplace de +0.0 ulp(x1) -> ABSORBE
[01:12:34Z] EFFET-dt2    cas dur K1 appel 84 (pas 21) corrige seul : premier pas qui differe None, x_fin deplace de +0.0 ulp(x1) -> ABSORBE
[01:12:34Z] EFFET-dt2    cas dur K1 appel 142 (pas 36) corrige seul : premier pas qui differe None, x_fin deplace de +0.0 ulp(x1) -> ABSORBE
[01:12:34Z] EFFET-dt2    cas dur K1 appel 158 (pas 40) corrige seul : premier pas qui differe 43, x_fin deplace de +0.0 ulp(x1) -> ABSORBE
[01:12:34Z] EFFET-dt2    cas dur K1 appel 207 (pas 52) corrige seul : premier pas qui differe None, x_fin deplace de +0.0 ulp(x1) -> ABSORBE
[01:12:34Z] EFFET-dt2    cas dur K1 appel 225 (pas 57) corrige seul : premier pas qui differe None, x_fin deplace de +0.0 ulp(x1) -> ABSORBE
[01:12:34Z] EFFET-dt2    cas dur K1 appel 227 (pas 57) corrige seul : premier pas qui differe None, x_fin deplace de +0.0 ulp(x1) -> ABSORBE
[01:12:34Z] EFFET-dt2    cas dur K1 appel 231 (pas 58) corrige seul : premier pas qui differe None, x_fin deplace de +0.0 ulp(x1) -> ABSORBE
[01:12:34Z] EFFET-dt2    cas dur K1 appel 238 (pas 60) corrige seul : premier pas qui differe None, x_fin deplace de +0.0 ulp(x1) -> ABSORBE
[01:12:34Z] EFFET-dt2    cas dur K1 appel 250 (pas 63) corrige seul : premier pas qui differe None, x_fin deplace de +0.0 ulp(x1) -> ABSORBE
[01:12:34Z] EFFET-dt2    cas dur K1 appel 282 (pas 71) corrige seul : premier pas qui differe None, x_fin deplace de +0.0 ulp(x1) -> ABSORBE
[01:12:34Z] EFFET-dt2    cas dur K1 appel 290 (pas 73) corrige seul : premier pas qui differe None, x_fin deplace de +0.0 ulp(x1) -> ABSORBE
[01:12:34Z] EFFET-dt2    cas dur K1 appel 361 (pas 91) corrige seul : premier pas qui differe None, x_fin deplace de +0.0 ulp(x1) -> ABSORBE
[01:12:34Z] EFFET-dt2    cas dur K1 appel 388 (pas 97) corrige seul : premier pas qui differe None, x_fin deplace de +0.0 ulp(x1) -> ABSORBE
[01:12:34Z] EFFET-dt2    cas dur K1 appel 407 (pas 102) corrige seul : premier pas qui differe None, x_fin deplace de +0.0 ulp(x1) -> ABSORBE
[01:12:34Z] EFFET-dt2    cas dur K1 appel 409 (pas 103) corrige seul : premier pas qui differe None, x_fin deplace de +0.0 ulp(x1) -> ABSORBE
[01:12:34Z] EFFET-dt2    cas dur K1 appel 413 (pas 104) corrige seul : premier pas qui differe None, x_fin deplace de +0.0 ulp(x1) -> ABSORBE
[01:12:34Z] EFFET-dt2    cas dur K1 appel 414 (pas 104) corrige seul : premier pas qui differe None, x_fin deplace de +0.0 ulp(x1) -> ABSORBE
[01:12:34Z] EFFET-dt2    cas dur K1 appel 437 (pas 110) corrige seul : premier pas qui differe None, x_fin deplace de +0.0 ulp(x1) -> ABSORBE
[01:12:34Z] EFFET-dt2    cas dur K1 appel 452 (pas 113) corrige seul : premier pas qui differe None, x_fin deplace de +0.0 ulp(x1) -> ABSORBE
[01:12:34Z] EFFET-dt2    cas dur K1 appel 462 (pas 116) corrige seul : premier pas qui differe None, x_fin deplace de +0.0 ulp(x1) -> ABSORBE
[01:12:34Z] EFFET-dt2    cas dur K1 appel 476 (pas 119) corrige seul : premier pas qui differe None, x_fin deplace de +0.0 ulp(x1) -> ABSORBE
[01:12:34Z] EFFET-dt2    cas dur K1 appel 487 (pas 122) corrige seul : premier pas qui differe None, x_fin deplace de +0.0 ulp(x1) -> ABSORBE
[01:12:34Z] EFFET-dt2    cas dur K1 appel 533 (pas 134) corrige seul : premier pas qui differe None, x_fin deplace de +0.0 ulp(x1) -> ABSORBE
[01:12:34Z] EFFET-dt2    cas dur K1 appel 535 (pas 134) corrige seul : premier pas qui differe None, x_fin deplace de +0.0 ulp(x1) -> ABSORBE
[01:12:34Z] EFFET-dt2    cas dur K1 appel 561 (pas 141) corrige seul : premier pas qui differe None, x_fin deplace de +0.0 ulp(x1) -> ABSORBE
[01:12:34Z] EFFET-dt2    cas dur K1 appel 581 (pas 146) corrige seul : premier pas qui differe None, x_fin deplace de +0.0 ulp(x1) -> ABSORBE
[01:12:34Z] EFFET-dt2    cas dur K1 appel 591 (pas 148) corrige seul : premier pas qui differe None, x_fin deplace de +0.0 ulp(x1) -> ABSORBE
[01:12:34Z] EFFET-dt2    cas dur K1 appel 599 (pas 150) corrige seul : premier pas qui differe None, x_fin deplace de +0.0 ulp(x1) -> ABSORBE
[01:12:34Z] EFFET-dt2    cas dur K1 appel 600 (pas 150) corrige seul : premier pas qui differe None, x_fin deplace de +0.0 ulp(x1) -> ABSORBE
[01:12:34Z] EFFET-dt2    cas dur K1 appel 651 (pas 163) corrige seul : premier pas qui differe None, x_fin deplace de +0.0 ulp(x1) -> ABSORBE
[01:12:34Z] EFFET-dt2    cas dur K1 appel 694 (pas 174) corrige seul : premier pas qui differe None, x_fin deplace de +0.0 ulp(x1) -> ABSORBE
[01:12:34Z] EFFET-dt2    cas dur K1 appel 696 (pas 174) corrige seul : premier pas qui differe None, x_fin deplace de +0.0 ulp(x1) -> ABSORBE
[01:12:34Z] EFFET-dt2    cas dur K1 appel 717 (pas 180) corrige seul : premier pas qui differe None, x_fin deplace de +0.0 ulp(x1) -> ABSORBE
[01:12:34Z] EFFET-dt2    cas dur K1 appel 786 (pas 197) corrige seul : premier pas qui differe None, x_fin deplace de +0.0 ulp(x1) -> ABSORBE
[01:12:34Z] EFFET-dt2    cas dur K1 appel 788 (pas 197) corrige seul : premier pas qui differe None, x_fin deplace de +0.0 ulp(x1) -> ABSORBE
[01:12:34Z] EFFET-dt2    cas dur K1 appel 796 (pas 199) corrige seul : premier pas qui differe None, x_fin deplace de +0.0 ulp(x1) -> ABSORBE
[01:12:34Z] EFFET-dt2    cas dur K1 appel 810 (pas 203) corrige seul : premier pas qui differe None, x_fin deplace de +0.0 ulp(x1) -> ABSORBE
[01:12:34Z] EFFET-dt2    cas dur K1 appel 814 (pas 204) corrige seul : premier pas qui differe None, x_fin deplace de +0.0 ulp(x1) -> ABSORBE
[01:12:34Z] EFFET-dt2    cas dur K1 appel 838 (pas 210) corrige seul : premier pas qui differe None, x_fin deplace de +0.0 ulp(x1) -> ABSORBE
[01:12:34Z] EFFET-dt2    cas dur K1 appel 859 (pas 215) corrige seul : premier pas qui differe None, x_fin deplace de +0.0 ulp(x1) -> ABSORBE
[01:12:34Z] EFFET-dt2    cas dur K1 appel 910 (pas 228) corrige seul : premier pas qui differe None, x_fin deplace de +0.0 ulp(x1) -> ABSORBE
[01:12:34Z] EFFET-dt2    cas dur K1 appel 921 (pas 231) corrige seul : premier pas qui differe None, x_fin deplace de +0.0 ulp(x1) -> ABSORBE
[01:12:34Z] EFFET-dt2    cas dur K1 appel 930 (pas 233) corrige seul : premier pas qui differe None, x_fin deplace de +0.0 ulp(x1) -> ABSORBE
[01:12:34Z] EFFET-dt2    cas dur K1 appel 951 (pas 238) corrige seul : premier pas qui differe None, x_fin deplace de +0.0 ulp(x1) -> ABSORBE
[01:12:34Z] EFFET-dt2    cas dur K1 appel 969 (pas 243) corrige seul : premier pas qui differe None, x_fin deplace de +0.0 ulp(x1) -> ABSORBE
[01:12:34Z] EFFET-dt2    cas dur K1 appel 988 (pas 247) corrige seul : premier pas qui differe None, x_fin deplace de +0.0 ulp(x1) -> ABSORBE
[01:12:34Z] EFFET-dt2    cas dur K1 appel 1011 (pas 253) corrige seul : premier pas qui differe None, x_fin deplace de +0.0 ulp(x1) -> ABSORBE
[01:12:34Z] EFFET-dt2    cas dur K1 appel 1013 (pas 254) corrige seul : premier pas qui differe None, x_fin deplace de +0.0 ulp(x1) -> ABSORBE
[01:12:34Z] EFFET-dt2    cas dur K1 appel 1022 (pas 256) corrige seul : premier pas qui differe None, x_fin deplace de +0.0 ulp(x1) -> ABSORBE
[01:12:34Z] EFFET-dt2    cas dur K1 appel 1025 (pas 257) corrige seul : premier pas qui differe None, x_fin deplace de +0.0 ulp(x1) -> ABSORBE
[01:12:34Z] EFFET-dt2    cas dur K1 appel 1031 (pas 258) corrige seul : premier pas qui differe None, x_fin deplace de +0.0 ulp(x1) -> ABSORBE
[01:12:34Z] EFFET-dt2    cas dur K1 appel 1039 (pas 260) corrige seul : premier pas qui differe None, x_fin deplace de +0.0 ulp(x1) -> ABSORBE
[01:12:34Z] EFFET-dt2    cas dur K1 appel 1076 (pas 269) corrige seul : premier pas qui differe None, x_fin deplace de +0.0 ulp(x1) -> ABSORBE
[01:12:34Z] EFFET-dt2    cas dur K1 appel 1086 (pas 272) corrige seul : premier pas qui differe None, x_fin deplace de +0.0 ulp(x1) -> ABSORBE
[01:12:34Z] EFFET-dt2    cas dur K1 appel 1098 (pas 275) corrige seul : premier pas qui differe None, x_fin deplace de +0.0 ulp(x1) -> ABSORBE
[01:12:34Z] EFFET-dt2    cas dur K1 appel 1121 (pas 281) corrige seul : premier pas qui differe None, x_fin deplace de +0.0 ulp(x1) -> ABSORBE
[01:12:34Z] EFFET-dt2    cas dur K1 appel 1181 (pas 296) corrige seul : premier pas qui differe None, x_fin deplace de +0.0 ulp(x1) -> ABSORBE
[01:12:34Z] EFFET-dt2    cas dur K1 appel 1190 (pas 298) corrige seul : premier pas qui differe None, x_fin deplace de +0.0 ulp(x1) -> ABSORBE
[01:12:34Z] EFFET-dt2    cas dur K1 appel 1204 (pas 301) corrige seul : premier pas qui differe None, x_fin deplace de +0.0 ulp(x1) -> ABSORBE
[01:12:34Z] EFFET-dt2    cas dur K1 appel 1233 (pas 309) corrige seul : premier pas qui differe None, x_fin deplace de +0.0 ulp(x1) -> ABSORBE
[01:12:34Z] EFFET-dt2    cas dur K1 appel 1237 (pas 310) corrige seul : premier pas qui differe None, x_fin deplace de +0.0 ulp(x1) -> ABSORBE
[01:12:34Z] EFFET-dt2    cas dur K1 appel 1295 (pas 324) corrige seul : premier pas qui differe None, x_fin deplace de +0.0 ulp(x1) -> ABSORBE
[01:12:34Z] EFFET-dt2    cas dur K1 appel 1300 (pas 325) corrige seul : premier pas qui differe None, x_fin deplace de +0.0 ulp(x1) -> ABSORBE
[01:12:34Z] EFFET-dt2    cas dur K1 appel 1310 (pas 328) corrige seul : premier pas qui differe None, x_fin deplace de +0.0 ulp(x1) -> ABSORBE
[01:12:34Z] EFFET-dt2    cas dur K1 appel 1325 (pas 332) corrige seul : premier pas qui differe None, x_fin deplace de +0.0 ulp(x1) -> ABSORBE
[01:12:34Z] EFFET-dt2    cas dur K1 appel 1328 (pas 332) corrige seul : premier pas qui differe None, x_fin deplace de +0.0 ulp(x1) -> ABSORBE
[01:12:34Z] EFFET-dt2    cas dur K1 appel 1342 (pas 336) corrige seul : premier pas qui differe None, x_fin deplace de +0.0 ulp(x1) -> ABSORBE
[01:12:34Z] EFFET-dt2    cas dur K1 appel 1343 (pas 336) corrige seul : premier pas qui differe None, x_fin deplace de +0.0 ulp(x1) -> ABSORBE
[01:12:34Z] EFFET-dt2    cas dur K1 appel 1433 (pas 359) corrige seul : premier pas qui differe None, x_fin deplace de +0.0 ulp(x1) -> ABSORBE
[01:12:34Z] EFFET-dt2    cas dur K1 appel 1437 (pas 360) corrige seul : premier pas qui differe None, x_fin deplace de +0.0 ulp(x1) -> ABSORBE
[01:12:34Z] EFFET-dt2    cas dur K1 appel 1438 (pas 360) corrige seul : premier pas qui differe None, x_fin deplace de +0.0 ulp(x1) -> ABSORBE
[01:12:34Z] EFFET-dt2    cas dur K1 appel 1440 (pas 360) corrige seul : premier pas qui differe None, x_fin deplace de +0.0 ulp(x1) -> ABSORBE
[01:12:34Z] EFFET-dt2    cas dur K1 appel 1494 (pas 374) corrige seul : premier pas qui differe None, x_fin deplace de +0.0 ulp(x1) -> ABSORBE
[01:12:34Z] EFFET-dt2    cas dur K1 appel 1509 (pas 378) corrige seul : premier pas qui differe None, x_fin deplace de +0.0 ulp(x1) -> ABSORBE
[01:12:34Z] EFFET-dt2    cas dur K1 appel 1517 (pas 380) corrige seul : premier pas qui differe None, x_fin deplace de +0.0 ulp(x1) -> ABSORBE
[01:12:34Z] JUMEAU-CR-dt2 K1 CR seul : e=1.0481615698622637e-06 (egal poste False, egal JSON recu True, premier pas 43, x_fin +1.0 ulp) ; tout CR : e=1.0481615698622637e-06 / xm numpy 1.0481615698622637e-06 (egal poste False, egal JSON recu True, premier pas 43, x_fin +1.0 ulp)
[01:12:38Z] FLOT-dt2/2   n_pas=760 e_poste=8.86239533298418e-08 e_jumeau=8.86239533298418e-08 (egal True) fidele=True ; e_json_recu=7.986105272223979e-08 ; ecart au bord (JSON recu - poste) = -2.000 ulp(x1) ; x1_fin=0x1.7f4a41ec8bc79p+36 ulp=1.526e-05
[01:12:38Z] APPELS-dt2/2 K1 3040 (numpy != python sur 162) ; K2 6080 ; K3 761 ; CAS DURS ici : K1 161, K2 5, K3 45
[01:12:38Z] K1-DUR-dt2/2 appel 14 pas 4 etage 2 x=0x1.3e20ae0b30000p+8 libm=0x1.d763629f4d88dp+49 cr=0x1.d763629f4d88ep+49 (libm - cr = -1.0 ulp)
[01:12:38Z] K1-DUR-dt2/2 appel 35 pas 9 etage 3 x=0x1.3fbc0b27a0000p+8 libm=0x1.e5db21120daf2p+49 cr=0x1.e5db21120daf3p+49 (libm - cr = -1.0 ulp)
[01:12:38Z] K1-DUR-dt2/2 appel 43 pas 11 etage 3 x=0x1.4061e20bc0000p+8 libm=0x1.ebcad3a5a2730p+49 cr=0x1.ebcad3a5a2731p+49 (libm - cr = -1.0 ulp)
[01:12:38Z] K1-DUR-dt2/2 appel 52 pas 13 etage 4 x=0x1.41323996a0000p+8 libm=0x1.f355e77aee421p+49 cr=0x1.f355e77aee422p+49 (libm - cr = -1.0 ulp)
[01:12:38Z] K1-DUR-dt2/2 appel 80 pas 20 etage 4 x=0x1.43800a07c0000p+8 libm=0x1.049b8d91e49cep+50 cr=0x1.049b8d91e49cfp+50 (libm - cr = -1.0 ulp)
[01:12:38Z] K1-DUR-dt2/2 appel 108 pas 27 etage 4 x=0x1.45d7757380000p+8 libm=0x1.1021cc21b2767p+50 cr=0x1.1021cc21b2768p+50 (libm - cr = -1.0 ulp)
[01:12:38Z] K1-DUR-dt2/2 appel 110 pas 28 etage 2 x=0x1.46029f8e50000p+8 libm=0x1.10fa5fe0c0324p+50 cr=0x1.10fa5fe0c0325p+50 (libm - cr = -1.0 ulp)
[01:12:38Z] K1-DUR-dt2/2 appel 137 pas 35 etage 1 x=0x1.4838bab280000p+8 libm=0x1.1c472572b794ap+50 cr=0x1.1c472572b794bp+50 (libm - cr = -1.0 ulp)
[01:12:38Z] K1-DUR-dt2/2 appel 148 pas 37 etage 4 x=0x1.4940ec6ec0000p+8 libm=0x1.21aeebb9c26c2p+50 cr=0x1.21aeebb9c26c3p+50 (libm - cr = -1.0 ulp)
[01:12:38Z] K1-DUR-dt2/2 appel 152 pas 38 etage 4 x=0x1.4999677df0000p+8 libm=0x1.23833ad5f6f68p+50 cr=0x1.23833ad5f6f69p+50 (libm - cr = -1.0 ulp)
[01:12:38Z] K1-DUR-dt2/2 appel 246 pas 62 etage 2 x=0x1.51f69f48f0000p+8 libm=0x1.52cfb50e80a85p+50 cr=0x1.52cfb50e80a86p+50 (libm - cr = -1.0 ulp)
[01:12:38Z] K1-DUR-dt2/2 appel 273 pas 69 etage 1 x=0x1.545cb862d0000p+8 libm=0x1.617fb5ca7cc81p+50 cr=0x1.617fb5ca7cc82p+50 (libm - cr = -1.0 ulp)
[01:12:38Z] K1-DUR-dt2/2 appel 274 pas 69 etage 2 x=0x1.548c5571c0000p+8 libm=0x1.62a8d2b080eb1p+50 cr=0x1.62a8d2b080eb2p+50 (libm - cr = -1.0 ulp)
[01:12:38Z] K1-DUR-dt2/2 appel 312 pas 78 etage 4 x=0x1.5820d998e0000p+8 libm=0x1.79a06e13c87edp+50 cr=0x1.79a06e13c87eep+50 (libm - cr = -1.0 ulp)
[01:12:38Z] K1-DUR-dt2/2 appel 327 pas 82 etage 3 x=0x1.5978072180000p+8 libm=0x1.828a0d25b1127p+50 cr=0x1.828a0d25b1128p+50 (libm - cr = -1.0 ulp)
[01:12:38Z] K1-DUR-dt2/2 appel 334 pas 84 etage 2 x=0x1.5a3d678400000p+8 libm=0x1.87be8383ea70ap+50 cr=0x1.87be8383ea70bp+50 (libm - cr = -1.0 ulp)
[01:12:38Z] K1-DUR-dt2/2 appel 335 pas 84 etage 3 x=0x1.5a3d776590000p+8 libm=0x1.87beef5338b17p+50 cr=0x1.87beef5338b18p+50 (libm - cr = -1.0 ulp)
[01:12:38Z] K1-DUR-dt2/2 appel 340 pas 85 etage 4 x=0x1.5ad22a9ac0000p+8 libm=0x1.8bb4a379ebebep+50 cr=0x1.8bb4a379ebebfp+50 (libm - cr = -1.0 ulp)
[01:12:38Z] K1-DUR-dt2/2 appel 341 pas 86 etage 1 x=0x1.5ad22a9560000p+8 libm=0x1.8bb4a355203b8p+50 cr=0x1.8bb4a355203b9p+50 (libm - cr = -1.0 ulp)
[01:12:38Z] K1-DUR-dt2/2 appel 344 pas 86 etage 4 x=0x1.5b35a1ff00000p+8 libm=0x1.8e5f7742df5bap+50 cr=0x1.8e5f7742df5bbp+50 (libm - cr = -1.0 ulp)
[01:12:38Z] K1-DUR-dt2/2 appel 374 pas 94 etage 2 x=0x1.5e27ab7aa0000p+8 libm=0x1.a315b3951c655p+50 cr=0x1.a315b3951c656p+50 (libm - cr = -1.0 ulp)
[01:12:38Z] K1-DUR-dt2/2 appel 377 pas 95 etage 1 x=0x1.5e5a7c6380000p+8 libm=0x1.a48322c3341cbp+50 cr=0x1.a48322c3341ccp+50 (libm - cr = -1.0 ulp)
[01:12:38Z] K1-DUR-dt2/2 appel 393 pas 99 etage 1 x=0x1.5ff31956e0000p+8 libm=0x1.b0237c68e80f7p+50 cr=0x1.b0237c68e80f8p+50 (libm - cr = -1.0 ulp)
[01:12:38Z] K1-DUR-dt2/2 appel 409 pas 103 etage 1 x=0x1.618fecb160000p+8 libm=0x1.bc27d86eefb9bp+50 cr=0x1.bc27d86eefb9cp+50 (libm - cr = -1.0 ulp)
[01:12:38Z] K1-DUR-dt2/2 appel 411 pas 103 etage 3 x=0x1.61c3dc5aa0000p+8 libm=0x1.bdafdecc09dbcp+50 cr=0x1.bdafdecc09dbdp+50 (libm - cr = -1.0 ulp)
[01:12:38Z] K1-DUR-dt2/2 appel 449 pas 113 etage 1 x=0x1.65aade2ee0000p+8 libm=0x1.dc02bd0cb3095p+50 cr=0x1.dc02bd0cb3096p+50 (libm - cr = -1.0 ulp)
[01:12:38Z] K1-DUR-dt2/2 appel 482 pas 121 etage 2 x=0x1.693dfe6a40000p+8 libm=0x1.f94749732588ep+50 cr=0x1.f94749732588fp+50 (libm - cr = -1.0 ulp)
[01:12:38Z] K1-DUR-dt2/2 appel 486 pas 122 etage 2 x=0x1.69ab040c00000p+8 libm=0x1.fcdcf044b9e11p+50 cr=0x1.fcdcf044b9e12p+50 (libm - cr = -1.0 ulp)
[01:12:38Z] K1-DUR-dt2/2 appel 499 pas 125 etage 3 x=0x1.6af3e5bce0000p+8 libm=0x1.03e70ddddea35p+51 cr=0x1.03e70ddddea36p+51 (libm - cr = -1.0 ulp)
[01:12:38Z] K1-DUR-dt2/2 appel 535 pas 134 etage 3 x=0x1.6ede4afc80000p+8 libm=0x1.152fa7e6a5614p+51 cr=0x1.152fa7e6a5615p+51 (libm - cr = -1.0 ulp)
[01:12:38Z] K1-DUR-dt2/2 appel 551 pas 138 etage 3 x=0x1.70a3a9c8a0000p+8 libm=0x1.1d4fdfba15c1bp+51 cr=0x1.1d4fdfba15c1cp+51 (libm - cr = -1.0 ulp)
[01:12:38Z] K1-DUR-dt2/2 appel 556 pas 139 etage 4 x=0x1.714ee93c60000p+8 libm=0x1.206eb95a481aap+51 cr=0x1.206eb95a481abp+51 (libm - cr = -1.0 ulp)
[01:12:38Z] K1-DUR-dt2/2 appel 607 pas 152 etage 3 x=0x1.76fe08afc0000p+8 libm=0x1.3c1d505135465p+51 cr=0x1.3c1d505135466p+51 (libm - cr = -1.0 ulp)
[01:12:38Z] K1-DUR-dt2/2 appel 617 pas 155 etage 1 x=0x1.782715e520000p+8 libm=0x1.420773dc49868p+51 cr=0x1.420773dc49869p+51 (libm - cr = -1.0 ulp)
[01:12:38Z] K1-DUR-dt2/2 appel 656 pas 164 etage 4 x=0x1.7ce073b480000p+8 libm=0x1.5b11eb256a2bcp+51 cr=0x1.5b11eb256a2bdp+51 (libm - cr = -1.0 ulp)
[01:12:38Z] K1-DUR-dt2/2 appel 696 pas 174 etage 4 x=0x1.81bc898fe0000p+8 libm=0x1.76809311b922dp+51 cr=0x1.76809311b922ep+51 (libm - cr = -1.0 ulp)
[01:12:38Z] K1-DUR-dt2/2 appel 703 pas 176 etage 3 x=0x1.827a4944e0000p+8 libm=0x1.7ad73bc7153bep+51 cr=0x1.7ad73bc7153bfp+51 (libm - cr = -1.0 ulp)
[01:12:38Z] K1-DUR-dt2/2 appel 706 pas 177 etage 2 x=0x1.82f91ec220000p+8 libm=0x1.7dc39824037aep+51 cr=0x1.7dc39824037afp+51 (libm - cr = -1.0 ulp)
[01:12:38Z] K1-DUR-dt2/2 appel 733 pas 184 etage 1 x=0x1.863b32f760000p+8 libm=0x1.9175cbd0b2e01p+51 cr=0x1.9175cbd0b2e02p+51 (libm - cr = -1.0 ulp)
[01:12:38Z] K1-DUR-dt2/2 appel 734 pas 184 etage 2 x=0x1.867bf6abe0000p+8 libm=0x1.9306368a85e0ap+51 cr=0x1.9306368a85e0bp+51 (libm - cr = -1.0 ulp)
[01:12:38Z] K1-DUR-dt2/2 appel 736 pas 184 etage 4 x=0x1.86bceadac0000p+8 libm=0x1.94991b0c8d7abp+51 cr=0x1.94991b0c8d7acp+51 (libm - cr = -1.0 ulp)
[01:12:38Z] K1-DUR-dt2/2 appel 746 pas 187 etage 2 x=0x1.8802d44dc0000p+8 libm=0x1.9c9281816e11fp+51 cr=0x1.9c9281816e120p+51 (libm - cr = -1.0 ulp)
[01:12:38Z] K1-DUR-dt2/2 appel 754 pas 189 etage 2 x=0x1.890952c540000p+8 libm=0x1.a316f46f989b5p+51 cr=0x1.a316f46f989b6p+51 (libm - cr = -1.0 ulp)
[01:12:38Z] K1-DUR-dt2/2 appel 784 pas 196 etage 4 x=0x1.8cefa5ac60000p+8 libm=0x1.bcaa7ea850c72p+51 cr=0x1.bcaa7ea850c73p+51 (libm - cr = -1.0 ulp)
[01:12:38Z] K1-DUR-dt2/2 appel 799 pas 200 etage 3 x=0x1.8ec93bda60000p+8 libm=0x1.c93f03eaebf2dp+51 cr=0x1.c93f03eaebf2ep+51 (libm - cr = -1.0 ulp)
[01:12:38Z] K1-DUR-dt2/2 appel 800 pas 200 etage 4 x=0x1.8f0d3ca840000p+8 libm=0x1.cb13a0a2bfd6bp+51 cr=0x1.cb13a0a2bfd6cp+51 (libm - cr = -1.0 ulp)
[01:12:38Z] K1-DUR-dt2/2 appel 814 pas 204 etage 2 x=0x1.90ec6f6de0000p+8 libm=0x1.d8265549a75a7p+51 cr=0x1.d8265549a75a8p+51 (libm - cr = -1.0 ulp)
[01:12:38Z] K1-DUR-dt2/2 appel 820 pas 205 etage 4 x=0x1.91bb6edfa0000p+8 libm=0x1.dde45c2da45e5p+51 cr=0x1.dde45c2da45e6p+51 (libm - cr = -1.0 ulp)
[01:12:38Z] K1-DUR-dt2/2 appel 880 pas 220 etage 4 x=0x1.9a05c80fe0000p+8 libm=0x1.0e19f65d4e953p+52 cr=0x1.0e19f65d4e954p+52 (libm - cr = -1.0 ulp)
[01:12:38Z] K1-DUR-dt2/2 appel 890 pas 223 etage 2 x=0x1.9b7115d780000p+8 libm=0x1.13c265f66e764p+52 cr=0x1.13c265f66e765p+52 (libm - cr = -1.0 ulp)
[01:12:38Z] K1-DUR-dt2/2 appel 912 pas 228 etage 4 x=0x1.9e9a9721a0000p+8 libm=0x1.20b8e705e9b48p+52 cr=0x1.20b8e705e9b49p+52 (libm - cr = -1.0 ulp)
[01:12:38Z] K1-DUR-dt2/2 appel 960 pas 240 etage 4 x=0x1.a5b23e3d40000p+8 libm=0x1.3fa726edb3736p+52 cr=0x1.3fa726edb3737p+52 (libm - cr = -1.0 ulp)
[01:12:38Z] K1-DUR-dt2/2 appel 974 pas 244 etage 2 x=0x1.a7d1015540000p+8 libm=0x1.496aed06a19d3p+52 cr=0x1.496aed06a19d4p+52 (libm - cr = -1.0 ulp)
[01:12:38Z] K1-DUR-dt2/2 appel 980 pas 245 etage 4 x=0x1.a8bb97e240000p+8 libm=0x1.4db6e1181fd3ep+52 cr=0x1.4db6e1181fd3fp+52 (libm - cr = -1.0 ulp)
[01:12:38Z] K1-DUR-dt2/2 appel 1019 pas 255 etage 3 x=0x1.aea3e82880000p+8 libm=0x1.6a8cd03abddb2p+52 cr=0x1.6a8cd03abddb3p+52 (libm - cr = -1.0 ulp)
[01:12:38Z] K1-DUR-dt2/2 appel 1024 pas 256 etage 4 x=0x1.af96f56680000p+8 libm=0x1.6f5f54d7c1a60p+52 cr=0x1.6f5f54d7c1a61p+52 (libm - cr = -1.0 ulp)
[01:12:38Z] K1-DUR-dt2/2 appel 1116 pas 279 etage 4 x=0x1.bec4107b40000p+8 libm=0x1.c405c9d0bc38cp+52 cr=0x1.c405c9d0bc38dp+52 (libm - cr = -1.0 ulp)
[01:12:38Z] K1-DUR-dt2/2 appel 1129 pas 283 etage 1 x=0x1.c0d5aac780000p+8 libm=0x1.d0ba3ddbd2280p+52 cr=0x1.d0ba3ddbd2281p+52 (libm - cr = -1.0 ulp)
[01:12:38Z] K1-DUR-dt2/2 appel 1130 pas 283 etage 2 x=0x1.c12e64ee40000p+8 libm=0x1.d2e2853317c65p+52 cr=0x1.d2e2853317c66p+52 (libm - cr = -1.0 ulp)
[01:12:38Z] K1-DUR-dt2/2 appel 1135 pas 284 etage 3 x=0x1.c1e09f2100000p+8 libm=0x1.d73e58db27335p+52 cr=0x1.d73e58db27336p+52 (libm - cr = -1.0 ulp)
[01:12:38Z] K1-DUR-dt2/2 appel 1138 pas 285 etage 2 x=0x1.c293291d80000p+8 libm=0x1.dba4d0b9157a2p+52 cr=0x1.dba4d0b9157a3p+52 (libm - cr = -1.0 ulp)
[01:12:38Z] K1-DUR-dt2/2 appel 1146 pas 287 etage 2 x=0x1.c3fa6d5ac0000p+8 libm=0x1.e49a23ccc29a7p+52 cr=0x1.e49a23ccc29a8p+52 (libm - cr = -1.0 ulp)
[01:12:38Z] K1-DUR-dt2/2 appel 1171 pas 293 etage 3 x=0x1.c83faaa240000p+8 libm=0x1.005da2704ffe3p+53 cr=0x1.005da2704ffe4p+53 (libm - cr = -1.0 ulp)
[01:12:38Z] K1-DUR-dt2/2 appel 1207 pas 302 etage 3 x=0x1.ced39f2b00000p+8 libm=0x1.175b84dc8e760p+53 cr=0x1.175b84dc8e761p+53 (libm - cr = -1.0 ulp)
[01:12:38Z] K1-DUR-dt2/2 appel 1211 pas 303 etage 3 x=0x1.cf921c39c0000p+8 libm=0x1.1a1028cb13e09p+53 cr=0x1.1a1028cb13e0ap+53 (libm - cr = -1.0 ulp)
[01:12:38Z] K1-DUR-dt2/2 appel 1224 pas 306 etage 4 x=0x1.d232321740000p+8 libm=0x1.23c8c634d1e55p+53 cr=0x1.23c8c634d1e56p+53 (libm - cr = -1.0 ulp)
[01:12:38Z] K1-DUR-dt2/2 appel 1247 pas 312 etage 3 x=0x1.d6640d4240000p+8 libm=0x1.33e53bc0e19b2p+53 cr=0x1.33e53bc0e19b3p+53 (libm - cr = -1.0 ulp)
[01:12:38Z] K1-DUR-dt2/2 appel 1264 pas 316 etage 4 x=0x1.d9e2d15080000p+8 libm=0x1.41e12fd26eb37p+53 cr=0x1.41e12fd26eb38p+53 (libm - cr = -1.0 ulp)
[01:12:38Z] K1-DUR-dt2/2 appel 1288 pas 322 etage 4 x=0x1.dea3852dc0000p+8 libm=0x1.55bdbef63a5b4p+53 cr=0x1.55bdbef63a5b5p+53 (libm - cr = -1.0 ulp)
[01:12:38Z] K1-DUR-dt2/2 appel 1295 pas 324 etage 3 x=0x1.dfd8194400000p+8 libm=0x1.5af0052ba671fp+53 cr=0x1.5af0052ba6720p+53 (libm - cr = -1.0 ulp)
[01:12:38Z] K1-DUR-dt2/2 appel 1325 pas 332 etage 1 x=0x1.e5f904b740000p+8 libm=0x1.766341016ff78p+53 cr=0x1.766341016ff79p+53 (libm - cr = -1.0 ulp)
[01:12:38Z] K1-DUR-dt2/2 appel 1340 pas 335 etage 4 x=0x1.e9506ed740000p+8 libm=0x1.8619db2dc5ec2p+53 cr=0x1.8619db2dc5ec3p+53 (libm - cr = -1.0 ulp)
[01:12:38Z] K1-DUR-dt2/2 appel 1352 pas 338 etage 4 x=0x1.ebdabc60c0000p+8 libm=0x1.926931f282a9dp+53 cr=0x1.926931f282a9ep+53 (libm - cr = -1.0 ulp)
[01:12:38Z] K1-DUR-dt2/2 appel 1363 pas 341 etage 3 x=0x1.edfe98aa40000p+8 libm=0x1.9d08036aeed55p+53 cr=0x1.9d08036aeed56p+53 (libm - cr = -1.0 ulp)
[01:12:38Z] K1-DUR-dt2/2 appel 1369 pas 343 etage 1 x=0x1.ef49b92ec0000p+8 libm=0x1.a3901123ce100p+53 cr=0x1.a3901123ce101p+53 (libm - cr = -1.0 ulp)
[01:12:38Z] K1-DUR-dt2/2 appel 1386 pas 347 etage 2 x=0x1.f337236280000p+8 libm=0x1.b7ec9f24ef800p+53 cr=0x1.b7ec9f24ef801p+53 (libm - cr = -1.0 ulp)
[01:12:38Z] K1-DUR-dt2/2 appel 1395 pas 349 etage 3 x=0x1.f4fc0cd180000p+8 libm=0x1.c15ca8f94e690p+53 cr=0x1.c15ca8f94e691p+53 (libm - cr = -1.0 ulp)
[01:12:38Z] K1-DUR-dt2/2 appel 1406 pas 352 etage 2 x=0x1.f7a9a98d40000p+8 libm=0x1.cff81dc4c38f4p+53 cr=0x1.cff81dc4c38f5p+53 (libm - cr = -1.0 ulp)
[01:12:38Z] K1-DUR-dt2/2 appel 1408 pas 352 etage 4 x=0x1.f81ce35a80000p+8 libm=0x1.d27668f9e5181p+53 cr=0x1.d27668f9e5182p+53 (libm - cr = -1.0 ulp)
[01:12:38Z] K1-DUR-dt2/2 appel 1412 pas 353 etage 4 x=0x1.f903cdba00000p+8 libm=0x1.d77e2ca46b1b0p+53 cr=0x1.d77e2ca46b1b1p+53 (libm - cr = -1.0 ulp)
[01:12:38Z] K1-DUR-dt2/2 appel 1417 pas 355 etage 1 x=0x1.f9eba67fc0000p+8 libm=0x1.dc96c10d95df7p+53 cr=0x1.dc96c10d95df8p+53 (libm - cr = -1.0 ulp)
[01:12:38Z] K1-DUR-dt2/2 appel 1425 pas 357 etage 1 x=0x1.fbbe29e140000p+8 libm=0x1.e6fb6912613a8p+53 cr=0x1.e6fb6912613a9p+53 (libm - cr = -1.0 ulp)
[01:12:38Z] K1-DUR-dt2/2 appel 1429 pas 358 etage 1 x=0x1.fca8d76780000p+8 libm=0x1.ec4803a708369p+53 cr=0x1.ec4803a70836ap+53 (libm - cr = -1.0 ulp)
[01:12:38Z] K1-DUR-dt2/2 appel 1457 pas 365 etage 1 x=0x1.01975772a0000p+9 libm=0x1.09b257ee4774ap+54 cr=0x1.09b257ee4774bp+54 (libm - cr = -1.0 ulp)
[01:12:38Z] K1-DUR-dt2/2 appel 1461 pas 366 etage 1 x=0x1.021096bee0000p+9 libm=0x1.0ca42d0f13d2fp+54 cr=0x1.0ca42d0f13d30p+54 (libm - cr = -1.0 ulp)
[01:12:38Z] K1-DUR-dt2/2 appel 1487 pas 372 etage 3 x=0x1.0531299f80000p+9 libm=0x1.20c66ff08c49ep+54 cr=0x1.20c66ff08c49fp+54 (libm - cr = -1.0 ulp)
[01:12:38Z] K1-DUR-dt2/2 appel 1532 pas 383 etage 4 x=0x1.0af0465500000p+9 libm=0x1.490e04faafb7ep+54 cr=0x1.490e04faafb7fp+54 (libm - cr = -1.0 ulp)
[01:12:38Z] K1-DUR-dt2/2 appel 1537 pas 385 etage 1 x=0x1.0b73a8a580000p+9 libm=0x1.4cde718ced135p+54 cr=0x1.4cde718ced136p+54 (libm - cr = -1.0 ulp)
[01:12:38Z] K1-DUR-dt2/2 appel 1563 pas 391 etage 3 x=0x1.0ed7cac640000p+9 libm=0x1.67024a339da01p+54 cr=0x1.67024a339da02p+54 (libm - cr = -1.0 ulp)
[01:12:38Z] K1-DUR-dt2/2 appel 1571 pas 393 etage 3 x=0x1.0fe7e5ed80000p+9 libm=0x1.6f8bbbafb52d2p+54 cr=0x1.6f8bbbafb52d3p+54 (libm - cr = -1.0 ulp)
[01:12:38Z] K1-DUR-dt2/2 appel 1585 pas 397 etage 1 x=0x1.11c9d645c0000p+9 libm=0x1.7f14c06a20c74p+54 cr=0x1.7f14c06a20c75p+54 (libm - cr = -1.0 ulp)
[01:12:38Z] K1-DUR-dt2/2 appel 1631 pas 408 etage 3 x=0x1.1830085140000p+9 libm=0x1.b80ab0a62b36ap+54 cr=0x1.b80ab0a62b36bp+54 (libm - cr = -1.0 ulp)
[01:12:38Z] K1-DUR-dt2/2 appel 1644 pas 411 etage 4 x=0x1.1a33c7c440000p+9 libm=0x1.cb5edd4304567p+54 cr=0x1.cb5edd4304568p+54 (libm - cr = -1.0 ulp)
[01:12:38Z] K1-DUR-dt2/2 appel 1652 pas 413 etage 4 x=0x1.1b5e4f0080000p+9 libm=0x1.d6e0d4010fcfap+54 cr=0x1.d6e0d4010fcfbp+54 (libm - cr = -1.0 ulp)
[01:12:38Z] K1-DUR-dt2/2 appel 1665 pas 417 etage 1 x=0x1.1d23583180000p+9 libm=0x1.e8ccd89710dc5p+54 cr=0x1.e8ccd89710dc6p+54 (libm - cr = -1.0 ulp)
[01:12:38Z] K1-DUR-dt2/2 appel 1670 pas 418 etage 2 x=0x1.1e082b83c0000p+9 libm=0x1.f210f6b45d65fp+54 cr=0x1.f210f6b45d660p+54 (libm - cr = -1.0 ulp)
[01:12:38Z] K1-DUR-dt2/2 appel 1672 pas 418 etage 4 x=0x1.1e54ecc400000p+9 libm=0x1.f534fc6b4e3d7p+54 cr=0x1.f534fc6b4e3d8p+54 (libm - cr = -1.0 ulp)
[01:12:38Z] K1-DUR-dt2/2 appel 1699 pas 425 etage 3 x=0x1.224a5c1a80000p+9 libm=0x1.101fbdcd8262dp+55 cr=0x1.101fbdcd8262ep+55 (libm - cr = -1.0 ulp)
[01:12:38Z] K1-DUR-dt2/2 appel 1711 pas 428 etage 3 x=0x1.2428c7e6c0000p+9 libm=0x1.1ace4fba89c7ep+55 cr=0x1.1ace4fba89c7fp+55 (libm - cr = -1.0 ulp)
[01:12:38Z] K1-DUR-dt2/2 appel 1719 pas 430 etage 3 x=0x1.256b998580000p+9 libm=0x1.223590025dfe0p+55 cr=0x1.223590025dfe1p+55 (libm - cr = -1.0 ulp)
[01:12:38Z] K1-DUR-dt2/2 appel 1720 pas 430 etage 4 x=0x1.25bcb27940000p+9 libm=0x1.24181f88f2503p+55 cr=0x1.24181f88f2504p+55 (libm - cr = -1.0 ulp)
[01:12:38Z] K1-DUR-dt2/2 appel 1782 pas 446 etage 2 x=0x1.2ff7932900000p+9 libm=0x1.66b2d13398fbcp+55 cr=0x1.66b2d13398fbdp+55 (libm - cr = -1.0 ulp)
[01:12:38Z] K1-DUR-dt2/2 appel 1826 pas 457 etage 2 x=0x1.37bacadc40000p+9 libm=0x1.a14a7882df82ep+55 cr=0x1.a14a7882df82fp+55 (libm - cr = -1.0 ulp)
[01:12:38Z] K1-DUR-dt2/2 appel 1827 pas 457 etage 3 x=0x1.37bb08f000000p+9 libm=0x1.a14c6b1af3e35p+55 cr=0x1.a14c6b1af3e36p+55 (libm - cr = -1.0 ulp)
[01:12:38Z] K1-DUR-dt2/2 appel 1844 pas 461 etage 4 x=0x1.3b09429380000p+9 libm=0x1.bc8ff827bb079p+55 cr=0x1.bc8ff827bb07ap+55 (libm - cr = -1.0 ulp)
[01:12:38Z] K1-DUR-dt2/2 appel 1849 pas 463 etage 1 x=0x1.3bc816bac0000p+9 libm=0x1.c2e9481725ddbp+55 cr=0x1.c2e9481725ddcp+55 (libm - cr = -1.0 ulp)
[01:12:38Z] K1-DUR-dt2/2 appel 1896 pas 474 etage 4 x=0x1.450c052f80000p+9 libm=0x1.0c2c9000e0940p+56 cr=0x1.0c2c9000e0941p+56 (libm - cr = -1.0 ulp)
[01:12:38Z] K1-DUR-dt2/2 appel 1938 pas 485 etage 2 x=0x1.4dac0f2880000p+9 libm=0x1.39ce082a4706fp+56 cr=0x1.39ce082a47070p+56 (libm - cr = -1.0 ulp)
[01:12:38Z] K1-DUR-dt2/2 appel 1941 pas 486 etage 1 x=0x1.4e18aa8780000p+9 libm=0x1.3c34d337c443bp+56 cr=0x1.3c34d337c443cp+56 (libm - cr = -1.0 ulp)
[01:12:38Z] K1-DUR-dt2/2 appel 1942 pas 486 etage 2 x=0x1.4e85462280000p+9 libm=0x1.3e9f8a1022bc3p+56 cr=0x1.3e9f8a1022bc4p+56 (libm - cr = -1.0 ulp)
[01:12:38Z] K1-DUR-dt2/2 appel 1998 pas 500 etage 2 x=0x1.5aee76b800000p+9 libm=0x1.8c768211d7390p+56 cr=0x1.8c768211d7391p+56 (libm - cr = -1.0 ulp)
[01:12:38Z] K1-DUR-dt2/2 appel 2000 pas 500 etage 4 x=0x1.5b650a8700000p+9 libm=0x1.8fa644477b8f3p+56 cr=0x1.8fa644477b8f4p+56 (libm - cr = -1.0 ulp)
[01:12:38Z] K1-DUR-dt2/2 appel 2016 pas 504 etage 4 x=0x1.5f252fea80000p+9 libm=0x1.aa3f29d1bad02p+56 cr=0x1.aa3f29d1bad03p+56 (libm - cr = -1.0 ulp)
[01:12:38Z] K1-DUR-dt2/2 appel 2019 pas 505 etage 3 x=0x1.5f9f085c80000p+9 libm=0x1.adb99b92525c0p+56 cr=0x1.adb99b92525c1p+56 (libm - cr = -1.0 ulp)
[01:12:38Z] K1-DUR-dt2/2 appel 2038 pas 510 etage 2 x=0x1.6473fb8f00000p+9 libm=0x1.d265380a23383p+56 cr=0x1.d265380a23384p+56 (libm - cr = -1.0 ulp)
[01:12:38Z] K1-DUR-dt2/2 appel 2059 pas 515 etage 3 x=0x1.6970a54000000p+9 libm=0x1.faf0f4ca1d6b4p+56 cr=0x1.faf0f4ca1d6b5p+56 (libm - cr = -1.0 ulp)
[01:12:38Z] K1-DUR-dt2/2 appel 2073 pas 519 etage 1 x=0x1.6d0607ae00000p+9 libm=0x1.0ced7d4e3ef0bp+57 cr=0x1.0ced7d4e3ef0cp+57 (libm - cr = -1.0 ulp)
[01:12:38Z] K1-DUR-dt2/2 appel 2150 pas 538 etage 2 x=0x1.828f0f9900000p+9 libm=0x1.7b517b9f552f1p+57 cr=0x1.7b517b9f552f2p+57 (libm - cr = -1.0 ulp)
[01:12:38Z] K1-DUR-dt2/2 appel 2195 pas 549 etage 3 x=0x1.9007508100000p+9 libm=0x1.d1dc63bfe32c9p+57 cr=0x1.d1dc63bfe32cap+57 (libm - cr = -1.0 ulp)
[01:12:38Z] K1-DUR-dt2/2 appel 2197 pas 550 etage 1 x=0x1.90aa30f100000p+9 libm=0x1.d65302f607bccp+57 cr=0x1.d65302f607bcdp+57 (libm - cr = -1.0 ulp)
[01:12:38Z] K1-DUR-dt2/2 appel 2213 pas 554 etage 1 x=0x1.95d8e5ca00000p+9 libm=0x1.fc06a2ca1c5a2p+57 cr=0x1.fc06a2ca1c5a3p+57 (libm - cr = -1.0 ulp)
[01:12:38Z] K1-DUR-dt2/2 appel 2230 pas 558 etage 2 x=0x1.9bdc1f3700000p+9 libm=0x1.1571ed20b2e02p+58 cr=0x1.1571ed20b2e03p+58 (libm - cr = -1.0 ulp)
[01:12:38Z] K1-DUR-dt2/2 appel 2237 pas 560 etage 1 x=0x1.9de91cb900000p+9 libm=0x1.1dd670e097906p+58 cr=0x1.1dd670e097907p+58 (libm - cr = -1.0 ulp)
[01:12:38Z] K1-DUR-dt2/2 appel 2247 pas 562 etage 3 x=0x1.a161153b00000p+9 libm=0x1.2c83ab72d34d3p+58 cr=0x1.2c83ab72d34d4p+58 (libm - cr = -1.0 ulp)
[01:12:38Z] K1-DUR-dt2/2 appel 2264 pas 566 etage 4 x=0x1.a7c970a100000p+9 libm=0x1.4947a69b30566p+58 cr=0x1.4947a69b30567p+58 (libm - cr = -1.0 ulp)
[01:12:38Z] K1-DUR-dt2/2 appel 2319 pas 580 etage 3 x=0x1.bc6bdc5e00000p+9 libm=0x1.b5f9a9d1df320p+58 cr=0x1.b5f9a9d1df321p+58 (libm - cr = -1.0 ulp)
[01:12:38Z] K1-DUR-dt2/2 appel 2323 pas 581 etage 3 x=0x1.be0a559500000p+9 libm=0x1.bfa2dd03ccea1p+58 cr=0x1.bfa2dd03ccea2p+58 (libm - cr = -1.0 ulp)
[01:12:38Z] K1-DUR-dt2/2 appel 2326 pas 582 etage 2 x=0x1.bfab5cb100000p+9 libm=0x1.c989058738566p+58 cr=0x1.c989058738567p+58 (libm - cr = -1.0 ulp)
[01:12:38Z] K1-DUR-dt2/2 appel 2333 pas 584 etage 1 x=0x1.c2251bf000000p+9 libm=0x1.d8ed6dcb25a97p+58 cr=0x1.d8ed6dcb25a98p+58 (libm - cr = -1.0 ulp)
[01:12:38Z] K1-DUR-dt2/2 appel 2342 pas 586 etage 2 x=0x1.c655e1a600000p+9 libm=0x1.f3f72e08816fap+58 cr=0x1.f3f72e08816fbp+58 (libm - cr = -1.0 ulp)
[01:12:38Z] K1-DUR-dt2/2 appel 2352 pas 588 etage 4 x=0x1.ca9e516600000p+9 libm=0x1.0875a35f543d9p+59 cr=0x1.0875a35f543dap+59 (libm - cr = -1.0 ulp)
[01:12:38Z] K1-DUR-dt2/2 appel 2356 pas 589 etage 4 x=0x1.cc5b3ff800000p+9 libm=0x1.0e87b34a78690p+59 cr=0x1.0e87b34a78691p+59 (libm - cr = -1.0 ulp)
[01:12:38Z] K1-DUR-dt2/2 appel 2388 pas 597 etage 4 x=0x1.dad0576400000p+9 libm=0x1.45adf167f539bp+59 cr=0x1.45adf167f539cp+59 (libm - cr = -1.0 ulp)
[01:12:38Z] K1-DUR-dt2/2 appel 2418 pas 605 etage 2 x=0x1.e95428dc00000p+9 libm=0x1.862baf02b38abp+59 cr=0x1.862baf02b38acp+59 (libm - cr = -1.0 ulp)
[01:12:38Z] K1-DUR-dt2/2 appel 2426 pas 607 etage 2 x=0x1.ed5ee3e400000p+9 libm=0x1.99e95a158eec0p+59 cr=0x1.99e95a158eec1p+59 (libm - cr = -1.0 ulp)
[01:12:38Z] K1-DUR-dt2/2 appel 2435 pas 609 etage 3 x=0x1.f17e4b1000000p+9 libm=0x1.aee5b63ae5763p+59 cr=0x1.aee5b63ae5764p+59 (libm - cr = -1.0 ulp)
[01:12:38Z] K1-DUR-dt2/2 appel 2476 pas 619 etage 4 x=0x1.043957ed00000p+10 libm=0x1.1a69a785f165bp+60 cr=0x1.1a69a785f165cp+60 (libm - cr = -1.0 ulp)
[01:12:38Z] K1-DUR-dt2/2 appel 2490 pas 623 etage 2 x=0x1.0851c3ae00000p+10 libm=0x1.3626ddafb11d2p+60 cr=0x1.3626ddafb11d3p+60 (libm - cr = -1.0 ulp)
[01:12:38Z] K1-DUR-dt2/2 appel 2512 pas 628 etage 4 x=0x1.0f0faeab00000p+10 libm=0x1.68bfb08ae8316p+60 cr=0x1.68bfb08ae8317p+60 (libm - cr = -1.0 ulp)
[01:12:38Z] K1-DUR-dt2/2 appel 2531 pas 633 etage 3 x=0x1.14df910200000p+10 libm=0x1.99b834f63df55p+60 cr=0x1.99b834f63df56p+60 (libm - cr = -1.0 ulp)
[01:12:38Z] K1-DUR-dt2/2 appel 2574 pas 644 etage 2 x=0x1.2454d9a400000p+10 libm=0x1.1bcea3ab4baa2p+61 cr=0x1.1bcea3ab4baa3p+61 (libm - cr = -1.0 ulp)
[01:12:38Z] K1-DUR-dt2/2 appel 2621 pas 656 etage 1 x=0x1.36bd2fd600000p+10 libm=0x1.9965ae0a33482p+61 cr=0x1.9965ae0a33483p+61 (libm - cr = -1.0 ulp)
[01:12:38Z] K1-DUR-dt2/2 appel 2631 pas 658 etage 3 x=0x1.3b186d6200000p+10 libm=0x1.bd1072e23754cp+61 cr=0x1.bd1072e23754dp+61 (libm - cr = -1.0 ulp)
[01:12:38Z] K1-DUR-dt2/2 appel 2690 pas 673 etage 2 x=0x1.5869441400000p+10 libm=0x1.7b7e3393ceb99p+62 cr=0x1.7b7e3393ceb9ap+62 (libm - cr = -1.0 ulp)
[01:12:38Z] K1-DUR-dt2/2 appel 2697 pas 675 etage 1 x=0x1.5bb0f4e800000p+10 libm=0x1.91b364f67065cp+62 cr=0x1.91b364f67065dp+62 (libm - cr = -1.0 ulp)
[01:12:38Z] K1-DUR-dt2/2 appel 2711 pas 678 etage 3 x=0x1.639ec66c00000p+10 libm=0x1.cbe52833556b0p+62 cr=0x1.cbe52833556b1p+62 (libm - cr = -1.0 ulp)
[01:12:38Z] K1-DUR-dt2/2 appel 2714 pas 679 etage 2 x=0x1.65f3863000000p+10 libm=0x1.de4811b279590p+62 cr=0x1.de4811b279591p+62 (libm - cr = -1.0 ulp)
[01:12:38Z] K1-DUR-dt2/2 appel 2718 pas 680 etage 2 x=0x1.68535f0400000p+10 libm=0x1.f1a2b2bb081a2p+62 cr=0x1.f1a2b2bb081a3p+62 (libm - cr = -1.0 ulp)
[01:12:38Z] K1-DUR-dt2/2 appel 2721 pas 681 etage 1 x=0x1.6987dc1000000p+10 libm=0x1.fbb46f10ed616p+62 cr=0x1.fbb46f10ed617p+62 (libm - cr = -1.0 ulp)
[01:12:38Z] K1-DUR-dt2/2 appel 2768 pas 692 etage 4 x=0x1.8953236c00000p+10 libm=0x1.a4f011ea9bfb7p+63 cr=0x1.a4f011ea9bfb8p+63 (libm - cr = -1.0 ulp)
[01:12:38Z] K1-DUR-dt2/2 appel 2770 pas 693 etage 2 x=0x1.8ac80afc00000p+10 libm=0x1.ae60da78c0182p+63 cr=0x1.ae60da78c0183p+63 (libm - cr = -1.0 ulp)
[01:12:38Z] K1-DUR-dt2/2 appel 2790 pas 698 etage 2 x=0x1.9a1cf89c00000p+10 libm=0x1.0e75ab72a1577p+64 cr=0x1.0e75ab72a1578p+64 (libm - cr = -1.0 ulp)
[01:12:38Z] K1-DUR-dt2/2 appel 2806 pas 702 etage 2 x=0x1.a761ff6000000p+10 libm=0x1.47668dd932935p+64 cr=0x1.47668dd932936p+64 (libm - cr = -1.0 ulp)
[01:12:38Z] K1-DUR-dt2/2 appel 2827 pas 707 etage 3 x=0x1.b96ae89000000p+10 libm=0x1.a483018a169c5p+64 cr=0x1.a483018a169c6p+64 (libm - cr = -1.0 ulp)
[01:12:38Z] K1-DUR-dt2/2 appel 2858 pas 715 etage 2 x=0x1.da23df3000000p+10 libm=0x1.42eaaa2afbd25p+65 cr=0x1.42eaaa2afbd26p+65 (libm - cr = -1.0 ulp)
[01:12:38Z] K1-DUR-dt2/2 appel 2875 pas 719 etage 3 x=0x1.ecb12d2800000p+10 libm=0x1.968a5adb7a22dp+65 cr=0x1.968a5adb7a22ep+65 (libm - cr = -1.0 ulp)
[01:12:38Z] K1-DUR-dt2/2 appel 2876 pas 719 etage 4 x=0x1.ef1c5ee000000p+10 libm=0x1.a2a9c2ba560e9p+65 cr=0x1.a2a9c2ba560eap+65 (libm - cr = -1.0 ulp)
[01:12:38Z] K1-DUR-dt2/2 appel 2904 pas 726 etage 4 x=0x1.0a1e58f800000p+11 libm=0x1.43093bc40b400p+66 cr=0x1.43093bc40b401p+66 (libm - cr = -1.0 ulp)
[01:12:38Z] K1-DUR-dt2/2 appel 2921 pas 731 etage 1 x=0x1.16373d0800000p+11 libm=0x1.a5c8d914d064bp+66 cr=0x1.a5c8d914d064cp+66 (libm - cr = -1.0 ulp)
[01:12:38Z] K1-DUR-dt2/2 appel 3016 pas 754 etage 4 x=0x1.85461ac000000p+11 libm=0x1.8b96297df7704p+69 cr=0x1.8b96297df7705p+69 (libm - cr = -1.0 ulp)
[01:12:38Z] K1-DUR-dt2/2 appel 3034 pas 759 etage 2 x=0x1.a6a581c000000p+11 libm=0x1.43ffcab62944ep+70 cr=0x1.43ffcab62944fp+70 (libm - cr = -1.0 ulp)
[01:12:38Z] EFFET-dt2/2  cas dur K1 appel 14 (pas 4) corrige seul : premier pas qui differe None, x_fin deplace de +0.0 ulp(x1) -> ABSORBE
[01:12:38Z] EFFET-dt2/2  cas dur K1 appel 35 (pas 9) corrige seul : premier pas qui differe None, x_fin deplace de +0.0 ulp(x1) -> ABSORBE
[01:12:38Z] EFFET-dt2/2  cas dur K1 appel 43 (pas 11) corrige seul : premier pas qui differe None, x_fin deplace de +0.0 ulp(x1) -> ABSORBE
[01:12:38Z] EFFET-dt2/2  cas dur K1 appel 52 (pas 13) corrige seul : premier pas qui differe None, x_fin deplace de +0.0 ulp(x1) -> ABSORBE
[01:12:38Z] EFFET-dt2/2  cas dur K1 appel 80 (pas 20) corrige seul : premier pas qui differe None, x_fin deplace de +0.0 ulp(x1) -> ABSORBE
[01:12:38Z] EFFET-dt2/2  cas dur K1 appel 108 (pas 27) corrige seul : premier pas qui differe None, x_fin deplace de +0.0 ulp(x1) -> ABSORBE
[01:12:38Z] EFFET-dt2/2  cas dur K1 appel 110 (pas 28) corrige seul : premier pas qui differe None, x_fin deplace de +0.0 ulp(x1) -> ABSORBE
[01:12:38Z] EFFET-dt2/2  cas dur K1 appel 137 (pas 35) corrige seul : premier pas qui differe None, x_fin deplace de +0.0 ulp(x1) -> ABSORBE
[01:12:38Z] EFFET-dt2/2  cas dur K1 appel 148 (pas 37) corrige seul : premier pas qui differe None, x_fin deplace de +0.0 ulp(x1) -> ABSORBE
[01:12:38Z] EFFET-dt2/2  cas dur K1 appel 152 (pas 38) corrige seul : premier pas qui differe None, x_fin deplace de +0.0 ulp(x1) -> ABSORBE
[01:12:38Z] EFFET-dt2/2  cas dur K1 appel 246 (pas 62) corrige seul : premier pas qui differe None, x_fin deplace de +0.0 ulp(x1) -> ABSORBE
[01:12:38Z] EFFET-dt2/2  cas dur K1 appel 273 (pas 69) corrige seul : premier pas qui differe None, x_fin deplace de +0.0 ulp(x1) -> ABSORBE
[01:12:38Z] EFFET-dt2/2  cas dur K1 appel 274 (pas 69) corrige seul : premier pas qui differe None, x_fin deplace de +0.0 ulp(x1) -> ABSORBE
[01:12:38Z] EFFET-dt2/2  cas dur K1 appel 312 (pas 78) corrige seul : premier pas qui differe None, x_fin deplace de +0.0 ulp(x1) -> ABSORBE
[01:12:38Z] EFFET-dt2/2  cas dur K1 appel 327 (pas 82) corrige seul : premier pas qui differe None, x_fin deplace de +0.0 ulp(x1) -> ABSORBE
[01:12:38Z] EFFET-dt2/2  cas dur K1 appel 334 (pas 84) corrige seul : premier pas qui differe None, x_fin deplace de +0.0 ulp(x1) -> ABSORBE
[01:12:38Z] EFFET-dt2/2  cas dur K1 appel 335 (pas 84) corrige seul : premier pas qui differe None, x_fin deplace de +0.0 ulp(x1) -> ABSORBE
[01:12:38Z] EFFET-dt2/2  cas dur K1 appel 340 (pas 85) corrige seul : premier pas qui differe None, x_fin deplace de +0.0 ulp(x1) -> ABSORBE
[01:12:38Z] EFFET-dt2/2  cas dur K1 appel 341 (pas 86) corrige seul : premier pas qui differe None, x_fin deplace de +0.0 ulp(x1) -> ABSORBE
[01:12:38Z] EFFET-dt2/2  cas dur K1 appel 344 (pas 86) corrige seul : premier pas qui differe None, x_fin deplace de +0.0 ulp(x1) -> ABSORBE
[01:12:38Z] EFFET-dt2/2  cas dur K1 appel 374 (pas 94) corrige seul : premier pas qui differe None, x_fin deplace de +0.0 ulp(x1) -> ABSORBE
[01:12:38Z] EFFET-dt2/2  cas dur K1 appel 377 (pas 95) corrige seul : premier pas qui differe None, x_fin deplace de +0.0 ulp(x1) -> ABSORBE
[01:12:38Z] EFFET-dt2/2  cas dur K1 appel 393 (pas 99) corrige seul : premier pas qui differe None, x_fin deplace de +0.0 ulp(x1) -> ABSORBE
[01:12:38Z] EFFET-dt2/2  cas dur K1 appel 409 (pas 103) corrige seul : premier pas qui differe None, x_fin deplace de +0.0 ulp(x1) -> ABSORBE
[01:12:38Z] EFFET-dt2/2  cas dur K1 appel 411 (pas 103) corrige seul : premier pas qui differe None, x_fin deplace de +0.0 ulp(x1) -> ABSORBE
[01:12:38Z] EFFET-dt2/2  cas dur K1 appel 449 (pas 113) corrige seul : premier pas qui differe None, x_fin deplace de +0.0 ulp(x1) -> ABSORBE
[01:12:38Z] EFFET-dt2/2  cas dur K1 appel 482 (pas 121) corrige seul : premier pas qui differe None, x_fin deplace de +0.0 ulp(x1) -> ABSORBE
[01:12:38Z] EFFET-dt2/2  cas dur K1 appel 486 (pas 122) corrige seul : premier pas qui differe None, x_fin deplace de +0.0 ulp(x1) -> ABSORBE
[01:12:38Z] EFFET-dt2/2  cas dur K1 appel 499 (pas 125) corrige seul : premier pas qui differe None, x_fin deplace de +0.0 ulp(x1) -> ABSORBE
[01:12:38Z] EFFET-dt2/2  cas dur K1 appel 535 (pas 134) corrige seul : premier pas qui differe None, x_fin deplace de +0.0 ulp(x1) -> ABSORBE
[01:12:38Z] EFFET-dt2/2  cas dur K1 appel 551 (pas 138) corrige seul : premier pas qui differe None, x_fin deplace de +0.0 ulp(x1) -> ABSORBE
[01:12:38Z] EFFET-dt2/2  cas dur K1 appel 556 (pas 139) corrige seul : premier pas qui differe None, x_fin deplace de +0.0 ulp(x1) -> ABSORBE
[01:12:38Z] EFFET-dt2/2  cas dur K1 appel 607 (pas 152) corrige seul : premier pas qui differe None, x_fin deplace de +0.0 ulp(x1) -> ABSORBE
[01:12:38Z] EFFET-dt2/2  cas dur K1 appel 617 (pas 155) corrige seul : premier pas qui differe None, x_fin deplace de +0.0 ulp(x1) -> ABSORBE
[01:12:38Z] EFFET-dt2/2  cas dur K1 appel 656 (pas 164) corrige seul : premier pas qui differe None, x_fin deplace de +0.0 ulp(x1) -> ABSORBE
[01:12:38Z] EFFET-dt2/2  cas dur K1 appel 696 (pas 174) corrige seul : premier pas qui differe None, x_fin deplace de +0.0 ulp(x1) -> ABSORBE
[01:12:38Z] EFFET-dt2/2  cas dur K1 appel 703 (pas 176) corrige seul : premier pas qui differe None, x_fin deplace de +0.0 ulp(x1) -> ABSORBE
[01:12:38Z] EFFET-dt2/2  cas dur K1 appel 706 (pas 177) corrige seul : premier pas qui differe None, x_fin deplace de +0.0 ulp(x1) -> ABSORBE
[01:12:38Z] EFFET-dt2/2  cas dur K1 appel 733 (pas 184) corrige seul : premier pas qui differe None, x_fin deplace de +0.0 ulp(x1) -> ABSORBE
[01:12:38Z] EFFET-dt2/2  cas dur K1 appel 734 (pas 184) corrige seul : premier pas qui differe None, x_fin deplace de +0.0 ulp(x1) -> ABSORBE
[01:12:38Z] EFFET-dt2/2  cas dur K1 appel 736 (pas 184) corrige seul : premier pas qui differe None, x_fin deplace de +0.0 ulp(x1) -> ABSORBE
[01:12:38Z] EFFET-dt2/2  cas dur K1 appel 746 (pas 187) corrige seul : premier pas qui differe None, x_fin deplace de +0.0 ulp(x1) -> ABSORBE
[01:12:38Z] EFFET-dt2/2  cas dur K1 appel 754 (pas 189) corrige seul : premier pas qui differe None, x_fin deplace de +0.0 ulp(x1) -> ABSORBE
[01:12:38Z] EFFET-dt2/2  cas dur K1 appel 784 (pas 196) corrige seul : premier pas qui differe None, x_fin deplace de +0.0 ulp(x1) -> ABSORBE
[01:12:38Z] EFFET-dt2/2  cas dur K1 appel 799 (pas 200) corrige seul : premier pas qui differe None, x_fin deplace de +0.0 ulp(x1) -> ABSORBE
[01:12:38Z] EFFET-dt2/2  cas dur K1 appel 800 (pas 200) corrige seul : premier pas qui differe None, x_fin deplace de +0.0 ulp(x1) -> ABSORBE
[01:12:38Z] EFFET-dt2/2  cas dur K1 appel 814 (pas 204) corrige seul : premier pas qui differe None, x_fin deplace de +0.0 ulp(x1) -> ABSORBE
[01:12:38Z] EFFET-dt2/2  cas dur K1 appel 820 (pas 205) corrige seul : premier pas qui differe None, x_fin deplace de +0.0 ulp(x1) -> ABSORBE
[01:12:38Z] EFFET-dt2/2  cas dur K1 appel 880 (pas 220) corrige seul : premier pas qui differe None, x_fin deplace de +0.0 ulp(x1) -> ABSORBE
[01:12:38Z] EFFET-dt2/2  cas dur K1 appel 890 (pas 223) corrige seul : premier pas qui differe None, x_fin deplace de +0.0 ulp(x1) -> ABSORBE
[01:12:38Z] EFFET-dt2/2  cas dur K1 appel 912 (pas 228) corrige seul : premier pas qui differe None, x_fin deplace de +0.0 ulp(x1) -> ABSORBE
[01:12:38Z] EFFET-dt2/2  cas dur K1 appel 960 (pas 240) corrige seul : premier pas qui differe None, x_fin deplace de +0.0 ulp(x1) -> ABSORBE
[01:12:38Z] EFFET-dt2/2  cas dur K1 appel 974 (pas 244) corrige seul : premier pas qui differe None, x_fin deplace de +0.0 ulp(x1) -> ABSORBE
[01:12:38Z] EFFET-dt2/2  cas dur K1 appel 980 (pas 245) corrige seul : premier pas qui differe None, x_fin deplace de +0.0 ulp(x1) -> ABSORBE
[01:12:38Z] EFFET-dt2/2  cas dur K1 appel 1019 (pas 255) corrige seul : premier pas qui differe None, x_fin deplace de +0.0 ulp(x1) -> ABSORBE
[01:12:38Z] EFFET-dt2/2  cas dur K1 appel 1024 (pas 256) corrige seul : premier pas qui differe None, x_fin deplace de +0.0 ulp(x1) -> ABSORBE
[01:12:38Z] EFFET-dt2/2  cas dur K1 appel 1116 (pas 279) corrige seul : premier pas qui differe None, x_fin deplace de +0.0 ulp(x1) -> ABSORBE
[01:12:38Z] EFFET-dt2/2  cas dur K1 appel 1129 (pas 283) corrige seul : premier pas qui differe None, x_fin deplace de +0.0 ulp(x1) -> ABSORBE
[01:12:38Z] EFFET-dt2/2  cas dur K1 appel 1130 (pas 283) corrige seul : premier pas qui differe None, x_fin deplace de +0.0 ulp(x1) -> ABSORBE
[01:12:38Z] EFFET-dt2/2  cas dur K1 appel 1135 (pas 284) corrige seul : premier pas qui differe None, x_fin deplace de +0.0 ulp(x1) -> ABSORBE
[01:12:38Z] EFFET-dt2/2  cas dur K1 appel 1138 (pas 285) corrige seul : premier pas qui differe None, x_fin deplace de +0.0 ulp(x1) -> ABSORBE
[01:12:38Z] EFFET-dt2/2  cas dur K1 appel 1146 (pas 287) corrige seul : premier pas qui differe None, x_fin deplace de +0.0 ulp(x1) -> ABSORBE
[01:12:38Z] EFFET-dt2/2  cas dur K1 appel 1171 (pas 293) corrige seul : premier pas qui differe None, x_fin deplace de +0.0 ulp(x1) -> ABSORBE
[01:12:38Z] EFFET-dt2/2  cas dur K1 appel 1207 (pas 302) corrige seul : premier pas qui differe None, x_fin deplace de +0.0 ulp(x1) -> ABSORBE
[01:12:38Z] EFFET-dt2/2  cas dur K1 appel 1211 (pas 303) corrige seul : premier pas qui differe None, x_fin deplace de +0.0 ulp(x1) -> ABSORBE
[01:12:38Z] EFFET-dt2/2  cas dur K1 appel 1224 (pas 306) corrige seul : premier pas qui differe None, x_fin deplace de +0.0 ulp(x1) -> ABSORBE
[01:12:38Z] EFFET-dt2/2  cas dur K1 appel 1247 (pas 312) corrige seul : premier pas qui differe None, x_fin deplace de +0.0 ulp(x1) -> ABSORBE
[01:12:38Z] EFFET-dt2/2  cas dur K1 appel 1264 (pas 316) corrige seul : premier pas qui differe None, x_fin deplace de +0.0 ulp(x1) -> ABSORBE
[01:12:38Z] EFFET-dt2/2  cas dur K1 appel 1288 (pas 322) corrige seul : premier pas qui differe None, x_fin deplace de +0.0 ulp(x1) -> ABSORBE
[01:12:38Z] EFFET-dt2/2  cas dur K1 appel 1295 (pas 324) corrige seul : premier pas qui differe None, x_fin deplace de +0.0 ulp(x1) -> ABSORBE
[01:12:38Z] EFFET-dt2/2  cas dur K1 appel 1325 (pas 332) corrige seul : premier pas qui differe None, x_fin deplace de +0.0 ulp(x1) -> ABSORBE
[01:12:38Z] EFFET-dt2/2  cas dur K1 appel 1340 (pas 335) corrige seul : premier pas qui differe None, x_fin deplace de +0.0 ulp(x1) -> ABSORBE
[01:12:38Z] EFFET-dt2/2  cas dur K1 appel 1352 (pas 338) corrige seul : premier pas qui differe None, x_fin deplace de +0.0 ulp(x1) -> ABSORBE
[01:12:38Z] EFFET-dt2/2  cas dur K1 appel 1363 (pas 341) corrige seul : premier pas qui differe None, x_fin deplace de +0.0 ulp(x1) -> ABSORBE
[01:12:38Z] EFFET-dt2/2  cas dur K1 appel 1369 (pas 343) corrige seul : premier pas qui differe None, x_fin deplace de +0.0 ulp(x1) -> ABSORBE
[01:12:38Z] EFFET-dt2/2  cas dur K1 appel 1386 (pas 347) corrige seul : premier pas qui differe None, x_fin deplace de +0.0 ulp(x1) -> ABSORBE
[01:12:38Z] EFFET-dt2/2  cas dur K1 appel 1395 (pas 349) corrige seul : premier pas qui differe None, x_fin deplace de +0.0 ulp(x1) -> ABSORBE
[01:12:38Z] EFFET-dt2/2  cas dur K1 appel 1406 (pas 352) corrige seul : premier pas qui differe None, x_fin deplace de +0.0 ulp(x1) -> ABSORBE
[01:12:38Z] EFFET-dt2/2  cas dur K1 appel 1408 (pas 352) corrige seul : premier pas qui differe None, x_fin deplace de +0.0 ulp(x1) -> ABSORBE
[01:12:38Z] EFFET-dt2/2  cas dur K1 appel 1412 (pas 353) corrige seul : premier pas qui differe None, x_fin deplace de +0.0 ulp(x1) -> ABSORBE
[01:12:38Z] EFFET-dt2/2  cas dur K1 appel 1417 (pas 355) corrige seul : premier pas qui differe None, x_fin deplace de +0.0 ulp(x1) -> ABSORBE
[01:12:38Z] EFFET-dt2/2  cas dur K1 appel 1425 (pas 357) corrige seul : premier pas qui differe None, x_fin deplace de +0.0 ulp(x1) -> ABSORBE
[01:12:38Z] EFFET-dt2/2  cas dur K1 appel 1429 (pas 358) corrige seul : premier pas qui differe None, x_fin deplace de +0.0 ulp(x1) -> ABSORBE
[01:12:38Z] EFFET-dt2/2  cas dur K1 appel 1457 (pas 365) corrige seul : premier pas qui differe None, x_fin deplace de +0.0 ulp(x1) -> ABSORBE
[01:12:38Z] EFFET-dt2/2  cas dur K1 appel 1461 (pas 366) corrige seul : premier pas qui differe None, x_fin deplace de +0.0 ulp(x1) -> ABSORBE
[01:12:38Z] EFFET-dt2/2  cas dur K1 appel 1487 (pas 372) corrige seul : premier pas qui differe None, x_fin deplace de +0.0 ulp(x1) -> ABSORBE
[01:12:38Z] EFFET-dt2/2  cas dur K1 appel 1532 (pas 383) corrige seul : premier pas qui differe None, x_fin deplace de +0.0 ulp(x1) -> ABSORBE
[01:12:38Z] EFFET-dt2/2  cas dur K1 appel 1537 (pas 385) corrige seul : premier pas qui differe None, x_fin deplace de +0.0 ulp(x1) -> ABSORBE
[01:12:38Z] EFFET-dt2/2  cas dur K1 appel 1563 (pas 391) corrige seul : premier pas qui differe None, x_fin deplace de +0.0 ulp(x1) -> ABSORBE
[01:12:38Z] EFFET-dt2/2  cas dur K1 appel 1571 (pas 393) corrige seul : premier pas qui differe None, x_fin deplace de +0.0 ulp(x1) -> ABSORBE
[01:12:38Z] EFFET-dt2/2  cas dur K1 appel 1585 (pas 397) corrige seul : premier pas qui differe None, x_fin deplace de +0.0 ulp(x1) -> ABSORBE
[01:12:38Z] EFFET-dt2/2  cas dur K1 appel 1631 (pas 408) corrige seul : premier pas qui differe None, x_fin deplace de +0.0 ulp(x1) -> ABSORBE
[01:12:38Z] EFFET-dt2/2  cas dur K1 appel 1644 (pas 411) corrige seul : premier pas qui differe None, x_fin deplace de +0.0 ulp(x1) -> ABSORBE
[01:12:38Z] EFFET-dt2/2  cas dur K1 appel 1652 (pas 413) corrige seul : premier pas qui differe None, x_fin deplace de +0.0 ulp(x1) -> ABSORBE
[01:12:38Z] EFFET-dt2/2  cas dur K1 appel 1665 (pas 417) corrige seul : premier pas qui differe None, x_fin deplace de +0.0 ulp(x1) -> ABSORBE
[01:12:38Z] EFFET-dt2/2  cas dur K1 appel 1670 (pas 418) corrige seul : premier pas qui differe None, x_fin deplace de +0.0 ulp(x1) -> ABSORBE
[01:12:38Z] EFFET-dt2/2  cas dur K1 appel 1672 (pas 418) corrige seul : premier pas qui differe None, x_fin deplace de +0.0 ulp(x1) -> ABSORBE
[01:12:38Z] EFFET-dt2/2  cas dur K1 appel 1699 (pas 425) corrige seul : premier pas qui differe None, x_fin deplace de +0.0 ulp(x1) -> ABSORBE
[01:12:38Z] EFFET-dt2/2  cas dur K1 appel 1711 (pas 428) corrige seul : premier pas qui differe None, x_fin deplace de +0.0 ulp(x1) -> ABSORBE
[01:12:38Z] EFFET-dt2/2  cas dur K1 appel 1719 (pas 430) corrige seul : premier pas qui differe None, x_fin deplace de +0.0 ulp(x1) -> ABSORBE
[01:12:38Z] EFFET-dt2/2  cas dur K1 appel 1720 (pas 430) corrige seul : premier pas qui differe None, x_fin deplace de +0.0 ulp(x1) -> ABSORBE
[01:12:38Z] EFFET-dt2/2  cas dur K1 appel 1782 (pas 446) corrige seul : premier pas qui differe None, x_fin deplace de +0.0 ulp(x1) -> ABSORBE
[01:12:38Z] EFFET-dt2/2  cas dur K1 appel 1826 (pas 457) corrige seul : premier pas qui differe None, x_fin deplace de +0.0 ulp(x1) -> ABSORBE
[01:12:38Z] EFFET-dt2/2  cas dur K1 appel 1827 (pas 457) corrige seul : premier pas qui differe None, x_fin deplace de +0.0 ulp(x1) -> ABSORBE
[01:12:38Z] EFFET-dt2/2  cas dur K1 appel 1844 (pas 461) corrige seul : premier pas qui differe None, x_fin deplace de +0.0 ulp(x1) -> ABSORBE
[01:12:38Z] EFFET-dt2/2  cas dur K1 appel 1849 (pas 463) corrige seul : premier pas qui differe None, x_fin deplace de +0.0 ulp(x1) -> ABSORBE
[01:12:38Z] EFFET-dt2/2  cas dur K1 appel 1896 (pas 474) corrige seul : premier pas qui differe None, x_fin deplace de +0.0 ulp(x1) -> ABSORBE
[01:12:38Z] EFFET-dt2/2  cas dur K1 appel 1938 (pas 485) corrige seul : premier pas qui differe None, x_fin deplace de +0.0 ulp(x1) -> ABSORBE
[01:12:38Z] EFFET-dt2/2  cas dur K1 appel 1941 (pas 486) corrige seul : premier pas qui differe None, x_fin deplace de +0.0 ulp(x1) -> ABSORBE
[01:12:38Z] EFFET-dt2/2  cas dur K1 appel 1942 (pas 486) corrige seul : premier pas qui differe None, x_fin deplace de +0.0 ulp(x1) -> ABSORBE
[01:12:38Z] EFFET-dt2/2  cas dur K1 appel 1998 (pas 500) corrige seul : premier pas qui differe None, x_fin deplace de +0.0 ulp(x1) -> ABSORBE
[01:12:38Z] EFFET-dt2/2  cas dur K1 appel 2000 (pas 500) corrige seul : premier pas qui differe None, x_fin deplace de +0.0 ulp(x1) -> ABSORBE
[01:12:38Z] EFFET-dt2/2  cas dur K1 appel 2016 (pas 504) corrige seul : premier pas qui differe None, x_fin deplace de +0.0 ulp(x1) -> ABSORBE
[01:12:38Z] EFFET-dt2/2  cas dur K1 appel 2019 (pas 505) corrige seul : premier pas qui differe None, x_fin deplace de +0.0 ulp(x1) -> ABSORBE
[01:12:38Z] EFFET-dt2/2  cas dur K1 appel 2038 (pas 510) corrige seul : premier pas qui differe None, x_fin deplace de +0.0 ulp(x1) -> ABSORBE
[01:12:38Z] EFFET-dt2/2  cas dur K1 appel 2059 (pas 515) corrige seul : premier pas qui differe None, x_fin deplace de +0.0 ulp(x1) -> ABSORBE
[01:12:38Z] EFFET-dt2/2  cas dur K1 appel 2073 (pas 519) corrige seul : premier pas qui differe None, x_fin deplace de +0.0 ulp(x1) -> ABSORBE
[01:12:38Z] EFFET-dt2/2  cas dur K1 appel 2150 (pas 538) corrige seul : premier pas qui differe None, x_fin deplace de +0.0 ulp(x1) -> ABSORBE
[01:12:38Z] EFFET-dt2/2  cas dur K1 appel 2195 (pas 549) corrige seul : premier pas qui differe None, x_fin deplace de +0.0 ulp(x1) -> ABSORBE
[01:12:38Z] EFFET-dt2/2  cas dur K1 appel 2197 (pas 550) corrige seul : premier pas qui differe None, x_fin deplace de +0.0 ulp(x1) -> ABSORBE
[01:12:38Z] EFFET-dt2/2  cas dur K1 appel 2213 (pas 554) corrige seul : premier pas qui differe None, x_fin deplace de +0.0 ulp(x1) -> ABSORBE
[01:12:38Z] EFFET-dt2/2  cas dur K1 appel 2230 (pas 558) corrige seul : premier pas qui differe None, x_fin deplace de +0.0 ulp(x1) -> ABSORBE
[01:12:38Z] EFFET-dt2/2  cas dur K1 appel 2237 (pas 560) corrige seul : premier pas qui differe None, x_fin deplace de +0.0 ulp(x1) -> ABSORBE
[01:12:38Z] EFFET-dt2/2  cas dur K1 appel 2247 (pas 562) corrige seul : premier pas qui differe None, x_fin deplace de +0.0 ulp(x1) -> ABSORBE
[01:12:38Z] EFFET-dt2/2  cas dur K1 appel 2264 (pas 566) corrige seul : premier pas qui differe None, x_fin deplace de +0.0 ulp(x1) -> ABSORBE
[01:12:38Z] EFFET-dt2/2  cas dur K1 appel 2319 (pas 580) corrige seul : premier pas qui differe None, x_fin deplace de +0.0 ulp(x1) -> ABSORBE
[01:12:38Z] EFFET-dt2/2  cas dur K1 appel 2323 (pas 581) corrige seul : premier pas qui differe None, x_fin deplace de +0.0 ulp(x1) -> ABSORBE
[01:12:38Z] EFFET-dt2/2  cas dur K1 appel 2326 (pas 582) corrige seul : premier pas qui differe None, x_fin deplace de +0.0 ulp(x1) -> ABSORBE
[01:12:38Z] EFFET-dt2/2  cas dur K1 appel 2333 (pas 584) corrige seul : premier pas qui differe None, x_fin deplace de +0.0 ulp(x1) -> ABSORBE
[01:12:38Z] EFFET-dt2/2  cas dur K1 appel 2342 (pas 586) corrige seul : premier pas qui differe None, x_fin deplace de +0.0 ulp(x1) -> ABSORBE
[01:12:38Z] EFFET-dt2/2  cas dur K1 appel 2352 (pas 588) corrige seul : premier pas qui differe None, x_fin deplace de +0.0 ulp(x1) -> ABSORBE
[01:12:38Z] EFFET-dt2/2  cas dur K1 appel 2356 (pas 589) corrige seul : premier pas qui differe None, x_fin deplace de +0.0 ulp(x1) -> ABSORBE
[01:12:38Z] EFFET-dt2/2  cas dur K1 appel 2388 (pas 597) corrige seul : premier pas qui differe None, x_fin deplace de +0.0 ulp(x1) -> ABSORBE
[01:12:38Z] EFFET-dt2/2  cas dur K1 appel 2418 (pas 605) corrige seul : premier pas qui differe None, x_fin deplace de +0.0 ulp(x1) -> ABSORBE
[01:12:38Z] EFFET-dt2/2  cas dur K1 appel 2426 (pas 607) corrige seul : premier pas qui differe None, x_fin deplace de +0.0 ulp(x1) -> ABSORBE
[01:12:38Z] EFFET-dt2/2  cas dur K1 appel 2435 (pas 609) corrige seul : premier pas qui differe None, x_fin deplace de +0.0 ulp(x1) -> ABSORBE
[01:12:38Z] EFFET-dt2/2  cas dur K1 appel 2476 (pas 619) corrige seul : premier pas qui differe None, x_fin deplace de +0.0 ulp(x1) -> ABSORBE
[01:12:38Z] EFFET-dt2/2  cas dur K1 appel 2490 (pas 623) corrige seul : premier pas qui differe None, x_fin deplace de +0.0 ulp(x1) -> ABSORBE
[01:12:38Z] EFFET-dt2/2  cas dur K1 appel 2512 (pas 628) corrige seul : premier pas qui differe None, x_fin deplace de +0.0 ulp(x1) -> ABSORBE
[01:12:38Z] EFFET-dt2/2  cas dur K1 appel 2531 (pas 633) corrige seul : premier pas qui differe None, x_fin deplace de +0.0 ulp(x1) -> ABSORBE
[01:12:38Z] EFFET-dt2/2  cas dur K1 appel 2574 (pas 644) corrige seul : premier pas qui differe None, x_fin deplace de +0.0 ulp(x1) -> ABSORBE
[01:12:38Z] EFFET-dt2/2  cas dur K1 appel 2621 (pas 656) corrige seul : premier pas qui differe None, x_fin deplace de +0.0 ulp(x1) -> ABSORBE
[01:12:38Z] EFFET-dt2/2  cas dur K1 appel 2631 (pas 658) corrige seul : premier pas qui differe None, x_fin deplace de +0.0 ulp(x1) -> ABSORBE
[01:12:38Z] EFFET-dt2/2  cas dur K1 appel 2690 (pas 673) corrige seul : premier pas qui differe None, x_fin deplace de +0.0 ulp(x1) -> ABSORBE
[01:12:38Z] EFFET-dt2/2  cas dur K1 appel 2697 (pas 675) corrige seul : premier pas qui differe None, x_fin deplace de +0.0 ulp(x1) -> ABSORBE
[01:12:38Z] EFFET-dt2/2  cas dur K1 appel 2711 (pas 678) corrige seul : premier pas qui differe None, x_fin deplace de +0.0 ulp(x1) -> ABSORBE
[01:12:38Z] EFFET-dt2/2  cas dur K1 appel 2714 (pas 679) corrige seul : premier pas qui differe None, x_fin deplace de +0.0 ulp(x1) -> ABSORBE
[01:12:38Z] EFFET-dt2/2  cas dur K1 appel 2718 (pas 680) corrige seul : premier pas qui differe None, x_fin deplace de +0.0 ulp(x1) -> ABSORBE
[01:12:38Z] EFFET-dt2/2  cas dur K1 appel 2721 (pas 681) corrige seul : premier pas qui differe None, x_fin deplace de +0.0 ulp(x1) -> ABSORBE
[01:12:38Z] EFFET-dt2/2  cas dur K1 appel 2768 (pas 692) corrige seul : premier pas qui differe None, x_fin deplace de +0.0 ulp(x1) -> ABSORBE
[01:12:38Z] EFFET-dt2/2  cas dur K1 appel 2770 (pas 693) corrige seul : premier pas qui differe None, x_fin deplace de +0.0 ulp(x1) -> ABSORBE
[01:12:38Z] EFFET-dt2/2  cas dur K1 appel 2790 (pas 698) corrige seul : premier pas qui differe None, x_fin deplace de +0.0 ulp(x1) -> ABSORBE
[01:12:38Z] EFFET-dt2/2  cas dur K1 appel 2806 (pas 702) corrige seul : premier pas qui differe None, x_fin deplace de +0.0 ulp(x1) -> ABSORBE
[01:12:38Z] EFFET-dt2/2  cas dur K1 appel 2827 (pas 707) corrige seul : premier pas qui differe 724, x_fin deplace de +2.0 ulp(x1) -> BASCULE
[01:12:38Z] EFFET-dt2/2  cas dur K1 appel 2858 (pas 715) corrige seul : premier pas qui differe None, x_fin deplace de +0.0 ulp(x1) -> ABSORBE
[01:12:38Z] EFFET-dt2/2  cas dur K1 appel 2875 (pas 719) corrige seul : premier pas qui differe None, x_fin deplace de +0.0 ulp(x1) -> ABSORBE
[01:12:38Z] EFFET-dt2/2  cas dur K1 appel 2876 (pas 719) corrige seul : premier pas qui differe None, x_fin deplace de +0.0 ulp(x1) -> ABSORBE
[01:12:38Z] EFFET-dt2/2  cas dur K1 appel 2904 (pas 726) corrige seul : premier pas qui differe None, x_fin deplace de +0.0 ulp(x1) -> ABSORBE
[01:12:38Z] EFFET-dt2/2  cas dur K1 appel 2921 (pas 731) corrige seul : premier pas qui differe None, x_fin deplace de +0.0 ulp(x1) -> ABSORBE
[01:12:38Z] EFFET-dt2/2  cas dur K1 appel 3016 (pas 754) corrige seul : premier pas qui differe None, x_fin deplace de +0.0 ulp(x1) -> ABSORBE
[01:12:38Z] EFFET-dt2/2  cas dur K1 appel 3034 (pas 759) corrige seul : premier pas qui differe None, x_fin deplace de +0.0 ulp(x1) -> ABSORBE
[01:12:38Z] JUMEAU-CR-dt2/2 K1 CR seul : e=7.986105272223979e-08 (egal poste False, egal JSON recu True, premier pas 724, x_fin +2.0 ulp) ; tout CR : e=7.986105272223979e-08 / xm numpy 7.986105272223979e-08 (egal poste False, egal JSON recu True, premier pas 724, x_fin +2.0 ulp)
[01:12:48Z] FLOT-dt2/4   n_pas=1520 e_poste=1.9211667599036427e-08 e_jumeau=1.9211667599036427e-08 (egal True) fidele=True ; e_json_recu=1.8520748469025595e-08 ; ecart au bord (JSON recu - poste) = +2.000 ulp(x1) ; x1_fin=0x1.7f4a481e7f063p+36 ulp=1.526e-05
[01:12:48Z] APPELS-dt2/4 K1 6080 (numpy != python sur 317) ; K2 12160 ; K3 1521 ; CAS DURS ici : K1 316, K2 9, K3 86
[01:12:48Z] K1-DUR-dt2/4 appel 66 pas 17 etage 2 x=0x1.3fa7565d20000p+8 libm=0x1.e51e7663ead09p+49 cr=0x1.e51e7663ead0ap+49 (libm - cr = -1.0 ulp)
[01:12:48Z] K1-DUR-dt2/4 appel 100 pas 25 etage 4 x=0x1.410874e0a0000p+8 libm=0x1.f1d0cbee8ae8bp+49 cr=0x1.f1d0cbee8ae8cp+49 (libm - cr = -1.0 ulp)
[01:12:48Z] K1-DUR-dt2/4 appel 124 pas 31 etage 4 x=0x1.4203c907e0000p+8 libm=0x1.fb051c817b8e0p+49 cr=0x1.fb051c817b8e1p+49 (libm - cr = -1.0 ulp)
[01:12:48Z] K1-DUR-dt2/4 appel 141 pas 36 etage 1 x=0x1.42ac4d1000000p+8 libm=0x1.00a2a18515112p+50 cr=0x1.00a2a18515113p+50 (libm - cr = -1.0 ulp)
[01:12:48Z] K1-DUR-dt2/4 appel 164 pas 41 etage 4 x=0x1.43aa888de0000p+8 libm=0x1.056936aca3328p+50 cr=0x1.056936aca3329p+50 (libm - cr = -1.0 ulp)
[01:12:48Z] K1-DUR-dt2/4 appel 187 pas 47 etage 3 x=0x1.44952355a0000p+8 libm=0x1.09e22bb1bb15ap+50 cr=0x1.09e22bb1bb15bp+50 (libm - cr = -1.0 ulp)
[01:12:48Z] K1-DUR-dt2/4 appel 210 pas 53 etage 2 x=0x1.4596c31d90000p+8 libm=0x1.0ede3b0a812a9p+50 cr=0x1.0ede3b0a812aap+50 (libm - cr = -1.0 ulp)
[01:12:48Z] K1-DUR-dt2/4 appel 249 pas 63 etage 1 x=0x1.4732641920000p+8 libm=0x1.16fe737da1952p+50 cr=0x1.16fe737da1953p+50 (libm - cr = -1.0 ulp)
[01:12:48Z] K1-DUR-dt2/4 appel 278 pas 70 etage 2 x=0x1.487a98bb20000p+8 libm=0x1.1d9e1c32e9b4dp+50 cr=0x1.1d9e1c32e9b4ep+50 (libm - cr = -1.0 ulp)
[01:12:48Z] K1-DUR-dt2/4 appel 296 pas 74 etage 4 x=0x1.4940ec6bd0000p+8 libm=0x1.21aeebaa40aeep+50 cr=0x1.21aeebaa40aefp+50 (libm - cr = -1.0 ulp)
[01:12:48Z] K1-DUR-dt2/4 appel 308 pas 77 etage 4 x=0x1.49c5b91630000p+8 libm=0x1.246eb952a6e04p+50 cr=0x1.246eb952a6e05p+50 (libm - cr = -1.0 ulp)
[01:12:48Z] K1-DUR-dt2/4 appel 338 pas 85 etage 2 x=0x1.4b13c8cfa0000p+8 libm=0x1.2b71d0df55623p+50 cr=0x1.2b71d0df55624p+50 (libm - cr = -1.0 ulp)
[01:12:48Z] K1-DUR-dt2/4 appel 344 pas 86 etage 4 x=0x1.4b56f64930000p+8 libm=0x1.2cdf181321a67p+50 cr=0x1.2cdf181321a68p+50 (libm - cr = -1.0 ulp)
[01:12:48Z] K1-DUR-dt2/4 appel 360 pas 90 etage 4 x=0x1.4c0aabf840000p+8 libm=0x1.30b766e92f574p+50 cr=0x1.30b766e92f575p+50 (libm - cr = -1.0 ulp)
[01:12:48Z] K1-DUR-dt2/4 appel 364 pas 91 etage 4 x=0x1.4c37bbaf40000p+8 libm=0x1.31afd9786ba9fp+50 cr=0x1.31afd9786baa0p+50 (libm - cr = -1.0 ulp)
[01:12:48Z] K1-DUR-dt2/4 appel 378 pas 95 etage 2 x=0x1.4cd5dd8c70000p+8 libm=0x1.351cf0e6778b2p+50 cr=0x1.351cf0e6778b3p+50 (libm - cr = -1.0 ulp)
[01:12:48Z] K1-DUR-dt2/4 appel 490 pas 123 etage 2 x=0x1.51df3846f0000p+8 libm=0x1.5243092d44e47p+50 cr=0x1.5243092d44e48p+50 (libm - cr = -1.0 ulp)
[01:12:48Z] K1-DUR-dt2/4 appel 492 pas 123 etage 4 x=0x1.51f6a69750000p+8 libm=0x1.52cfe100eb747p+50 cr=0x1.52cfe100eb748p+50 (libm - cr = -1.0 ulp)
[01:12:48Z] K1-DUR-dt2/4 appel 510 pas 128 etage 2 x=0x1.52ca1a0610000p+8 libm=0x1.57cf90ff3f2efp+50 cr=0x1.57cf90ff3f2f0p+50 (libm - cr = -1.0 ulp)
[01:12:48Z] K1-DUR-dt2/4 appel 521 pas 131 etage 1 x=0x1.534016c500000p+8 libm=0x1.5aa06e2a74aebp+50 cr=0x1.5aa06e2a74aecp+50 (libm - cr = -1.0 ulp)
[01:12:48Z] K1-DUR-dt2/4 appel 565 pas 142 etage 1 x=0x1.554b859c20000p+8 libm=0x1.675a0dedf9b66p+50 cr=0x1.675a0dedf9b67p+50 (libm - cr = -1.0 ulp)
[01:12:48Z] K1-DUR-dt2/4 appel 577 pas 145 etage 1 x=0x1.55db82e1a0000p+8 libm=0x1.6aeb745450f28p+50 cr=0x1.6aeb745450f29p+50 (libm - cr = -1.0 ulp)
[01:12:48Z] K1-DUR-dt2/4 appel 598 pas 150 etage 2 x=0x1.56e4e04230000p+8 libm=0x1.71929ad82ec57p+50 cr=0x1.71929ad82ec58p+50 (libm - cr = -1.0 ulp)
[01:12:48Z] K1-DUR-dt2/4 appel 640 pas 160 etage 4 x=0x1.58e490fef0000p+8 libm=0x1.7eb037440dba3p+50 cr=0x1.7eb037440dba4p+50 (libm - cr = -1.0 ulp)
[01:12:48Z] K1-DUR-dt2/4 appel 643 pas 161 etage 3 x=0x1.58fd1b7ff0000p+8 libm=0x1.7f53b6382d9a4p+50 cr=0x1.7f53b6382d9a5p+50 (libm - cr = -1.0 ulp)
[01:12:48Z] K1-DUR-dt2/4 appel 670 pas 168 etage 2 x=0x1.5a562d5c30000p+8 libm=0x1.8866cd8266a1dp+50 cr=0x1.8866cd8266a1ep+50 (libm - cr = -1.0 ulp)
[01:12:48Z] K1-DUR-dt2/4 appel 699 pas 175 etage 3 x=0x1.5bb253a5f0000p+8 libm=0x1.91bce46889790p+50 cr=0x1.91bce46889791p+50 (libm - cr = -1.0 ulp)
[01:12:48Z] K1-DUR-dt2/4 appel 703 pas 176 etage 3 x=0x1.5be44fbeb0000p+8 libm=0x1.9317e6bd02774p+50 cr=0x1.9317e6bd02775p+50 (libm - cr = -1.0 ulp)
[01:12:48Z] K1-DUR-dt2/4 appel 723 pas 181 etage 3 x=0x1.5cdf2f8e70000p+8 libm=0x1.99f451c254979p+50 cr=0x1.99f451c25497ap+50 (libm - cr = -1.0 ulp)
[01:12:48Z] K1-DUR-dt2/4 appel 730 pas 183 etage 2 x=0x1.5d43f722c0000p+8 libm=0x1.9cbce00415310p+50 cr=0x1.9cbce00415311p+50 (libm - cr = -1.0 ulp)
[01:12:48Z] K1-DUR-dt2/4 appel 746 pas 187 etage 2 x=0x1.5e0e5390c0000p+8 libm=0x1.a25fd5f19d844p+50 cr=0x1.a25fd5f19d845p+50 (libm - cr = -1.0 ulp)
[01:12:48Z] K1-DUR-dt2/4 appel 755 pas 189 etage 3 x=0x1.5e73e90090000p+8 libm=0x1.a53a5bd41b1ebp+50 cr=0x1.a53a5bd41b1ecp+50 (libm - cr = -1.0 ulp)
[01:12:48Z] K1-DUR-dt2/4 appel 802 pas 201 etage 2 x=0x1.60dac84e00000p+8 libm=0x1.b6d95214fcf08p+50 cr=0x1.b6d95214fcf09p+50 (libm - cr = -1.0 ulp)
[01:12:48Z] K1-DUR-dt2/4 appel 835 pas 209 etage 3 x=0x1.627a062920000p+8 libm=0x1.c317caa7f70c1p+50 cr=0x1.c317caa7f70c2p+50 (libm - cr = -1.0 ulp)
[01:12:48Z] K1-DUR-dt2/4 appel 868 pas 217 etage 4 x=0x1.6437ed2920000p+8 libm=0x1.d08e841f6efe1p+50 cr=0x1.d08e841f6efe2p+50 (libm - cr = -1.0 ulp)
[01:12:48Z] K1-DUR-dt2/4 appel 887 pas 222 etage 3 x=0x1.6526021c60000p+8 libm=0x1.d7e1a974a17aep+50 cr=0x1.d7e1a974a17afp+50 (libm - cr = -1.0 ulp)
[01:12:48Z] K1-DUR-dt2/4 appel 897 pas 225 etage 1 x=0x1.65aade2f60000p+8 libm=0x1.dc02bd10b1260p+50 cr=0x1.dc02bd10b1261p+50 (libm - cr = -1.0 ulp)
[01:12:48Z] K1-DUR-dt2/4 appel 903 pas 226 etage 3 x=0x1.65face6fc0000p+8 libm=0x1.de827651aab8cp+50 cr=0x1.de827651aab8dp+50 (libm - cr = -1.0 ulp)
[01:12:48Z] K1-DUR-dt2/4 appel 942 pas 236 etage 2 x=0x1.6813b19040000p+8 libm=0x1.ef93f2ce38a58p+50 cr=0x1.ef93f2ce38a59p+50 (libm - cr = -1.0 ulp)
[01:12:48Z] K1-DUR-dt2/4 appel 948 pas 237 etage 4 x=0x1.6864d97fe0000p+8 libm=0x1.f23399cb40924p+50 cr=0x1.f23399cb40925p+50 (libm - cr = -1.0 ulp)
[01:12:48Z] K1-DUR-dt2/4 appel 961 pas 241 etage 1 x=0x1.6907a081a0000p+8 libm=0x1.f77fb104ef1acp+50 cr=0x1.f77fb104ef1adp+50 (libm - cr = -1.0 ulp)
[01:12:48Z] K1-DUR-dt2/4 appel 1001 pas 251 etage 1 x=0x1.6b2aeb04c0000p+8 libm=0x1.04d3cc8190097p+51 cr=0x1.04d3cc8190098p+51 (libm - cr = -1.0 ulp)
[01:12:48Z] K1-DUR-dt2/4 appel 1020 pas 255 etage 4 x=0x1.6c3f4f1140000p+8 libm=0x1.0983b5f48e712p+51 cr=0x1.0983b5f48e713p+51 (libm - cr = -1.0 ulp)
[01:12:48Z] K1-DUR-dt2/4 appel 1044 pas 261 etage 4 x=0x1.6d8d6dd360000p+8 libm=0x1.0f462f7b4baf3p+51 cr=0x1.0f462f7b4baf4p+51 (libm - cr = -1.0 ulp)
[01:12:48Z] K1-DUR-dt2/4 appel 1052 pas 263 etage 4 x=0x1.6dfd66ea20000p+8 libm=0x1.113a3ef7dce0dp+51 cr=0x1.113a3ef7dce0ep+51 (libm - cr = -1.0 ulp)
[01:12:48Z] K1-DUR-dt2/4 appel 1055 pas 264 etage 3 x=0x1.6e1973a920000p+8 libm=0x1.11b7fb82155f2p+51 cr=0x1.11b7fb82155f3p+51 (libm - cr = -1.0 ulp)
[01:12:48Z] K1-DUR-dt2/4 appel 1127 pas 282 etage 3 x=0x1.7217a42940000p+8 libm=0x1.24205c941b7b1p+51 cr=0x1.24205c941b7b2p+51 (libm - cr = -1.0 ulp)
[01:12:48Z] K1-DUR-dt2/4 appel 1142 pas 286 etage 2 x=0x1.72fe31ab00000p+8 libm=0x1.286aeca9b9beap+51 cr=0x1.286aeca9b9bebp+51 (libm - cr = -1.0 ulp)
[01:12:48Z] K1-DUR-dt2/4 appel 1160 pas 290 etage 4 x=0x1.74031cb8c0000p+8 libm=0x1.2d565d512d819p+51 cr=0x1.2d565d512d81ap+51 (libm - cr = -1.0 ulp)
[01:12:48Z] K1-DUR-dt2/4 appel 1170 pas 293 etage 2 x=0x1.7494bfdb00000p+8 libm=0x1.301ce406f9120p+51 cr=0x1.301ce406f9121p+51 (libm - cr = -1.0 ulp)
[01:12:48Z] K1-DUR-dt2/4 appel 1204 pas 301 etage 4 x=0x1.7687bb80e0000p+8 libm=0x1.39c8caf508967p+51 cr=0x1.39c8caf508968p+51 (libm - cr = -1.0 ulp)
[01:12:48Z] K1-DUR-dt2/4 appel 1260 pas 315 etage 4 x=0x1.79ca825960000p+8 libm=0x1.4a897e21d39bbp+51 cr=0x1.4a897e21d39bcp+51 (libm - cr = -1.0 ulp)
[01:12:48Z] K1-DUR-dt2/4 appel 1267 pas 317 etage 3 x=0x1.7a24ee8820000p+8 libm=0x1.4c654769730b0p+51 cr=0x1.4c654769730b1p+51 (libm - cr = -1.0 ulp)
[01:12:48Z] K1-DUR-dt2/4 appel 1280 pas 320 etage 4 x=0x1.7af89fc7a0000p+8 libm=0x1.50c7e39a2bc87p+51 cr=0x1.50c7e39a2bc88p+51 (libm - cr = -1.0 ulp)
[01:12:48Z] K1-DUR-dt2/4 appel 1283 pas 321 etage 3 x=0x1.7b16f69020000p+8 libm=0x1.5169c8b225fdbp+51 cr=0x1.5169c8b225fdcp+51 (libm - cr = -1.0 ulp)
[01:12:48Z] K1-DUR-dt2/4 appel 1300 pas 325 etage 4 x=0x1.7c28deefe0000p+8 libm=0x1.572ae9afa9425p+51 cr=0x1.572ae9afa9426p+51 (libm - cr = -1.0 ulp)
[01:12:48Z] K1-DUR-dt2/4 appel 1311 pas 328 etage 3 x=0x1.7cc1cfcde0000p+8 libm=0x1.5a6a86c8ebb35p+51 cr=0x1.5a6a86c8ebb36p+51 (libm - cr = -1.0 ulp)
[01:12:48Z] K1-DUR-dt2/4 appel 1313 pas 329 etage 1 x=0x1.7ce073ac80000p+8 libm=0x1.5b11eaf9acdbdp+51 cr=0x1.5b11eaf9acdbep+51 (libm - cr = -1.0 ulp)
[01:12:48Z] K1-DUR-dt2/4 appel 1325 pas 332 etage 1 x=0x1.7d98d05a60000p+8 libm=0x1.5f06aebc6d065p+51 cr=0x1.5f06aebc6d066p+51 (libm - cr = -1.0 ulp)
[01:12:48Z] K1-DUR-dt2/4 appel 1327 pas 332 etage 3 x=0x1.7db7a0cac0000p+8 libm=0x1.5fb0e3ecdb972p+51 cr=0x1.5fb0e3ecdb973p+51 (libm - cr = -1.0 ulp)
[01:12:48Z] K1-DUR-dt2/4 appel 1330 pas 333 etage 2 x=0x1.7df5474800000p+8 libm=0x1.61063bc579e83p+51 cr=0x1.61063bc579e84p+51 (libm - cr = -1.0 ulp)
[01:12:48Z] K1-DUR-dt2/4 appel 1334 pas 334 etage 2 x=0x1.7e3309cc60000p+8 libm=0x1.625d437213eb2p+51 cr=0x1.625d437213eb3p+51 (libm - cr = -1.0 ulp)
[01:12:48Z] K1-DUR-dt2/4 appel 1422 pas 356 etage 2 x=0x1.839853c640000p+8 libm=0x1.8175c5ca76992p+51 cr=0x1.8175c5ca76993p+51 (libm - cr = -1.0 ulp)
[01:12:48Z] K1-DUR-dt2/4 appel 1445 pas 362 etage 1 x=0x1.84f88d9bc0000p+8 libm=0x1.89be3a3157286p+51 cr=0x1.89be3a3157287p+51 (libm - cr = -1.0 ulp)
[01:12:48Z] K1-DUR-dt2/4 appel 1448 pas 362 etage 4 x=0x1.8538e50b20000p+8 libm=0x1.8b45a50b67a78p+51 cr=0x1.8b45a50b67a79p+51 (libm - cr = -1.0 ulp)
[01:12:48Z] K1-DUR-dt2/4 appel 1482 pas 371 etage 2 x=0x1.875f964a60000p+8 libm=0x1.988fdcc4c9f76p+51 cr=0x1.988fdcc4c9f77p+51 (libm - cr = -1.0 ulp)
[01:12:48Z] K1-DUR-dt2/4 appel 1485 pas 372 etage 1 x=0x1.878034f1c0000p+8 libm=0x1.995c57c6ee6dbp+51 cr=0x1.995c57c6ee6dcp+51 (libm - cr = -1.0 ulp)
[01:12:48Z] K1-DUR-dt2/4 appel 1490 pas 373 etage 2 x=0x1.87e2296720000p+8 libm=0x1.9bc463385ac7cp+51 cr=0x1.9bc463385ac7dp+51 (libm - cr = -1.0 ulp)
[01:12:48Z] K1-DUR-dt2/4 appel 1538 pas 385 etage 2 x=0x1.8af9b9a640000p+8 libm=0x1.afa639b8e3c57p+51 cr=0x1.afa639b8e3c58p+51 (libm - cr = -1.0 ulp)
[01:12:48Z] K1-DUR-dt2/4 appel 1543 pas 386 etage 3 x=0x1.8b3c5944a0000p+8 libm=0x1.b15bcd97e43b6p+51 cr=0x1.b15bcd97e43b7p+51 (libm - cr = -1.0 ulp)
[01:12:48Z] K1-DUR-dt2/4 appel 1580 pas 395 etage 4 x=0x1.8db9fc1600000p+8 libm=0x1.c2014a1f2a871p+51 cr=0x1.c2014a1f2a872p+51 (libm - cr = -1.0 ulp)
[01:12:48Z] K1-DUR-dt2/4 appel 1610 pas 403 etage 2 x=0x1.8fb7ce4e40000p+8 libm=0x1.cfb1e84d09841p+51 cr=0x1.cfb1e84d09842p+51 (libm - cr = -1.0 ulp)
[01:12:48Z] K1-DUR-dt2/4 appel 1619 pas 405 etage 3 x=0x1.9040c26580000p+8 libm=0x1.d36e581fa0d00p+51 cr=0x1.d36e581fa0d01p+51 (libm - cr = -1.0 ulp)
[01:12:48Z] K1-DUR-dt2/4 appel 1624 pas 406 etage 4 x=0x1.90a7b69500000p+8 libm=0x1.d6418f56694d2p+51 cr=0x1.d6418f56694d3p+51 (libm - cr = -1.0 ulp)
[01:12:48Z] K1-DUR-dt2/4 appel 1636 pas 409 etage 4 x=0x1.917658c5c0000p+8 libm=0x1.dbf815ede1ea7p+51 cr=0x1.dbf815ede1ea8p+51 (libm - cr = -1.0 ulp)
[01:12:48Z] K1-DUR-dt2/4 appel 1656 pas 414 etage 4 x=0x1.92d0d37480000p+8 libm=0x1.e5ada49164e9ap+51 cr=0x1.e5ada49164e9bp+51 (libm - cr = -1.0 ulp)
[01:12:48Z] K1-DUR-dt2/4 appel 1657 pas 415 etage 1 x=0x1.92d0d37320000p+8 libm=0x1.e5ada4877274ep+51 cr=0x1.e5ada4877274fp+51 (libm - cr = -1.0 ulp)
[01:12:48Z] K1-DUR-dt2/4 appel 1660 pas 415 etage 4 x=0x1.93167003c0000p+8 libm=0x1.e7a614b75179bp+51 cr=0x1.e7a614b75179cp+51 (libm - cr = -1.0 ulp)
[01:12:48Z] K1-DUR-dt2/4 appel 1687 pas 422 etage 3 x=0x1.94dd844580000p+8 libm=0x1.f4b1ff93399e0p+51 cr=0x1.f4b1ff93399e1p+51 (libm - cr = -1.0 ulp)
[01:12:48Z] K1-DUR-dt2/4 appel 1719 pas 430 etage 3 x=0x1.9713d69740000p+8 libm=0x1.02ab035fce7e0p+52 cr=0x1.02ab035fce7e1p+52 (libm - cr = -1.0 ulp)
[01:12:48Z] K1-DUR-dt2/4 appel 1727 pas 432 etage 3 x=0x1.97a2823cc0000p+8 libm=0x1.04ccd17ffc754p+52 cr=0x1.04ccd17ffc755p+52 (libm - cr = -1.0 ulp)
[01:12:48Z] K1-DUR-dt2/4 appel 1729 pas 433 etage 1 x=0x1.97c63b3780000p+8 libm=0x1.055610acc07bap+52 cr=0x1.055610acc07bbp+52 (libm - cr = -1.0 ulp)
[01:12:48Z] K1-DUR-dt2/4 appel 1740 pas 435 etage 4 x=0x1.989d3a9600000p+8 libm=0x1.0895109ec71f6p+52 cr=0x1.0895109ec71f7p+52 (libm - cr = -1.0 ulp)
[01:12:48Z] K1-DUR-dt2/4 appel 1764 pas 441 etage 4 x=0x1.9a4e3a4cc0000p+8 libm=0x1.0f38ccb55bc2ep+52 cr=0x1.0f38ccb55bc2fp+52 (libm - cr = -1.0 ulp)
[01:12:48Z] K1-DUR-dt2/4 appel 1851 pas 463 etage 3 x=0x1.a07f8887a0000p+8 libm=0x1.28ba6b39b2deap+52 cr=0x1.28ba6b39b2debp+52 (libm - cr = -1.0 ulp)
[01:12:48Z] K1-DUR-dt2/4 appel 1854 pas 464 etage 2 x=0x1.a0ca8d0ea0000p+8 libm=0x1.29fba7b56e706p+52 cr=0x1.29fba7b56e707p+52 (libm - cr = -1.0 ulp)
[01:12:48Z] K1-DUR-dt2/4 appel 1867 pas 467 etage 3 x=0x1.a1ac701160000p+8 libm=0x1.2dc9c74b46d52p+52 cr=0x1.2dc9c74b46d53p+52 (libm - cr = -1.0 ulp)
[01:12:48Z] K1-DUR-dt2/4 appel 1890 pas 473 etage 2 x=0x1.a3735d7ec0000p+8 libm=0x1.35931c596c838p+52 cr=0x1.35931c596c839p+52 (libm - cr = -1.0 ulp)
[01:12:48Z] K1-DUR-dt2/4 appel 1908 pas 477 etage 4 x=0x1.a4cb77fc20000p+8 libm=0x1.3b9328e289db9p+52 cr=0x1.3b9328e289dbap+52 (libm - cr = -1.0 ulp)
[01:12:48Z] K1-DUR-dt2/4 appel 1928 pas 482 etage 4 x=0x1.a64cb627e0000p+8 libm=0x1.426835472ce69p+52 cr=0x1.426835472ce6ap+52 (libm - cr = -1.0 ulp)
[01:12:48Z] K1-DUR-dt2/4 appel 1931 pas 483 etage 3 x=0x1.a6736c06e0000p+8 libm=0x1.4319b06aaa41ep+52 cr=0x1.4319b06aaa41fp+52 (libm - cr = -1.0 ulp)
[01:12:48Z] K1-DUR-dt2/4 appel 1947 pas 487 etage 3 x=0x1.a7aa1b6260000p+8 libm=0x1.48b5aed6d1af8p+52 cr=0x1.48b5aed6d1af9p+52 (libm - cr = -1.0 ulp)
[01:12:48Z] K1-DUR-dt2/4 appel 1958 pas 490 etage 2 x=0x1.a894691940000p+8 libm=0x1.4cfe544a287c2p+52 cr=0x1.4cfe544a287c3p+52 (libm - cr = -1.0 ulp)
[01:12:48Z] K1-DUR-dt2/4 appel 1970 pas 493 etage 2 x=0x1.a97fe34920000p+8 libm=0x1.5158714dc7856p+52 cr=0x1.5158714dc7857p+52 (libm - cr = -1.0 ulp)
[01:12:48Z] K1-DUR-dt2/4 appel 1999 pas 500 etage 3 x=0x1.aba9dbc560000p+8 libm=0x1.5bc56050297a4p+52 cr=0x1.5bc56050297a5p+52 (libm - cr = -1.0 ulp)
[01:12:48Z] K1-DUR-dt2/4 appel 2022 pas 506 etage 2 x=0x1.ad89b3e6c0000p+8 libm=0x1.650467087b270p+52 cr=0x1.650467087b271p+52 (libm - cr = -1.0 ulp)
[01:12:48Z] K1-DUR-dt2/4 appel 2026 pas 507 etage 2 x=0x1.adda249380000p+8 libm=0x1.66964a95f549dp+52 cr=0x1.66964a95f549ep+52 (libm - cr = -1.0 ulp)
[01:12:48Z] K1-DUR-dt2/4 appel 2033 pas 509 etage 1 x=0x1.ae53117a40000p+8 libm=0x1.68f5384a118b5p+52 cr=0x1.68f5384a118b6p+52 (libm - cr = -1.0 ulp)
[01:12:48Z] K1-DUR-dt2/4 appel 2036 pas 509 etage 4 x=0x1.aea3d72580000p+8 libm=0x1.6a8c7a4c4a749p+52 cr=0x1.6a8c7a4c4a74ap+52 (libm - cr = -1.0 ulp)
[01:12:48Z] K1-DUR-dt2/4 appel 2048 pas 512 etage 4 x=0x1.af96f55880000p+8 libm=0x1.6f5f549041482p+52 cr=0x1.6f5f549041483p+52 (libm - cr = -1.0 ulp)
[01:12:48Z] K1-DUR-dt2/4 appel 2095 pas 524 etage 3 x=0x1.b346376980000p+8 libm=0x1.8298c73be4548p+52 cr=0x1.8298c73be4549p+52 (libm - cr = -1.0 ulp)
[01:12:48Z] K1-DUR-dt2/4 appel 2121 pas 531 etage 1 x=0x1.b56366a400000p+8 libm=0x1.8dffffea16c2bp+52 cr=0x1.8dffffea16c2cp+52 (libm - cr = -1.0 ulp)
[01:12:48Z] K1-DUR-dt2/4 appel 2162 pas 541 etage 2 x=0x1.b8da3eeec0000p+8 libm=0x1.a14ac7b4c8afcp+52 cr=0x1.a14ac7b4c8afdp+52 (libm - cr = -1.0 ulp)
[01:12:48Z] K1-DUR-dt2/4 appel 2202 pas 551 etage 2 x=0x1.bc35b5fc40000p+8 libm=0x1.b4b9db65463f6p+52 cr=0x1.b4b9db65463f7p+52 (libm - cr = -1.0 ulp)
[01:12:48Z] K1-DUR-dt2/4 appel 2208 pas 552 etage 4 x=0x1.bcb7ec0780000p+8 libm=0x1.b7bc29d7a52d0p+52 cr=0x1.b7bc29d7a52d1p+52 (libm - cr = -1.0 ulp)
[01:12:48Z] K1-DUR-dt2/4 appel 2209 pas 553 etage 1 x=0x1.bcb7ec0540000p+8 libm=0x1.b7bc29ca4be73p+52 cr=0x1.b7bc29ca4be74p+52 (libm - cr = -1.0 ulp)
[01:12:48Z] K1-DUR-dt2/4 appel 2221 pas 556 etage 1 x=0x1.bdbd50de40000p+8 libm=0x1.bdd3e180390ddp+52 cr=0x1.bdd3e180390dep+52 (libm - cr = -1.0 ulp)
[01:12:48Z] K1-DUR-dt2/4 appel 2243 pas 561 etage 3 x=0x1.bfa0151300000p+8 libm=0x1.c943de5a68a69p+52 cr=0x1.c943de5a68a6ap+52 (libm - cr = -1.0 ulp)
[01:12:48Z] K1-DUR-dt2/4 appel 2268 pas 567 etage 4 x=0x1.c1e08b4e00000p+8 libm=0x1.d73ddc4309fe5p+52 cr=0x1.d73ddc4309fe6p+52 (libm - cr = -1.0 ulp)
[01:12:48Z] K1-DUR-dt2/4 appel 2274 pas 569 etage 2 x=0x1.c2667cab00000p+8 libm=0x1.da8a2259e5b9dp+52 cr=0x1.da8a2259e5b9ep+52 (libm - cr = -1.0 ulp)
[01:12:48Z] K1-DUR-dt2/4 appel 2281 pas 571 etage 1 x=0x1.c2ecd1e740000p+8 libm=0x1.ddddce7fb79edp+52 cr=0x1.ddddce7fb79eep+52 (libm - cr = -1.0 ulp)
[01:12:48Z] K1-DUR-dt2/4 appel 2290 pas 573 etage 2 x=0x1.c3cd70ae00000p+8 libm=0x1.e379041287fbdp+52 cr=0x1.e379041287fbep+52 (libm - cr = -1.0 ulp)
[01:12:48Z] K1-DUR-dt2/4 appel 2294 pas 574 etage 2 x=0x1.c427925f80000p+8 libm=0x1.e5bcd7986afcdp+52 cr=0x1.e5bcd7986afcep+52 (libm - cr = -1.0 ulp)
[01:12:48Z] K1-DUR-dt2/4 appel 2295 pas 574 etage 3 x=0x1.c4279c7b80000p+8 libm=0x1.e5bd18c1c0225p+52 cr=0x1.e5bd18c1c0226p+52 (libm - cr = -1.0 ulp)
[01:12:48Z] K1-DUR-dt2/4 appel 2301 pas 576 etage 1 x=0x1.c4af15f480000p+8 libm=0x1.e928e08f90bb5p+52 cr=0x1.e928e08f90bb6p+52 (libm - cr = -1.0 ulp)
[01:12:48Z] K1-DUR-dt2/4 appel 2332 pas 583 etage 4 x=0x1.c787cb24c0000p+8 libm=0x1.fbe8523ca1074p+52 cr=0x1.fbe8523ca1075p+52 (libm - cr = -1.0 ulp)
[01:12:48Z] K1-DUR-dt2/4 appel 2341 pas 586 etage 1 x=0x1.c83f95cc40000p+8 libm=0x1.005d5c3152b57p+53 cr=0x1.005d5c3152b58p+53 (libm - cr = -1.0 ulp)
[01:12:48Z] K1-DUR-dt2/4 appel 2424 pas 606 etage 4 x=0x1.cff186e480000p+8 libm=0x1.1b6d33c63b6afp+53 cr=0x1.1b6d33c63b6b0p+53 (libm - cr = -1.0 ulp)
[01:12:48Z] K1-DUR-dt2/4 appel 2439 pas 610 etage 3 x=0x1.d1412caa80000p+8 libm=0x1.2044399a9989dp+53 cr=0x1.2044399a9989ep+53 (libm - cr = -1.0 ulp)
[01:12:48Z] K1-DUR-dt2/4 appel 2448 pas 612 etage 4 x=0x1.d23231ffc0000p+8 libm=0x1.23c8c5dc92047p+53 cr=0x1.23c8c5dc92048p+53 (libm - cr = -1.0 ulp)
[01:12:48Z] K1-DUR-dt2/4 appel 2463 pas 616 etage 3 x=0x1.d3858708c0000p+8 libm=0x1.28cc28adb467dp+53 cr=0x1.28cc28adb467ep+53 (libm - cr = -1.0 ulp)
[01:12:48Z] K1-DUR-dt2/4 appel 2474 pas 619 etage 2 x=0x1.d4aa0d8f40000p+8 libm=0x1.2d2d374aeb8e0p+53 cr=0x1.2d2d374aeb8e1p+53 (libm - cr = -1.0 ulp)
[01:12:48Z] K1-DUR-dt2/4 appel 2485 pas 622 etage 1 x=0x1.d59f1dbc40000p+8 libm=0x1.30e2f5e5838c1p+53 cr=0x1.30e2f5e5838c2p+53 (libm - cr = -1.0 ulp)
[01:12:48Z] K1-DUR-dt2/4 appel 2509 pas 628 etage 1 x=0x1.d7efd5e700000p+8 libm=0x1.3a046db9189cfp+53 cr=0x1.3a046db9189d0p+53 (libm - cr = -1.0 ulp)
[01:12:48Z] K1-DUR-dt2/4 appel 2530 pas 633 etage 2 x=0x1.da14f281c0000p+8 libm=0x1.42adb2592fe23p+53 cr=0x1.42adb2592fe24p+53 (libm - cr = -1.0 ulp)
[01:12:48Z] K1-DUR-dt2/4 appel 2547 pas 637 etage 3 x=0x1.dba7e84ec0000p+8 libm=0x1.492909f772d1bp+53 cr=0x1.492909f772d1cp+53 (libm - cr = -1.0 ulp)
[01:12:48Z] K1-DUR-dt2/4 appel 2637 pas 660 etage 1 x=0x1.e4bb9d5540000p+8 libm=0x1.70b16f486c898p+53 cr=0x1.70b16f486c899p+53 (libm - cr = -1.0 ulp)
[01:12:48Z] K1-DUR-dt2/4 appel 2639 pas 660 etage 3 x=0x1.e4f069f2c0000p+8 libm=0x1.71a2a63ebd45bp+53 cr=0x1.71a2a63ebd45cp+53 (libm - cr = -1.0 ulp)
[01:12:48Z] K1-DUR-dt2/4 appel 2668 pas 667 etage 4 x=0x1.e80e1aed80000p+8 libm=0x1.801de78e9ffa2p+53 cr=0x1.801de78e9ffa3p+53 (libm - cr = -1.0 ulp)
[01:12:48Z] K1-DUR-dt2/4 appel 2669 pas 668 etage 1 x=0x1.e80e1aea00000p+8 libm=0x1.801de77e18df7p+53 cr=0x1.801de77e18df8p+53 (libm - cr = -1.0 ulp)
[01:12:48Z] K1-DUR-dt2/4 appel 2682 pas 671 etage 2 x=0x1.e9864f4680000p+8 libm=0x1.871bd9782e77ap+53 cr=0x1.871bd9782e77bp+53 (libm - cr = -1.0 ulp)
[01:12:48Z] K1-DUR-dt2/4 appel 2692 pas 673 etage 4 x=0x1.ea94a30e80000p+8 libm=0x1.8c32bc6e61fb1p+53 cr=0x1.8c32bc6e61fb2p+53 (libm - cr = -1.0 ulp)
[01:12:48Z] K1-DUR-dt2/4 appel 2702 pas 676 etage 2 x=0x1.eba43a14c0000p+8 libm=0x1.915de7c17c371p+53 cr=0x1.915de7c17c372p+53 (libm - cr = -1.0 ulp)
[01:12:48Z] K1-DUR-dt2/4 appel 2703 pas 676 etage 3 x=0x1.eba447a1c0000p+8 libm=0x1.915e2a21a88fap+53 cr=0x1.915e2a21a88fbp+53 (libm - cr = -1.0 ulp)
[01:12:48Z] K1-DUR-dt2/4 appel 2772 pas 693 etage 4 x=0x1.f3373ff540000p+8 libm=0x1.b7ed3638f274cp+53 cr=0x1.b7ed3638f274dp+53 (libm - cr = -1.0 ulp)
[01:12:48Z] K1-DUR-dt2/4 appel 2788 pas 697 etage 4 x=0x1.f4fbeff1c0000p+8 libm=0x1.c15c0d94df621p+53 cr=0x1.c15c0d94df622p+53 (libm - cr = -1.0 ulp)
[01:12:48Z] K1-DUR-dt2/4 appel 2790 pas 698 etage 2 x=0x1.f534bfabc0000p+8 libm=0x1.c28e229bf062dp+53 cr=0x1.c28e229bf062ep+53 (libm - cr = -1.0 ulp)
[01:12:48Z] K1-DUR-dt2/4 appel 2803 pas 701 etage 3 x=0x1.f68b09dc40000p+8 libm=0x1.c9d0af2015392p+53 cr=0x1.c9d0af2015393p+53 (libm - cr = -1.0 ulp)
[01:12:48Z] K1-DUR-dt2/4 appel 2811 pas 703 etage 3 x=0x1.f770566e00000p+8 libm=0x1.cebba064c0fd2p+53 cr=0x1.cebba064c0fd3p+53 (libm - cr = -1.0 ulp)
[01:12:48Z] K1-DUR-dt2/4 appel 2822 pas 706 etage 2 x=0x1.f8c9f54100000p+8 libm=0x1.d63a804d15d34p+53 cr=0x1.d63a804d15d35p+53 (libm - cr = -1.0 ulp)
[01:12:48Z] K1-DUR-dt2/4 appel 2834 pas 709 etage 2 x=0x1.fa25baa500000p+8 libm=0x1.dddf642755e72p+53 cr=0x1.dddf642755e73p+53 (libm - cr = -1.0 ulp)
[01:12:48Z] K1-DUR-dt2/4 appel 2846 pas 712 etage 2 x=0x1.fb839cf100000p+8 libm=0x1.e5aad9c0ff46bp+53 cr=0x1.e5aad9c0ff46cp+53 (libm - cr = -1.0 ulp)
[01:12:48Z] K1-DUR-dt2/4 appel 2852 pas 713 etage 4 x=0x1.fc336228c0000p+8 libm=0x1.e99f7e9df41bep+53 cr=0x1.e99f7e9df41bfp+53 (libm - cr = -1.0 ulp)
[01:12:48Z] K1-DUR-dt2/4 appel 2855 pas 714 etage 3 x=0x1.fc6e1cbf80000p+8 libm=0x1.eaf35eae40233p+53 cr=0x1.eaf35eae40234p+53 (libm - cr = -1.0 ulp)
[01:12:48Z] K1-DUR-dt2/4 appel 2857 pas 715 etage 1 x=0x1.fca8d76280000p+8 libm=0x1.ec480389ff800p+53 cr=0x1.ec480389ff801p+53 (libm - cr = -1.0 ulp)
[01:12:48Z] K1-DUR-dt2/4 appel 2931 pas 733 etage 3 x=0x1.02a8defe00000p+9 libm=0x1.1060d061065bcp+54 cr=0x1.1060d061065bdp+54 (libm - cr = -1.0 ulp)
[01:12:48Z] K1-DUR-dt2/4 appel 2948 pas 737 etage 4 x=0x1.03bcef50c0000p+9 libm=0x1.174353bc2cde3p+54 cr=0x1.174353bc2cde4p+54 (libm - cr = -1.0 ulp)
[01:12:48Z] K1-DUR-dt2/4 appel 2970 pas 743 etage 2 x=0x1.0511e36ec0000p+9 libm=0x1.1ff737e99a15ap+54 cr=0x1.1ff737e99a15bp+54 (libm - cr = -1.0 ulp)
[01:12:48Z] K1-DUR-dt2/4 appel 2976 pas 744 etage 4 x=0x1.056f94ad40000p+9 libm=0x1.226576b8b9743p+54 cr=0x1.226576b8b9744p+54 (libm - cr = -1.0 ulp)
[01:12:48Z] K1-DUR-dt2/4 appel 2980 pas 745 etage 4 x=0x1.05ae321c80000p+9 libm=0x1.2407bf71674d9p+54 cr=0x1.2407bf71674dap+54 (libm - cr = -1.0 ulp)
[01:12:48Z] K1-DUR-dt2/4 appel 2994 pas 749 etage 2 x=0x1.068a5f9d40000p+9 libm=0x1.29d633031f6cfp+54 cr=0x1.29d633031f6d0p+54 (libm - cr = -1.0 ulp)
[01:12:48Z] K1-DUR-dt2/4 appel 3001 pas 751 etage 1 x=0x1.06e9423900000p+9 libm=0x1.2c5e553836647p+54 cr=0x1.2c5e553836648p+54 (libm - cr = -1.0 ulp)
[01:12:48Z] K1-DUR-dt2/4 appel 3019 pas 755 etage 3 x=0x1.0807b2bc80000p+9 libm=0x1.341ed61096e32p+54 cr=0x1.341ed61096e33p+54 (libm - cr = -1.0 ulp)
[01:12:48Z] K1-DUR-dt2/4 appel 3063 pas 766 etage 3 x=0x1.0acf88d3c0000p+9 libm=0x1.481c27f97745ep+54 cr=0x1.481c27f97745fp+54 (libm - cr = -1.0 ulp)
[01:12:48Z] K1-DUR-dt2/4 appel 3072 pas 768 etage 4 x=0x1.0b73a8a580000p+9 libm=0x1.4cde718ced135p+54 cr=0x1.4cde718ced136p+54 (libm - cr = -1.0 ulp)
[01:12:48Z] K1-DUR-dt2/4 appel 3086 pas 772 etage 2 x=0x1.0c5aefc2c0000p+9 libm=0x1.53ac2d12c3122p+54 cr=0x1.53ac2d12c3123p+54 (libm - cr = -1.0 ulp)
[01:12:48Z] K1-DUR-dt2/4 appel 3095 pas 774 etage 3 x=0x1.0cdfeedb80000p+9 libm=0x1.57a31fe8510cap+54 cr=0x1.57a31fe8510cbp+54 (libm - cr = -1.0 ulp)
[01:12:48Z] K1-DUR-dt2/4 appel 3154 pas 789 etage 2 x=0x1.10d7e01a40000p+9 libm=0x1.7736e7d981f15p+54 cr=0x1.7736e7d981f16p+54 (libm - cr = -1.0 ulp)
[01:12:48Z] K1-DUR-dt2/4 appel 3166 pas 792 etage 2 x=0x1.11a7239a40000p+9 libm=0x1.7df1d1933c01ap+54 cr=0x1.7df1d1933c01bp+54 (libm - cr = -1.0 ulp)
[01:12:48Z] K1-DUR-dt2/4 appel 3176 pas 794 etage 4 x=0x1.1254f04d00000p+9 libm=0x1.83aa560582fcep+54 cr=0x1.83aa560582fcfp+54 (libm - cr = -1.0 ulp)
[01:12:48Z] K1-DUR-dt2/4 appel 3184 pas 796 etage 4 x=0x1.12e0a9bc40000p+9 libm=0x1.8850eecf47164p+54 cr=0x1.8850eecf47165p+54 (libm - cr = -1.0 ulp)
[01:12:48Z] K1-DUR-dt2/4 appel 3213 pas 804 etage 1 x=0x1.14ceaa3e40000p+9 libm=0x1.99223b263b3d1p+54 cr=0x1.99223b263b3d2p+54 (libm - cr = -1.0 ulp)
[01:12:48Z] K1-DUR-dt2/4 appel 3226 pas 807 etage 2 x=0x1.15c895e980000p+9 libm=0x1.a1de3a8de424dp+54 cr=0x1.a1de3a8de424ep+54 (libm - cr = -1.0 ulp)
[01:12:48Z] K1-DUR-dt2/4 appel 3258 pas 815 etage 2 x=0x1.180b665a80000p+9 libm=0x1.b6b1ef6cc80f9p+54 cr=0x1.b6b1ef6cc80fap+54 (libm - cr = -1.0 ulp)
[01:12:48Z] K1-DUR-dt2/4 appel 3273 pas 819 etage 1 x=0x1.190c006c40000p+9 libm=0x1.c033731f32181p+54 cr=0x1.c033731f32182p+54 (libm - cr = -1.0 ulp)
[01:12:48Z] K1-DUR-dt2/4 appel 3299 pas 825 etage 3 x=0x1.1aee0e9100000p+9 libm=0x1.d285f70c39760p+54 cr=0x1.d285f70c39761p+54 (libm - cr = -1.0 ulp)
[01:12:48Z] K1-DUR-dt2/4 appel 3340 pas 835 etage 4 x=0x1.1e08428640000p+9 libm=0x1.f211e71b2ec96p+54 cr=0x1.f211e71b2ec97p+54 (libm - cr = -1.0 ulp)
[01:12:48Z] K1-DUR-dt2/4 appel 3389 pas 848 etage 1 x=0x1.21ac515fc0000p+9 libm=0x1.0cab8b64d819ep+55 cr=0x1.0cab8b64d819fp+55 (libm - cr = -1.0 ulp)
[01:12:48Z] K1-DUR-dt2/4 appel 3397 pas 850 etage 1 x=0x1.224a43ec80000p+9 libm=0x1.101f35cdda9ffp+55 cr=0x1.101f35cddaa00p+55 (libm - cr = -1.0 ulp)
[01:12:48Z] K1-DUR-dt2/4 appel 3434 pas 859 etage 2 x=0x1.2542f41980000p+9 libm=0x1.2144ae309715dp+55 cr=0x1.2144ae309715ep+55 (libm - cr = -1.0 ulp)
[01:12:48Z] K1-DUR-dt2/4 appel 3465 pas 867 etage 1 x=0x1.27a80ba340000p+9 libm=0x1.2fbc08581bfa8p+55 cr=0x1.2fbc08581bfa9p+55 (libm - cr = -1.0 ulp)
[01:12:48Z] K1-DUR-dt2/4 appel 3494 pas 874 etage 2 x=0x1.2a1877a400000p+9 libm=0x1.3f1530a8c43c5p+55 cr=0x1.3f1530a8c43c6p+55 (libm - cr = -1.0 ulp)
[01:12:48Z] K1-DUR-dt2/4 appel 3504 pas 876 etage 4 x=0x1.2aeb3a8c40000p+9 libm=0x1.44682b7013f33p+55 cr=0x1.44682b7013f34p+55 (libm - cr = -1.0 ulp)
[01:12:48Z] K1-DUR-dt2/4 appel 3510 pas 878 etage 2 x=0x1.2b6a45f540000p+9 libm=0x1.47a6dff9389bbp+55 cr=0x1.47a6dff9389bcp+55 (libm - cr = -1.0 ulp)
[01:12:48Z] K1-DUR-dt2/4 appel 3521 pas 881 etage 1 x=0x1.2c3f24b200000p+9 libm=0x1.4d2648fbb8d4ap+55 cr=0x1.4d2648fbb8d4bp+55 (libm - cr = -1.0 ulp)
[01:12:48Z] K1-DUR-dt2/4 appel 3551 pas 888 etage 3 x=0x1.2ec5c2c6c0000p+9 libm=0x1.5e52b64186706p+55 cr=0x1.5e52b64186707p+55 (libm - cr = -1.0 ulp)
[01:12:48Z] K1-DUR-dt2/4 appel 3631 pas 908 etage 3 x=0x1.35bf7d0a80000p+9 libm=0x1.91a01f743bbb5p+55 cr=0x1.91a01f743bbb6p+55 (libm - cr = -1.0 ulp)
[01:12:48Z] K1-DUR-dt2/4 appel 3642 pas 911 etage 2 x=0x1.36d351af80000p+9 libm=0x1.9a14c195df075p+55 cr=0x1.9a14c195df076p+55 (libm - cr = -1.0 ulp)
[01:12:48Z] K1-DUR-dt2/4 appel 3645 pas 912 etage 1 x=0x1.37018a8500000p+9 libm=0x1.9b832e2172ed9p+55 cr=0x1.9b832e2172edap+55 (libm - cr = -1.0 ulp)
[01:12:48Z] K1-DUR-dt2/4 appel 3688 pas 922 etage 4 x=0x1.3b09426740000p+9 libm=0x1.bc8ff6b1122f8p+55 cr=0x1.bc8ff6b1122f9p+55 (libm - cr = -1.0 ulp)
[01:12:48Z] K1-DUR-dt2/4 appel 3700 pas 925 etage 4 x=0x1.3c27e29500000p+9 libm=0x1.c620744f5ccc7p+55 cr=0x1.c620744f5ccc8p+55 (libm - cr = -1.0 ulp)
[01:12:48Z] K1-DUR-dt2/4 appel 3701 pas 926 etage 1 x=0x1.3c27e28f40000p+9 libm=0x1.c620741dce7f6p+55 cr=0x1.c620741dce7f7p+55 (libm - cr = -1.0 ulp)
[01:12:48Z] K1-DUR-dt2/4 appel 3731 pas 933 etage 3 x=0x1.3efe9e2080000p+9 libm=0x1.df2606a6c71f2p+55 cr=0x1.df2606a6c71f3p+55 (libm - cr = -1.0 ulp)
[01:12:48Z] K1-DUR-dt2/4 appel 3739 pas 935 etage 3 x=0x1.3fc2e49000000p+9 libm=0x1.e61996de92a1ep+55 cr=0x1.e61996de92a1fp+55 (libm - cr = -1.0 ulp)
[01:12:48Z] K1-DUR-dt2/4 appel 3789 pas 948 etage 1 x=0x1.44a60f3980000p+9 libm=0x1.0a35617a19201p+56 cr=0x1.0a35617a19202p+56 (libm - cr = -1.0 ulp)
[01:12:48Z] K1-DUR-dt2/4 appel 3790 pas 948 etage 2 x=0x1.44d8f81a80000p+9 libm=0x1.0b303cb2f960cp+56 cr=0x1.0b303cb2f960dp+56 (libm - cr = -1.0 ulp)
[01:12:48Z] K1-DUR-dt2/4 appel 3809 pas 953 etage 1 x=0x1.46a6b09d00000p+9 libm=0x1.1436b402fe9a6p+56 cr=0x1.1436b402fe9a7p+56 (libm - cr = -1.0 ulp)
[01:12:48Z] K1-DUR-dt2/4 appel 3824 pas 956 etage 4 x=0x1.4845f2f400000p+9 libm=0x1.1c8bdf4fdfbb5p+56 cr=0x1.1c8bdf4fdfbb6p+56 (libm - cr = -1.0 ulp)
[01:12:48Z] K1-DUR-dt2/4 appel 3848 pas 962 etage 4 x=0x1.4abd9dfa80000p+9 libm=0x1.299f65594847bp+56 cr=0x1.299f65594847cp+56 (libm - cr = -1.0 ulp)
[01:12:48Z] K1-DUR-dt2/4 appel 3849 pas 963 etage 1 x=0x1.4abd9df300000p+9 libm=0x1.299f6530c9cfep+56 cr=0x1.299f6530c9cffp+56 (libm - cr = -1.0 ulp)
[01:12:48Z] K1-DUR-dt2/4 appel 3871 pas 968 etage 3 x=0x1.4d0a269f00000p+9 libm=0x1.3640bdd777fc2p+56 cr=0x1.3640bdd777fc3p+56 (libm - cr = -1.0 ulp)
[01:12:48Z] K1-DUR-dt2/4 appel 3901 pas 976 etage 1 x=0x1.503b9cee00000p+9 libm=0x1.4888dc9da6aeep+56 cr=0x1.4888dc9da6aefp+56 (libm - cr = -1.0 ulp)
[01:12:48Z] K1-DUR-dt2/4 appel 3968 pas 992 etage 4 x=0x1.57bbaa1f80000p+9 libm=0x1.770821211c287p+56 cr=0x1.770821211c288p+56 (libm - cr = -1.0 ulp)
[01:12:48Z] K1-DUR-dt2/4 appel 4023 pas 1006 etage 3 x=0x1.5df6b01d80000p+9 libm=0x1.a1b66fb0b8d06p+56 cr=0x1.a1b66fb0b8d07p+56 (libm - cr = -1.0 ulp)
[01:12:48Z] K1-DUR-dt2/4 appel 4060 pas 1015 etage 4 x=0x1.6280ad6100000p+9 libm=0x1.c34a99ba64ed1p+56 cr=0x1.c34a99ba64ed2p+56 (libm - cr = -1.0 ulp)
[01:12:48Z] K1-DUR-dt2/4 appel 4075 pas 1019 etage 3 x=0x1.6435730800000p+9 libm=0x1.d07b22853efa6p+56 cr=0x1.d07b22853efa7p+56 (libm - cr = -1.0 ulp)
[01:12:48Z] K1-DUR-dt2/4 appel 4097 pas 1025 etage 1 x=0x1.66ed52f380000p+9 libm=0x1.e6286876d09b0p+56 cr=0x1.e6286876d09b1p+56 (libm - cr = -1.0 ulp)
[01:12:48Z] K1-DUR-dt2/4 appel 4101 pas 1026 etage 1 x=0x1.676d246b00000p+9 libm=0x1.ea3ac97e325d3p+56 cr=0x1.ea3ac97e325d4p+56 (libm - cr = -1.0 ulp)
[01:12:48Z] K1-DUR-dt2/4 appel 4111 pas 1028 etage 3 x=0x1.68ae7ef800000p+9 libm=0x1.f497aa339a3aep+56 cr=0x1.f497aa339a3afp+56 (libm - cr = -1.0 ulp)
[01:12:48Z] K1-DUR-dt2/4 appel 4119 pas 1030 etage 3 x=0x1.69b15cf180000p+9 libm=0x1.fd1287e426ccep+56 cr=0x1.fd1287e426ccfp+56 (libm - cr = -1.0 ulp)
[01:12:48Z] K1-DUR-dt2/4 appel 4134 pas 1034 etage 2 x=0x1.6bbbece180000p+9 libm=0x1.07471b49911eep+57 cr=0x1.07471b49911efp+57 (libm - cr = -1.0 ulp)
[01:12:48Z] K1-DUR-dt2/4 appel 4148 pas 1037 etage 4 x=0x1.6d8aca1880000p+9 libm=0x1.0f3a6ef6d3028p+57 cr=0x1.0f3a6ef6d3029p+57 (libm - cr = -1.0 ulp)
[01:12:48Z] K1-DUR-dt2/4 appel 4188 pas 1047 etage 4 x=0x1.72d21eee80000p+9 libm=0x1.2797e2f96d994p+57 cr=0x1.2797e2f96d995p+57 (libm - cr = -1.0 ulp)
[01:12:48Z] K1-DUR-dt2/4 appel 4189 pas 1048 etage 1 x=0x1.72d21ee200000p+9 libm=0x1.2797e2bda4a78p+57 cr=0x1.2797e2bda4a79p+57 (libm - cr = -1.0 ulp)
[01:12:48Z] K1-DUR-dt2/4 appel 4191 pas 1048 etage 3 x=0x1.7316e5df80000p+9 libm=0x1.28e16e0ac0724p+57 cr=0x1.28e16e0ac0725p+57 (libm - cr = -1.0 ulp)
[01:12:48Z] K1-DUR-dt2/4 appel 4219 pas 1055 etage 3 x=0x1.76e4e52400000p+9 libm=0x1.3b9e3f0ad9bb4p+57 cr=0x1.3b9e3f0ad9bb5p+57 (libm - cr = -1.0 ulp)
[01:12:48Z] K1-DUR-dt2/4 appel 4220 pas 1055 etage 4 x=0x1.772b450d80000p+9 libm=0x1.3d02621bf6d7ep+57 cr=0x1.3d02621bf6d7fp+57 (libm - cr = -1.0 ulp)
[01:12:48Z] K1-DUR-dt2/4 appel 4249 pas 1063 etage 1 x=0x1.7b11aeb380000p+9 libm=0x1.514d963c46097p+57 cr=0x1.514d963c46098p+57 (libm - cr = -1.0 ulp)
[01:12:48Z] K1-DUR-dt2/4 appel 4250 pas 1063 etage 2 x=0x1.7b59d51700000p+9 libm=0x1.52cf8196cf47fp+57 cr=0x1.52cf8196cf480p+57 (libm - cr = -1.0 ulp)
[01:12:48Z] K1-DUR-dt2/4 appel 4322 pas 1081 etage 2 x=0x1.85d485b400000p+9 libm=0x1.8efda26bb0fd6p+57 cr=0x1.8efda26bb0fd7p+57 (libm - cr = -1.0 ulp)
[01:12:48Z] K1-DUR-dt2/4 appel 4336 pas 1084 etage 4 x=0x1.87f1c12700000p+9 libm=0x1.9c26bab79c839p+57 cr=0x1.9c26bab79c83ap+57 (libm - cr = -1.0 ulp)
[01:12:48Z] K1-DUR-dt2/4 appel 4356 pas 1089 etage 4 x=0x1.8b02696700000p+9 libm=0x1.afdf323c9065ap+57 cr=0x1.afdf323c9065bp+57 (libm - cr = -1.0 ulp)
[01:12:48Z] K1-DUR-dt2/4 appel 4362 pas 1091 etage 2 x=0x1.8bf0709a00000p+9 libm=0x1.b601dc1608553p+57 cr=0x1.b601dc1608554p+57 (libm - cr = -1.0 ulp)
[01:12:48Z] K1-DUR-dt2/4 appel 4392 pas 1098 etage 4 x=0x1.90aa30f300000p+9 libm=0x1.d65303041dd59p+57 cr=0x1.d65303041dd5ap+57 (libm - cr = -1.0 ulp)
[01:12:48Z] K1-DUR-dt2/4 appel 4399 pas 1100 etage 3 x=0x1.91a01d0b00000p+9 libm=0x1.dd217f0b9c68dp+57 cr=0x1.dd217f0b9c68ep+57 (libm - cr = -1.0 ulp)
[01:12:48Z] K1-DUR-dt2/4 appel 4424 pas 1106 etage 4 x=0x1.95d8e5cd00000p+9 libm=0x1.fc06a2e0a47dcp+57 cr=0x1.fc06a2e0a47ddp+57 (libm - cr = -1.0 ulp)
[01:12:48Z] K1-DUR-dt2/4 appel 4492 pas 1123 etage 4 x=0x1.a160bf6100000p+9 libm=0x1.2c82389233fe8p+58 cr=0x1.2c82389233fe9p+58 (libm - cr = -1.0 ulp)
[01:12:48Z] K1-DUR-dt2/4 appel 4499 pas 1125 etage 3 x=0x1.a26e65a600000p+9 libm=0x1.311677b5aff0bp+58 cr=0x1.311677b5aff0cp+58 (libm - cr = -1.0 ulp)
[01:12:48Z] K1-DUR-dt2/4 appel 4555 pas 1139 etage 3 x=0x1.ac8e3bc100000p+9 libm=0x1.6025796b2e7dbp+58 cr=0x1.6025796b2e7dcp+58 (libm - cr = -1.0 ulp)
[01:12:48Z] K1-DUR-dt2/4 appel 4563 pas 1141 etage 3 x=0x1.ae0c159400000p+9 libm=0x1.67908b84cabdap+58 cr=0x1.67908b84cabdbp+58 (libm - cr = -1.0 ulp)
[01:12:48Z] K1-DUR-dt2/4 appel 4580 pas 1145 etage 4 x=0x1.b17230cc00000p+9 libm=0x1.78f4b50bcefdap+58 cr=0x1.78f4b50bcefd9p+58 (libm - cr = +1.0 ulp)
[01:12:48Z] K1-DUR-dt2/4 appel 4583 pas 1146 etage 3 x=0x1.b1d3eeaf00000p+9 libm=0x1.7af3d9e8767fep+58 cr=0x1.7af3d9e8767ffp+58 (libm - cr = -1.0 ulp)
[01:12:48Z] K1-DUR-dt2/4 appel 4589 pas 1148 etage 1 x=0x1.b2f9efda00000p+9 libm=0x1.8102fa9ba71cap+58 cr=0x1.8102fa9ba71cbp+58 (libm - cr = -1.0 ulp)
[01:12:48Z] K1-DUR-dt2/4 appel 4599 pas 1150 etage 3 x=0x1.b4e81e7c00000p+9 libm=0x1.8b60c5278c632p+58 cr=0x1.8b60c5278c633p+58 (libm - cr = -1.0 ulp)
[01:12:48Z] K1-DUR-dt2/4 appel 4614 pas 1154 etage 2 x=0x1.b808cd3600000p+9 libm=0x1.9caac796e46c2p+58 cr=0x1.9caac796e46c3p+58 (libm - cr = -1.0 ulp)
[01:12:48Z] K1-DUR-dt2/4 appel 4620 pas 1155 etage 4 x=0x1.b93892d700000p+9 libm=0x1.a3639ed65f3aep+58 cr=0x1.a3639ed65f3afp+58 (libm - cr = -1.0 ulp)
[01:12:48Z] K1-DUR-dt2/4 appel 4621 pas 1156 etage 1 x=0x1.b93892bc00000p+9 libm=0x1.a3639e3c63497p+58 cr=0x1.a3639e3c63498p+58 (libm - cr = -1.0 ulp)
[01:12:48Z] K1-DUR-dt2/4 appel 4626 pas 1157 etage 2 x=0x1.ba69fce800000p+9 libm=0x1.aa3d403781cdfp+58 cr=0x1.aa3d403781ce0p+58 (libm - cr = -1.0 ulp)
[01:12:48Z] K1-DUR-dt2/4 appel 4666 pas 1167 etage 2 x=0x1.c28f517800000p+9 libm=0x1.db8c7afee7f17p+58 cr=0x1.db8c7afee7f18p+58 (libm - cr = -1.0 ulp)
[01:12:48Z] K1-DUR-dt2/4 appel 4669 pas 1168 etage 1 x=0x1.c2f9f81000000p+9 libm=0x1.de31704124e60p+58 cr=0x1.de31704124e61p+58 (libm - cr = -1.0 ulp)
[01:12:48Z] K1-DUR-dt2/4 appel 4725 pas 1182 etage 1 x=0x1.cefdce7800000p+9 libm=0x1.17f46dc8b413cp+59 cr=0x1.17f46dc8b413dp+59 (libm - cr = -1.0 ulp)
[01:12:48Z] K1-DUR-dt2/4 appel 4728 pas 1182 etage 4 x=0x1.cfe098b300000p+9 libm=0x1.1b2f2aaf935f4p+59 cr=0x1.1b2f2aaf935f5p+59 (libm - cr = -1.0 ulp)
[01:12:48Z] K1-DUR-dt2/4 appel 4745 pas 1187 etage 1 x=0x1.d3759b6100000p+9 libm=0x1.288f89b5f63d6p+59 cr=0x1.288f89b5f63d7p+59 (libm - cr = -1.0 ulp)
[01:12:48Z] K1-DUR-dt2/4 appel 4770 pas 1193 etage 2 x=0x1.d96a20b400000p+9 libm=0x1.3ff68c5830d9ap+59 cr=0x1.3ff68c5830d9bp+59 (libm - cr = -1.0 ulp)
[01:12:48Z] K1-DUR-dt2/4 appel 4781 pas 1196 etage 1 x=0x1.dbc0616400000p+9 libm=0x1.498eb42c6b568p+59 cr=0x1.498eb42c6b569p+59 (libm - cr = -1.0 ulp)
[01:12:48Z] K1-DUR-dt2/4 appel 4802 pas 1201 etage 2 x=0x1.e0fbcc5600000p+9 libm=0x1.5fe8fc773a39dp+59 cr=0x1.5fe8fc773a39ep+59 (libm - cr = -1.0 ulp)
[01:12:48Z] K1-DUR-dt2/4 appel 4867 pas 1217 etage 3 x=0x1.f0f8f97000000p+9 libm=0x1.ac32b03133d5cp+59 cr=0x1.ac32b03133d5dp+59 (libm - cr = -1.0 ulp)
[01:12:48Z] K1-DUR-dt2/4 appel 4892 pas 1223 etage 4 x=0x1.f7d0a3f200000p+9 libm=0x1.d0cfb7759b7e9p+59 cr=0x1.d0cfb7759b7eap+59 (libm - cr = -1.0 ulp)
[01:12:48Z] K1-DUR-dt2/4 appel 4914 pas 1229 etage 2 x=0x1.fdc5ce0e00000p+9 libm=0x1.f2c7d254d4339p+59 cr=0x1.f2c7d254d433ap+59 (libm - cr = -1.0 ulp)
[01:12:48Z] K1-DUR-dt2/4 appel 4922 pas 1231 etage 2 x=0x1.fffa97f600000p+9 libm=0x1.ffdf909f34f4dp+59 cr=0x1.ffdf909f34f4ep+59 (libm - cr = -1.0 ulp)
[01:12:48Z] K1-DUR-dt2/4 appel 4940 pas 1235 etage 4 x=0x1.0282f27500000p+10 libm=0x1.0f718b75f7a77p+60 cr=0x1.0f718b75f7a78p+60 (libm - cr = -1.0 ulp)
[01:12:48Z] K1-DUR-dt2/4 appel 4942 pas 1236 etage 2 x=0x1.02cb78b600000p+10 libm=0x1.113bb6923f321p+60 cr=0x1.113bb6923f322p+60 (libm - cr = -1.0 ulp)
[01:12:48Z] K1-DUR-dt2/4 appel 4963 pas 1241 etage 3 x=0x1.05abc95c00000p+10 libm=0x1.23f79e1d96971p+60 cr=0x1.23f79e1d96972p+60 (libm - cr = -1.0 ulp)
[01:12:48Z] K1-DUR-dt2/4 appel 4980 pas 1245 etage 4 x=0x1.0852263a00000p+10 libm=0x1.362993811c942p+60 cr=0x1.362993811c943p+60 (libm - cr = -1.0 ulp)
[01:12:48Z] K1-DUR-dt2/4 appel 4989 pas 1248 etage 1 x=0x1.0984ad7300000p+10 libm=0x1.3eb04dd5d0e0ep+60 cr=0x1.3eb04dd5d0e0fp+60 (libm - cr = -1.0 ulp)
[01:12:48Z] K1-DUR-dt2/4 appel 5027 pas 1257 etage 3 x=0x1.0f6093aa00000p+10 libm=0x1.6b4789cfeef63p+60 cr=0x1.6b4789cfeef64p+60 (libm - cr = -1.0 ulp)
[01:12:48Z] K1-DUR-dt2/4 appel 5030 pas 1258 etage 2 x=0x1.100296c800000p+10 libm=0x1.70646a4216259p+60 cr=0x1.70646a421625ap+60 (libm - cr = -1.0 ulp)
[01:12:48Z] K1-DUR-dt2/4 appel 5034 pas 1259 etage 2 x=0x1.10a5aac500000p+10 libm=0x1.75995eb720aa3p+60 cr=0x1.75995eb720aa4p+60 (libm - cr = -1.0 ulp)
[01:12:48Z] K1-DUR-dt2/4 appel 5039 pas 1260 etage 3 x=0x1.1149d2c600000p+10 libm=0x1.7ae6f4f29f7e5p+60 cr=0x1.7ae6f4f29f7e6p+60 (libm - cr = -1.0 ulp)
[01:12:48Z] K1-DUR-dt2/4 appel 5055 pas 1264 etage 3 x=0x1.13e25a1200000p+10 libm=0x1.9103ef9339157p+60 cr=0x1.9103ef9339158p+60 (libm - cr = -1.0 ulp)
[01:12:48Z] K1-DUR-dt2/4 appel 5057 pas 1265 etage 1 x=0x1.14364e7900000p+10 libm=0x1.93e251051ea56p+60 cr=0x1.93e251051ea57p+60 (libm - cr = -1.0 ulp)
[01:12:48Z] K1-DUR-dt2/4 appel 5058 pas 1265 etage 2 x=0x1.148a7c4800000p+10 libm=0x1.96c70c8144909p+60 cr=0x1.96c70c814490ap+60 (libm - cr = -1.0 ulp)
[01:12:48Z] K1-DUR-dt2/4 appel 5063 pas 1266 etage 3 x=0x1.1533f9cd00000p+10 libm=0x1.9ca7e65fd7493p+60 cr=0x1.9ca7e65fd7494p+60 (libm - cr = -1.0 ulp)
[01:12:48Z] K1-DUR-dt2/4 appel 5064 pas 1266 etage 4 x=0x1.1588d63a00000p+10 libm=0x1.9fa022a6b9df3p+60 cr=0x1.9fa022a6b9df4p+60 (libm - cr = -1.0 ulp)
[01:12:48Z] K1-DUR-dt2/4 appel 5066 pas 1267 etage 2 x=0x1.15ddecb400000p+10 libm=0x1.a29ef96ab1cb7p+60 cr=0x1.a29ef96ab1cb8p+60 (libm - cr = -1.0 ulp)
[01:12:48Z] K1-DUR-dt2/4 appel 5126 pas 1282 etage 2 x=0x1.20499ba400000p+10 libm=0x1.050d0d2845cc4p+61 cr=0x1.050d0d2845cc5p+61 (libm - cr = -1.0 ulp)
[01:12:48Z] K1-DUR-dt2/4 appel 5127 pas 1282 etage 3 x=0x1.2049de6600000p+10 libm=0x1.050e77dd6b1e2p+61 cr=0x1.050e77dd6b1e3p+61 (libm - cr = -1.0 ulp)
[01:12:48Z] K1-DUR-dt2/4 appel 5129 pas 1283 etage 1 x=0x1.20a68e6c00000p+10 libm=0x1.0707a537e2d00p+61 cr=0x1.0707a537e2cffp+61 (libm - cr = +1.0 ulp)
[01:12:48Z] K1-DUR-dt2/4 appel 5171 pas 1293 etage 3 x=0x1.28827b8c00000p+10 libm=0x1.3508378da2c54p+61 cr=0x1.3508378da2c55p+61 (libm - cr = -1.0 ulp)
[01:12:48Z] K1-DUR-dt2/4 appel 5186 pas 1297 etage 2 x=0x1.2ba1788000000p+10 libm=0x1.4911f20221c9cp+61 cr=0x1.4911f20221c9dp+61 (libm - cr = -1.0 ulp)
[01:12:48Z] K1-DUR-dt2/4 appel 5214 pas 1304 etage 2 x=0x1.3146cff800000p+10 libm=0x1.7012200f85f9bp+61 cr=0x1.7012200f85f9cp+61 (libm - cr = -1.0 ulp)
[01:12:48Z] K1-DUR-dt2/4 appel 5225 pas 1307 etage 1 x=0x1.335a291e00000p+10 libm=0x1.7f57ec7032576p+61 cr=0x1.7f57ec7032577p+61 (libm - cr = -1.0 ulp)
[01:12:48Z] K1-DUR-dt2/4 appel 5234 pas 1309 etage 2 x=0x1.3575601000000p+10 libm=0x1.8f60e37307488p+61 cr=0x1.8f60e37307489p+61 (libm - cr = -1.0 ulp)
[01:12:48Z] K1-DUR-dt2/4 appel 5261 pas 1316 etage 1 x=0x1.3b17b8a000000p+10 libm=0x1.bd0a7705b86a2p+61 cr=0x1.bd0a7705b86a3p+61 (libm - cr = -1.0 ulp)
[01:12:48Z] K1-DUR-dt2/4 appel 5270 pas 1318 etage 2 x=0x1.3d521b0600000p+10 libm=0x1.d0426ee6616adp+61 cr=0x1.d0426ee6616aep+61 (libm - cr = -1.0 ulp)
[01:12:48Z] K1-DUR-dt2/4 appel 5277 pas 1320 etage 1 x=0x1.3ead02ea00000p+10 libm=0x1.dc48657590603p+61 cr=0x1.dc48657590604p+61 (libm - cr = -1.0 ulp)
[01:12:48Z] K1-DUR-dt2/4 appel 5285 pas 1322 etage 1 x=0x1.4080866a00000p+10 libm=0x1.ece54e94ab707p+61 cr=0x1.ece54e94ab708p+61 (libm - cr = -1.0 ulp)
[01:12:48Z] K1-DUR-dt2/4 appel 5317 pas 1330 etage 1 x=0x1.480c8c7800000p+10 libm=0x1.1b61dad964094p+62 cr=0x1.1b61dad964095p+62 (libm - cr = -1.0 ulp)
[01:12:48Z] K1-DUR-dt2/4 appel 5320 pas 1330 etage 4 x=0x1.49054a1400000p+10 libm=0x1.2074ac7187179p+62 cr=0x1.2074ac718717ap+62 (libm - cr = -1.0 ulp)
[01:12:48Z] K1-DUR-dt2/4 appel 5339 pas 1335 etage 3 x=0x1.4d79ac7600000p+10 libm=0x1.38b22343a2cbcp+62 cr=0x1.38b22343a2cbdp+62 (libm - cr = -1.0 ulp)
[01:12:48Z] K1-DUR-dt2/4 appel 5365 pas 1342 etage 1 x=0x1.54272e0400000p+10 libm=0x1.60329496bc157p+62 cr=0x1.60329496bc158p+62 (libm - cr = -1.0 ulp)
[01:12:48Z] K1-DUR-dt2/4 appel 5369 pas 1343 etage 1 x=0x1.5535169400000p+10 libm=0x1.66cc6bf427333p+62 cr=0x1.66cc6bf427334p+62 (libm - cr = -1.0 ulp)
[01:12:48Z] K1-DUR-dt2/4 appel 5417 pas 1355 etage 1 x=0x1.6275856800000p+10 libm=0x1.c2f56a0cfdd25p+62 cr=0x1.c2f56a0cfdd26p+62 (libm - cr = -1.0 ulp)
[01:12:48Z] K1-DUR-dt2/4 appel 5432 pas 1358 etage 4 x=0x1.672370dc00000p+10 libm=0x1.e7e0db08d5ec8p+62 cr=0x1.e7e0db08d5ec9p+62 (libm - cr = -1.0 ulp)
[01:12:48Z] K1-DUR-dt2/4 appel 5441 pas 1361 etage 1 x=0x1.6987dbf800000p+10 libm=0x1.fbb46e46b486ap+62 cr=0x1.fbb46e46b486bp+62 (libm - cr = -1.0 ulp)
[01:12:48Z] K1-DUR-dt2/4 appel 5442 pas 1361 etage 2 x=0x1.6a221cc000000p+10 libm=0x1.0066ca86e9c02p+63 cr=0x1.0066ca86e9c03p+63 (libm - cr = -1.0 ulp)
[01:12:48Z] K1-DUR-dt2/4 appel 5454 pas 1364 etage 2 x=0x1.6dcdb2cc00000p+10 libm=0x1.1064d74006c07p+63 cr=0x1.1064d74006c08p+63 (libm - cr = -1.0 ulp)
[01:12:48Z] K1-DUR-dt2/4 appel 5545 pas 1387 etage 1 x=0x1.8c433e1000000p+10 libm=0x1.b82895bb55ad5p+63 cr=0x1.b82895bb55ad6p+63 (libm - cr = -1.0 ulp)
[01:12:48Z] K1-DUR-dt2/4 appel 5551 pas 1388 etage 3 x=0x1.8e80192800000p+10 libm=0x1.c748c64478ce5p+63 cr=0x1.c748c64478ce6p+63 (libm - cr = -1.0 ulp)
[01:12:48Z] K1-DUR-dt2/4 appel 5563 pas 1391 etage 3 x=0x1.930f207800000p+10 libm=0x1.e771062179867p+63 cr=0x1.e771062179868p+63 (libm - cr = -1.0 ulp)
[01:12:48Z] K1-DUR-dt2/4 appel 5567 pas 1392 etage 3 x=0x1.949ad90800000p+10 libm=0x1.f2c4191fe0492p+63 cr=0x1.f2c4191fe0493p+63 (libm - cr = -1.0 ulp)
[01:12:48Z] K1-DUR-dt2/4 appel 5589 pas 1398 etage 1 x=0x1.9d59745c00000p+10 libm=0x1.1b8536af1b0eap+64 cr=0x1.1b8536af1b0ebp+64 (libm - cr = -1.0 ulp)
[01:12:48Z] K1-DUR-dt2/4 appel 5634 pas 1409 etage 2 x=0x1.b116c0b800000p+10 libm=0x1.7718904dad571p+64 cr=0x1.7718904dad572p+64 (libm - cr = -1.0 ulp)
[01:12:48Z] K1-DUR-dt2/4 appel 5662 pas 1416 etage 2 x=0x1.be2f508000000p+10 libm=0x1.c081b7eace480p+64 cr=0x1.c081b7eace481p+64 (libm - cr = -1.0 ulp)
[01:12:48Z] K1-DUR-dt2/4 appel 5665 pas 1417 etage 1 x=0x1.bf28293000000p+10 libm=0x1.c666c3d5635c7p+64 cr=0x1.c666c3d5635c8p+64 (libm - cr = -1.0 ulp)
[01:12:48Z] K1-DUR-dt2/4 appel 5669 pas 1418 etage 1 x=0x1.c11c501800000p+10 libm=0x1.d271cce742464p+64 cr=0x1.d271cce742465p+64 (libm - cr = -1.0 ulp)
[01:12:48Z] K1-DUR-dt2/4 appel 5700 pas 1425 etage 4 x=0x1.d17624a800000p+10 libm=0x1.21095b62f4182p+65 cr=0x1.21095b62f4183p+65 (libm - cr = -1.0 ulp)
[01:12:48Z] K1-DUR-dt2/4 appel 5721 pas 1431 etage 1 x=0x1.dc61b4c000000p+10 libm=0x1.4c2f704712d35p+65 cr=0x1.4c2f704712d36p+65 (libm - cr = -1.0 ulp)
[01:12:48Z] K1-DUR-dt2/4 appel 5722 pas 1431 etage 2 x=0x1.dd80a7f000000p+10 libm=0x1.50e714739aac3p+65 cr=0x1.50e714739aac4p+65 (libm - cr = -1.0 ulp)
[01:12:48Z] K1-DUR-dt2/4 appel 5758 pas 1440 etage 2 x=0x1.f2ce2d4800000p+10 libm=0x1.b5c2c9da01a51p+65 cr=0x1.b5c2c9da01a52p+65 (libm - cr = -1.0 ulp)
[01:12:48Z] K1-DUR-dt2/4 appel 5761 pas 1441 etage 1 x=0x1.f40e33b000000p+10 libm=0x1.bc628aaab3f5ep+65 cr=0x1.bc628aaab3f5fp+65 (libm - cr = -1.0 ulp)
[01:12:48Z] K1-DUR-dt2/4 appel 5764 pas 1441 etage 4 x=0x1.f691e7a800000p+10 libm=0x1.c9f6387c6c83ap+65 cr=0x1.c9f6387c6c83bp+65 (libm - cr = -1.0 ulp)
[01:12:48Z] K1-DUR-dt2/4 appel 5767 pas 1442 etage 3 x=0x1.f7d764e800000p+10 libm=0x1.d0f51b6089245p+65 cr=0x1.d0f51b6089246p+65 (libm - cr = -1.0 ulp)
[01:12:48Z] K1-DUR-dt2/4 appel 5834 pas 1459 etage 2 x=0x1.13d9f38800000p+11 libm=0x1.90bab178d2377p+66 cr=0x1.90bab178d2378p+66 (libm - cr = -1.0 ulp)
[01:12:48Z] K1-DUR-dt2/4 appel 5840 pas 1460 etage 4 x=0x1.16373f3000000p+11 libm=0x1.a5c8ecb1eb845p+66 cr=0x1.a5c8ecb1eb846p+66 (libm - cr = -1.0 ulp)
[01:12:48Z] K1-DUR-dt2/4 appel 5841 pas 1461 etage 1 x=0x1.16373d0800000p+11 libm=0x1.a5c8d914d064bp+66 cr=0x1.a5c8d914d064cp+66 (libm - cr = -1.0 ulp)
[01:12:48Z] K1-DUR-dt2/4 appel 5846 pas 1462 etage 2 x=0x1.189f000800000p+11 libm=0x1.bc2468520f535p+66 cr=0x1.bc2468520f536p+66 (libm - cr = -1.0 ulp)
[01:12:48Z] K1-DUR-dt2/4 appel 5872 pas 1468 etage 4 x=0x1.23a00f2000000p+11 libm=0x1.17b7dd0c55da8p+67 cr=0x1.17b7dd0c55da9p+67 (libm - cr = -1.0 ulp)
[01:12:48Z] K1-DUR-dt2/4 appel 5879 pas 1470 etage 3 x=0x1.264e8a6800000p+11 libm=0x1.27828520fd8b6p+67 cr=0x1.27828520fd8b7p+67 (libm - cr = -1.0 ulp)
[01:12:48Z] K1-DUR-dt2/4 appel 5886 pas 1472 etage 2 x=0x1.29f5962800000p+11 libm=0x1.3e356d33fff9ep+67 cr=0x1.3e356d33fff9fp+67 (libm - cr = -1.0 ulp)
[01:12:48Z] K1-DUR-dt2/4 appel 5893 pas 1474 etage 1 x=0x1.2cc64e4000000p+11 libm=0x1.50ae1885bbdccp+67 cr=0x1.50ae1885bbdcdp+67 (libm - cr = -1.0 ulp)
[01:12:48Z] K1-DUR-dt2/4 appel 5911 pas 1478 etage 3 x=0x1.3595db5000000p+11 libm=0x1.905caa0ed2291p+67 cr=0x1.905caa0ed2292p+67 (libm - cr = -1.0 ulp)
[01:12:48Z] K1-DUR-dt2/4 appel 5927 pas 1482 etage 3 x=0x1.3deafb7800000p+11 libm=0x1.d586c54efd392p+67 cr=0x1.d586c54efd393p+67 (libm - cr = -1.0 ulp)
[01:12:48Z] K1-DUR-dt2/4 appel 5943 pas 1486 etage 3 x=0x1.46c5ca4000000p+11 libm=0x1.14d4a36148360p+68 cr=0x1.14d4a36148361p+68 (libm - cr = -1.0 ulp)
[01:12:48Z] K1-DUR-dt2/4 appel 5947 pas 1487 etage 3 x=0x1.4912ec2000000p+11 libm=0x1.20bc6a6e53028p+68 cr=0x1.20bc6a6e53029p+68 (libm - cr = -1.0 ulp)
[01:12:48Z] K1-DUR-dt2/4 appel 5948 pas 1487 etage 4 x=0x1.4a3bda4000000p+11 libm=0x1.26e573229e040p+68 cr=0x1.26e573229e041p+68 (libm - cr = -1.0 ulp)
[01:12:48Z] K1-DUR-dt2/4 appel 5955 pas 1489 etage 3 x=0x1.4dc9adb000000p+11 libm=0x1.3a754f9a6c5a6p+68 cr=0x1.3a754f9a6c5a7p+68 (libm - cr = -1.0 ulp)
[01:12:48Z] K1-DUR-dt2/4 appel 5963 pas 1491 etage 3 x=0x1.52a80a1000000p+11 libm=0x1.57005de14a353p+68 cr=0x1.57005de14a354p+68 (libm - cr = -1.0 ulp)
[01:12:48Z] K1-DUR-dt2/4 appel 5977 pas 1495 etage 1 x=0x1.5b9158d000000p+11 libm=0x1.90d87823e4e39p+68 cr=0x1.90d87823e4e3ap+68 (libm - cr = -1.0 ulp)
[01:12:48Z] K1-DUR-dt2/4 appel 5984 pas 1496 etage 4 x=0x1.60e7a46000000p+11 libm=0x1.b739511dd825ap+68 cr=0x1.b739511dd825bp+68 (libm - cr = -1.0 ulp)
[01:12:48Z] K1-DUR-dt2/4 appel 6000 pas 1500 etage 4 x=0x1.6c27423000000p+11 libm=0x1.091a97545542cp+69 cr=0x1.091a97545542dp+69 (libm - cr = -1.0 ulp)
[01:12:48Z] K1-DUR-dt2/4 appel 6003 pas 1501 etage 3 x=0x1.6d9f7a6000000p+11 libm=0x1.0f9696afb10a2p+69 cr=0x1.0f9696afb10a3p+69 (libm - cr = -1.0 ulp)
[01:12:48Z] K1-DUR-dt2/4 appel 6021 pas 1506 etage 1 x=0x1.7b682e6000000p+11 libm=0x1.531c6d3d963fap+69 cr=0x1.531c6d3d963fbp+69 (libm - cr = -1.0 ulp)
[01:12:48Z] K1-DUR-dt2/4 appel 6028 pas 1507 etage 4 x=0x1.81ebade000000p+11 libm=0x1.77938407d72f0p+69 cr=0x1.77938407d72f1p+69 (libm - cr = -1.0 ulp)
[01:12:48Z] K1-DUR-dt2/4 appel 6031 pas 1508 etage 3 x=0x1.8398ae2000000p+11 libm=0x1.8177e0e9c2c10p+69 cr=0x1.8177e0e9c2c11p+69 (libm - cr = -1.0 ulp)
[01:12:48Z] K1-DUR-dt2/4 appel 6047 pas 1512 etage 3 x=0x1.918cba8000000p+11 libm=0x1.dc9762b8ad80ap+69 cr=0x1.dc9762b8ad80bp+69 (libm - cr = -1.0 ulp)
[01:12:48Z] EFFET-dt2/4  cas dur K1 appel 66 (pas 17) corrige seul : premier pas qui differe None, x_fin deplace de +0.0 ulp(x1) -> ABSORBE
[01:12:48Z] EFFET-dt2/4  cas dur K1 appel 100 (pas 25) corrige seul : premier pas qui differe None, x_fin deplace de +0.0 ulp(x1) -> ABSORBE
[01:12:48Z] EFFET-dt2/4  cas dur K1 appel 124 (pas 31) corrige seul : premier pas qui differe None, x_fin deplace de +0.0 ulp(x1) -> ABSORBE
[01:12:48Z] EFFET-dt2/4  cas dur K1 appel 141 (pas 36) corrige seul : premier pas qui differe None, x_fin deplace de +0.0 ulp(x1) -> ABSORBE
[01:12:48Z] EFFET-dt2/4  cas dur K1 appel 164 (pas 41) corrige seul : premier pas qui differe None, x_fin deplace de +0.0 ulp(x1) -> ABSORBE
[01:12:48Z] EFFET-dt2/4  cas dur K1 appel 187 (pas 47) corrige seul : premier pas qui differe None, x_fin deplace de +0.0 ulp(x1) -> ABSORBE
[01:12:48Z] EFFET-dt2/4  cas dur K1 appel 210 (pas 53) corrige seul : premier pas qui differe None, x_fin deplace de +0.0 ulp(x1) -> ABSORBE
[01:12:48Z] EFFET-dt2/4  cas dur K1 appel 249 (pas 63) corrige seul : premier pas qui differe None, x_fin deplace de +0.0 ulp(x1) -> ABSORBE
[01:12:48Z] EFFET-dt2/4  cas dur K1 appel 278 (pas 70) corrige seul : premier pas qui differe None, x_fin deplace de +0.0 ulp(x1) -> ABSORBE
[01:12:48Z] EFFET-dt2/4  cas dur K1 appel 296 (pas 74) corrige seul : premier pas qui differe None, x_fin deplace de +0.0 ulp(x1) -> ABSORBE
[01:12:48Z] EFFET-dt2/4  cas dur K1 appel 308 (pas 77) corrige seul : premier pas qui differe None, x_fin deplace de +0.0 ulp(x1) -> ABSORBE
[01:12:48Z] EFFET-dt2/4  cas dur K1 appel 338 (pas 85) corrige seul : premier pas qui differe None, x_fin deplace de +0.0 ulp(x1) -> ABSORBE
[01:12:48Z] EFFET-dt2/4  cas dur K1 appel 344 (pas 86) corrige seul : premier pas qui differe None, x_fin deplace de +0.0 ulp(x1) -> ABSORBE
[01:12:48Z] EFFET-dt2/4  cas dur K1 appel 360 (pas 90) corrige seul : premier pas qui differe None, x_fin deplace de +0.0 ulp(x1) -> ABSORBE
[01:12:48Z] EFFET-dt2/4  cas dur K1 appel 364 (pas 91) corrige seul : premier pas qui differe None, x_fin deplace de +0.0 ulp(x1) -> ABSORBE
[01:12:48Z] EFFET-dt2/4  cas dur K1 appel 378 (pas 95) corrige seul : premier pas qui differe None, x_fin deplace de +0.0 ulp(x1) -> ABSORBE
[01:12:48Z] EFFET-dt2/4  cas dur K1 appel 490 (pas 123) corrige seul : premier pas qui differe None, x_fin deplace de +0.0 ulp(x1) -> ABSORBE
[01:12:48Z] EFFET-dt2/4  cas dur K1 appel 492 (pas 123) corrige seul : premier pas qui differe None, x_fin deplace de +0.0 ulp(x1) -> ABSORBE
[01:12:48Z] EFFET-dt2/4  cas dur K1 appel 510 (pas 128) corrige seul : premier pas qui differe None, x_fin deplace de +0.0 ulp(x1) -> ABSORBE
[01:12:48Z] EFFET-dt2/4  cas dur K1 appel 521 (pas 131) corrige seul : premier pas qui differe None, x_fin deplace de +0.0 ulp(x1) -> ABSORBE
[01:12:48Z] EFFET-dt2/4  cas dur K1 appel 565 (pas 142) corrige seul : premier pas qui differe None, x_fin deplace de +0.0 ulp(x1) -> ABSORBE
[01:12:48Z] EFFET-dt2/4  cas dur K1 appel 577 (pas 145) corrige seul : premier pas qui differe None, x_fin deplace de +0.0 ulp(x1) -> ABSORBE
[01:12:48Z] EFFET-dt2/4  cas dur K1 appel 598 (pas 150) corrige seul : premier pas qui differe None, x_fin deplace de +0.0 ulp(x1) -> ABSORBE
[01:12:48Z] EFFET-dt2/4  cas dur K1 appel 640 (pas 160) corrige seul : premier pas qui differe None, x_fin deplace de +0.0 ulp(x1) -> ABSORBE
[01:12:48Z] EFFET-dt2/4  cas dur K1 appel 643 (pas 161) corrige seul : premier pas qui differe None, x_fin deplace de +0.0 ulp(x1) -> ABSORBE
[01:12:48Z] EFFET-dt2/4  cas dur K1 appel 670 (pas 168) corrige seul : premier pas qui differe None, x_fin deplace de +0.0 ulp(x1) -> ABSORBE
[01:12:48Z] EFFET-dt2/4  cas dur K1 appel 699 (pas 175) corrige seul : premier pas qui differe None, x_fin deplace de +0.0 ulp(x1) -> ABSORBE
[01:12:48Z] EFFET-dt2/4  cas dur K1 appel 703 (pas 176) corrige seul : premier pas qui differe None, x_fin deplace de +0.0 ulp(x1) -> ABSORBE
[01:12:48Z] EFFET-dt2/4  cas dur K1 appel 723 (pas 181) corrige seul : premier pas qui differe None, x_fin deplace de +0.0 ulp(x1) -> ABSORBE
[01:12:48Z] EFFET-dt2/4  cas dur K1 appel 730 (pas 183) corrige seul : premier pas qui differe None, x_fin deplace de +0.0 ulp(x1) -> ABSORBE
[01:12:48Z] EFFET-dt2/4  cas dur K1 appel 746 (pas 187) corrige seul : premier pas qui differe None, x_fin deplace de +0.0 ulp(x1) -> ABSORBE
[01:12:48Z] EFFET-dt2/4  cas dur K1 appel 755 (pas 189) corrige seul : premier pas qui differe None, x_fin deplace de +0.0 ulp(x1) -> ABSORBE
[01:12:48Z] EFFET-dt2/4  cas dur K1 appel 802 (pas 201) corrige seul : premier pas qui differe None, x_fin deplace de +0.0 ulp(x1) -> ABSORBE
[01:12:48Z] EFFET-dt2/4  cas dur K1 appel 835 (pas 209) corrige seul : premier pas qui differe None, x_fin deplace de +0.0 ulp(x1) -> ABSORBE
[01:12:48Z] EFFET-dt2/4  cas dur K1 appel 868 (pas 217) corrige seul : premier pas qui differe None, x_fin deplace de +0.0 ulp(x1) -> ABSORBE
[01:12:48Z] EFFET-dt2/4  cas dur K1 appel 887 (pas 222) corrige seul : premier pas qui differe None, x_fin deplace de +0.0 ulp(x1) -> ABSORBE
[01:12:48Z] EFFET-dt2/4  cas dur K1 appel 897 (pas 225) corrige seul : premier pas qui differe None, x_fin deplace de +0.0 ulp(x1) -> ABSORBE
[01:12:48Z] EFFET-dt2/4  cas dur K1 appel 903 (pas 226) corrige seul : premier pas qui differe None, x_fin deplace de +0.0 ulp(x1) -> ABSORBE
[01:12:48Z] EFFET-dt2/4  cas dur K1 appel 942 (pas 236) corrige seul : premier pas qui differe None, x_fin deplace de +0.0 ulp(x1) -> ABSORBE
[01:12:48Z] EFFET-dt2/4  cas dur K1 appel 948 (pas 237) corrige seul : premier pas qui differe None, x_fin deplace de +0.0 ulp(x1) -> ABSORBE
[01:12:48Z] EFFET-dt2/4  cas dur K1 appel 961 (pas 241) corrige seul : premier pas qui differe None, x_fin deplace de +0.0 ulp(x1) -> ABSORBE
[01:12:48Z] EFFET-dt2/4  cas dur K1 appel 1001 (pas 251) corrige seul : premier pas qui differe None, x_fin deplace de +0.0 ulp(x1) -> ABSORBE
[01:12:48Z] EFFET-dt2/4  cas dur K1 appel 1020 (pas 255) corrige seul : premier pas qui differe None, x_fin deplace de +0.0 ulp(x1) -> ABSORBE
[01:12:48Z] EFFET-dt2/4  cas dur K1 appel 1044 (pas 261) corrige seul : premier pas qui differe None, x_fin deplace de +0.0 ulp(x1) -> ABSORBE
[01:12:48Z] EFFET-dt2/4  cas dur K1 appel 1052 (pas 263) corrige seul : premier pas qui differe None, x_fin deplace de +0.0 ulp(x1) -> ABSORBE
[01:12:48Z] EFFET-dt2/4  cas dur K1 appel 1055 (pas 264) corrige seul : premier pas qui differe None, x_fin deplace de +0.0 ulp(x1) -> ABSORBE
[01:12:48Z] EFFET-dt2/4  cas dur K1 appel 1127 (pas 282) corrige seul : premier pas qui differe None, x_fin deplace de +0.0 ulp(x1) -> ABSORBE
[01:12:48Z] EFFET-dt2/4  cas dur K1 appel 1142 (pas 286) corrige seul : premier pas qui differe None, x_fin deplace de +0.0 ulp(x1) -> ABSORBE
[01:12:48Z] EFFET-dt2/4  cas dur K1 appel 1160 (pas 290) corrige seul : premier pas qui differe None, x_fin deplace de +0.0 ulp(x1) -> ABSORBE
[01:12:48Z] EFFET-dt2/4  cas dur K1 appel 1170 (pas 293) corrige seul : premier pas qui differe None, x_fin deplace de +0.0 ulp(x1) -> ABSORBE
[01:12:48Z] EFFET-dt2/4  cas dur K1 appel 1204 (pas 301) corrige seul : premier pas qui differe None, x_fin deplace de +0.0 ulp(x1) -> ABSORBE
[01:12:48Z] EFFET-dt2/4  cas dur K1 appel 1260 (pas 315) corrige seul : premier pas qui differe None, x_fin deplace de +0.0 ulp(x1) -> ABSORBE
[01:12:48Z] EFFET-dt2/4  cas dur K1 appel 1267 (pas 317) corrige seul : premier pas qui differe None, x_fin deplace de +0.0 ulp(x1) -> ABSORBE
[01:12:48Z] EFFET-dt2/4  cas dur K1 appel 1280 (pas 320) corrige seul : premier pas qui differe None, x_fin deplace de +0.0 ulp(x1) -> ABSORBE
[01:12:48Z] EFFET-dt2/4  cas dur K1 appel 1283 (pas 321) corrige seul : premier pas qui differe None, x_fin deplace de +0.0 ulp(x1) -> ABSORBE
[01:12:48Z] EFFET-dt2/4  cas dur K1 appel 1300 (pas 325) corrige seul : premier pas qui differe None, x_fin deplace de +0.0 ulp(x1) -> ABSORBE
[01:12:48Z] EFFET-dt2/4  cas dur K1 appel 1311 (pas 328) corrige seul : premier pas qui differe None, x_fin deplace de +0.0 ulp(x1) -> ABSORBE
[01:12:48Z] EFFET-dt2/4  cas dur K1 appel 1313 (pas 329) corrige seul : premier pas qui differe None, x_fin deplace de +0.0 ulp(x1) -> ABSORBE
[01:12:48Z] EFFET-dt2/4  cas dur K1 appel 1325 (pas 332) corrige seul : premier pas qui differe None, x_fin deplace de +0.0 ulp(x1) -> ABSORBE
[01:12:48Z] EFFET-dt2/4  cas dur K1 appel 1327 (pas 332) corrige seul : premier pas qui differe None, x_fin deplace de +0.0 ulp(x1) -> ABSORBE
[01:12:48Z] EFFET-dt2/4  cas dur K1 appel 1330 (pas 333) corrige seul : premier pas qui differe None, x_fin deplace de +0.0 ulp(x1) -> ABSORBE
[01:12:48Z] EFFET-dt2/4  cas dur K1 appel 1334 (pas 334) corrige seul : premier pas qui differe None, x_fin deplace de +0.0 ulp(x1) -> ABSORBE
[01:12:48Z] EFFET-dt2/4  cas dur K1 appel 1422 (pas 356) corrige seul : premier pas qui differe None, x_fin deplace de +0.0 ulp(x1) -> ABSORBE
[01:12:48Z] EFFET-dt2/4  cas dur K1 appel 1445 (pas 362) corrige seul : premier pas qui differe None, x_fin deplace de +0.0 ulp(x1) -> ABSORBE
[01:12:48Z] EFFET-dt2/4  cas dur K1 appel 1448 (pas 362) corrige seul : premier pas qui differe None, x_fin deplace de +0.0 ulp(x1) -> ABSORBE
[01:12:48Z] EFFET-dt2/4  cas dur K1 appel 1482 (pas 371) corrige seul : premier pas qui differe None, x_fin deplace de +0.0 ulp(x1) -> ABSORBE
[01:12:48Z] EFFET-dt2/4  cas dur K1 appel 1485 (pas 372) corrige seul : premier pas qui differe None, x_fin deplace de +0.0 ulp(x1) -> ABSORBE
[01:12:48Z] EFFET-dt2/4  cas dur K1 appel 1490 (pas 373) corrige seul : premier pas qui differe None, x_fin deplace de +0.0 ulp(x1) -> ABSORBE
[01:12:48Z] EFFET-dt2/4  cas dur K1 appel 1538 (pas 385) corrige seul : premier pas qui differe None, x_fin deplace de +0.0 ulp(x1) -> ABSORBE
[01:12:48Z] EFFET-dt2/4  cas dur K1 appel 1543 (pas 386) corrige seul : premier pas qui differe None, x_fin deplace de +0.0 ulp(x1) -> ABSORBE
[01:12:48Z] EFFET-dt2/4  cas dur K1 appel 1580 (pas 395) corrige seul : premier pas qui differe None, x_fin deplace de +0.0 ulp(x1) -> ABSORBE
[01:12:48Z] EFFET-dt2/4  cas dur K1 appel 1610 (pas 403) corrige seul : premier pas qui differe None, x_fin deplace de +0.0 ulp(x1) -> ABSORBE
[01:12:48Z] EFFET-dt2/4  cas dur K1 appel 1619 (pas 405) corrige seul : premier pas qui differe None, x_fin deplace de +0.0 ulp(x1) -> ABSORBE
[01:12:48Z] EFFET-dt2/4  cas dur K1 appel 1624 (pas 406) corrige seul : premier pas qui differe None, x_fin deplace de +0.0 ulp(x1) -> ABSORBE
[01:12:48Z] EFFET-dt2/4  cas dur K1 appel 1636 (pas 409) corrige seul : premier pas qui differe None, x_fin deplace de +0.0 ulp(x1) -> ABSORBE
[01:12:48Z] EFFET-dt2/4  cas dur K1 appel 1656 (pas 414) corrige seul : premier pas qui differe None, x_fin deplace de +0.0 ulp(x1) -> ABSORBE
[01:12:48Z] EFFET-dt2/4  cas dur K1 appel 1657 (pas 415) corrige seul : premier pas qui differe None, x_fin deplace de +0.0 ulp(x1) -> ABSORBE
[01:12:48Z] EFFET-dt2/4  cas dur K1 appel 1660 (pas 415) corrige seul : premier pas qui differe None, x_fin deplace de +0.0 ulp(x1) -> ABSORBE
[01:12:48Z] EFFET-dt2/4  cas dur K1 appel 1687 (pas 422) corrige seul : premier pas qui differe None, x_fin deplace de +0.0 ulp(x1) -> ABSORBE
[01:12:48Z] EFFET-dt2/4  cas dur K1 appel 1719 (pas 430) corrige seul : premier pas qui differe None, x_fin deplace de +0.0 ulp(x1) -> ABSORBE
[01:12:48Z] EFFET-dt2/4  cas dur K1 appel 1727 (pas 432) corrige seul : premier pas qui differe None, x_fin deplace de +0.0 ulp(x1) -> ABSORBE
[01:12:48Z] EFFET-dt2/4  cas dur K1 appel 1729 (pas 433) corrige seul : premier pas qui differe None, x_fin deplace de +0.0 ulp(x1) -> ABSORBE
[01:12:48Z] EFFET-dt2/4  cas dur K1 appel 1740 (pas 435) corrige seul : premier pas qui differe None, x_fin deplace de +0.0 ulp(x1) -> ABSORBE
[01:12:48Z] EFFET-dt2/4  cas dur K1 appel 1764 (pas 441) corrige seul : premier pas qui differe None, x_fin deplace de +0.0 ulp(x1) -> ABSORBE
[01:12:48Z] EFFET-dt2/4  cas dur K1 appel 1851 (pas 463) corrige seul : premier pas qui differe None, x_fin deplace de +0.0 ulp(x1) -> ABSORBE
[01:12:48Z] EFFET-dt2/4  cas dur K1 appel 1854 (pas 464) corrige seul : premier pas qui differe None, x_fin deplace de +0.0 ulp(x1) -> ABSORBE
[01:12:48Z] EFFET-dt2/4  cas dur K1 appel 1867 (pas 467) corrige seul : premier pas qui differe None, x_fin deplace de +0.0 ulp(x1) -> ABSORBE
[01:12:48Z] EFFET-dt2/4  cas dur K1 appel 1890 (pas 473) corrige seul : premier pas qui differe None, x_fin deplace de +0.0 ulp(x1) -> ABSORBE
[01:12:48Z] EFFET-dt2/4  cas dur K1 appel 1908 (pas 477) corrige seul : premier pas qui differe None, x_fin deplace de +0.0 ulp(x1) -> ABSORBE
[01:12:48Z] EFFET-dt2/4  cas dur K1 appel 1928 (pas 482) corrige seul : premier pas qui differe None, x_fin deplace de +0.0 ulp(x1) -> ABSORBE
[01:12:48Z] EFFET-dt2/4  cas dur K1 appel 1931 (pas 483) corrige seul : premier pas qui differe None, x_fin deplace de +0.0 ulp(x1) -> ABSORBE
[01:12:48Z] EFFET-dt2/4  cas dur K1 appel 1947 (pas 487) corrige seul : premier pas qui differe None, x_fin deplace de +0.0 ulp(x1) -> ABSORBE
[01:12:48Z] EFFET-dt2/4  cas dur K1 appel 1958 (pas 490) corrige seul : premier pas qui differe None, x_fin deplace de +0.0 ulp(x1) -> ABSORBE
[01:12:48Z] EFFET-dt2/4  cas dur K1 appel 1970 (pas 493) corrige seul : premier pas qui differe None, x_fin deplace de +0.0 ulp(x1) -> ABSORBE
[01:12:48Z] EFFET-dt2/4  cas dur K1 appel 1999 (pas 500) corrige seul : premier pas qui differe None, x_fin deplace de +0.0 ulp(x1) -> ABSORBE
[01:12:48Z] EFFET-dt2/4  cas dur K1 appel 2022 (pas 506) corrige seul : premier pas qui differe None, x_fin deplace de +0.0 ulp(x1) -> ABSORBE
[01:12:48Z] EFFET-dt2/4  cas dur K1 appel 2026 (pas 507) corrige seul : premier pas qui differe None, x_fin deplace de +0.0 ulp(x1) -> ABSORBE
[01:12:48Z] EFFET-dt2/4  cas dur K1 appel 2033 (pas 509) corrige seul : premier pas qui differe None, x_fin deplace de +0.0 ulp(x1) -> ABSORBE
[01:12:48Z] EFFET-dt2/4  cas dur K1 appel 2036 (pas 509) corrige seul : premier pas qui differe None, x_fin deplace de +0.0 ulp(x1) -> ABSORBE
[01:12:48Z] EFFET-dt2/4  cas dur K1 appel 2048 (pas 512) corrige seul : premier pas qui differe None, x_fin deplace de +0.0 ulp(x1) -> ABSORBE
[01:12:48Z] EFFET-dt2/4  cas dur K1 appel 2095 (pas 524) corrige seul : premier pas qui differe None, x_fin deplace de +0.0 ulp(x1) -> ABSORBE
[01:12:48Z] EFFET-dt2/4  cas dur K1 appel 2121 (pas 531) corrige seul : premier pas qui differe None, x_fin deplace de +0.0 ulp(x1) -> ABSORBE
[01:12:48Z] EFFET-dt2/4  cas dur K1 appel 2162 (pas 541) corrige seul : premier pas qui differe None, x_fin deplace de +0.0 ulp(x1) -> ABSORBE
[01:12:48Z] EFFET-dt2/4  cas dur K1 appel 2202 (pas 551) corrige seul : premier pas qui differe None, x_fin deplace de +0.0 ulp(x1) -> ABSORBE
[01:12:48Z] EFFET-dt2/4  cas dur K1 appel 2208 (pas 552) corrige seul : premier pas qui differe None, x_fin deplace de +0.0 ulp(x1) -> ABSORBE
[01:12:48Z] EFFET-dt2/4  cas dur K1 appel 2209 (pas 553) corrige seul : premier pas qui differe None, x_fin deplace de +0.0 ulp(x1) -> ABSORBE
[01:12:48Z] EFFET-dt2/4  cas dur K1 appel 2221 (pas 556) corrige seul : premier pas qui differe None, x_fin deplace de +0.0 ulp(x1) -> ABSORBE
[01:12:48Z] EFFET-dt2/4  cas dur K1 appel 2243 (pas 561) corrige seul : premier pas qui differe None, x_fin deplace de +0.0 ulp(x1) -> ABSORBE
[01:12:48Z] EFFET-dt2/4  cas dur K1 appel 2268 (pas 567) corrige seul : premier pas qui differe None, x_fin deplace de +0.0 ulp(x1) -> ABSORBE
[01:12:48Z] EFFET-dt2/4  cas dur K1 appel 2274 (pas 569) corrige seul : premier pas qui differe None, x_fin deplace de +0.0 ulp(x1) -> ABSORBE
[01:12:48Z] EFFET-dt2/4  cas dur K1 appel 2281 (pas 571) corrige seul : premier pas qui differe None, x_fin deplace de +0.0 ulp(x1) -> ABSORBE
[01:12:48Z] EFFET-dt2/4  cas dur K1 appel 2290 (pas 573) corrige seul : premier pas qui differe None, x_fin deplace de +0.0 ulp(x1) -> ABSORBE
[01:12:48Z] EFFET-dt2/4  cas dur K1 appel 2294 (pas 574) corrige seul : premier pas qui differe None, x_fin deplace de +0.0 ulp(x1) -> ABSORBE
[01:12:48Z] EFFET-dt2/4  cas dur K1 appel 2295 (pas 574) corrige seul : premier pas qui differe None, x_fin deplace de +0.0 ulp(x1) -> ABSORBE
[01:12:48Z] EFFET-dt2/4  cas dur K1 appel 2301 (pas 576) corrige seul : premier pas qui differe None, x_fin deplace de +0.0 ulp(x1) -> ABSORBE
[01:12:48Z] EFFET-dt2/4  cas dur K1 appel 2332 (pas 583) corrige seul : premier pas qui differe None, x_fin deplace de +0.0 ulp(x1) -> ABSORBE
[01:12:48Z] EFFET-dt2/4  cas dur K1 appel 2341 (pas 586) corrige seul : premier pas qui differe None, x_fin deplace de +0.0 ulp(x1) -> ABSORBE
[01:12:48Z] EFFET-dt2/4  cas dur K1 appel 2424 (pas 606) corrige seul : premier pas qui differe None, x_fin deplace de +0.0 ulp(x1) -> ABSORBE
[01:12:48Z] EFFET-dt2/4  cas dur K1 appel 2439 (pas 610) corrige seul : premier pas qui differe None, x_fin deplace de +0.0 ulp(x1) -> ABSORBE
[01:12:48Z] EFFET-dt2/4  cas dur K1 appel 2448 (pas 612) corrige seul : premier pas qui differe None, x_fin deplace de +0.0 ulp(x1) -> ABSORBE
[01:12:48Z] EFFET-dt2/4  cas dur K1 appel 2463 (pas 616) corrige seul : premier pas qui differe None, x_fin deplace de +0.0 ulp(x1) -> ABSORBE
[01:12:48Z] EFFET-dt2/4  cas dur K1 appel 2474 (pas 619) corrige seul : premier pas qui differe None, x_fin deplace de +0.0 ulp(x1) -> ABSORBE
[01:12:48Z] EFFET-dt2/4  cas dur K1 appel 2485 (pas 622) corrige seul : premier pas qui differe None, x_fin deplace de +0.0 ulp(x1) -> ABSORBE
[01:12:48Z] EFFET-dt2/4  cas dur K1 appel 2509 (pas 628) corrige seul : premier pas qui differe None, x_fin deplace de +0.0 ulp(x1) -> ABSORBE
[01:12:48Z] EFFET-dt2/4  cas dur K1 appel 2530 (pas 633) corrige seul : premier pas qui differe None, x_fin deplace de +0.0 ulp(x1) -> ABSORBE
[01:12:48Z] EFFET-dt2/4  cas dur K1 appel 2547 (pas 637) corrige seul : premier pas qui differe None, x_fin deplace de +0.0 ulp(x1) -> ABSORBE
[01:12:48Z] EFFET-dt2/4  cas dur K1 appel 2637 (pas 660) corrige seul : premier pas qui differe None, x_fin deplace de +0.0 ulp(x1) -> ABSORBE
[01:12:48Z] EFFET-dt2/4  cas dur K1 appel 2639 (pas 660) corrige seul : premier pas qui differe None, x_fin deplace de +0.0 ulp(x1) -> ABSORBE
[01:12:48Z] EFFET-dt2/4  cas dur K1 appel 2668 (pas 667) corrige seul : premier pas qui differe None, x_fin deplace de +0.0 ulp(x1) -> ABSORBE
[01:12:48Z] EFFET-dt2/4  cas dur K1 appel 2669 (pas 668) corrige seul : premier pas qui differe None, x_fin deplace de +0.0 ulp(x1) -> ABSORBE
[01:12:48Z] EFFET-dt2/4  cas dur K1 appel 2682 (pas 671) corrige seul : premier pas qui differe None, x_fin deplace de +0.0 ulp(x1) -> ABSORBE
[01:12:48Z] EFFET-dt2/4  cas dur K1 appel 2692 (pas 673) corrige seul : premier pas qui differe None, x_fin deplace de +0.0 ulp(x1) -> ABSORBE
[01:12:48Z] EFFET-dt2/4  cas dur K1 appel 2702 (pas 676) corrige seul : premier pas qui differe None, x_fin deplace de +0.0 ulp(x1) -> ABSORBE
[01:12:48Z] EFFET-dt2/4  cas dur K1 appel 2703 (pas 676) corrige seul : premier pas qui differe None, x_fin deplace de +0.0 ulp(x1) -> ABSORBE
[01:12:48Z] EFFET-dt2/4  cas dur K1 appel 2772 (pas 693) corrige seul : premier pas qui differe None, x_fin deplace de +0.0 ulp(x1) -> ABSORBE
[01:12:48Z] EFFET-dt2/4  cas dur K1 appel 2788 (pas 697) corrige seul : premier pas qui differe None, x_fin deplace de +0.0 ulp(x1) -> ABSORBE
[01:12:48Z] EFFET-dt2/4  cas dur K1 appel 2790 (pas 698) corrige seul : premier pas qui differe None, x_fin deplace de +0.0 ulp(x1) -> ABSORBE
[01:12:48Z] EFFET-dt2/4  cas dur K1 appel 2803 (pas 701) corrige seul : premier pas qui differe None, x_fin deplace de +0.0 ulp(x1) -> ABSORBE
[01:12:48Z] EFFET-dt2/4  cas dur K1 appel 2811 (pas 703) corrige seul : premier pas qui differe None, x_fin deplace de +0.0 ulp(x1) -> ABSORBE
[01:12:48Z] EFFET-dt2/4  cas dur K1 appel 2822 (pas 706) corrige seul : premier pas qui differe None, x_fin deplace de +0.0 ulp(x1) -> ABSORBE
[01:12:48Z] EFFET-dt2/4  cas dur K1 appel 2834 (pas 709) corrige seul : premier pas qui differe None, x_fin deplace de +0.0 ulp(x1) -> ABSORBE
[01:12:48Z] EFFET-dt2/4  cas dur K1 appel 2846 (pas 712) corrige seul : premier pas qui differe None, x_fin deplace de +0.0 ulp(x1) -> ABSORBE
[01:12:48Z] EFFET-dt2/4  cas dur K1 appel 2852 (pas 713) corrige seul : premier pas qui differe None, x_fin deplace de +0.0 ulp(x1) -> ABSORBE
[01:12:48Z] EFFET-dt2/4  cas dur K1 appel 2855 (pas 714) corrige seul : premier pas qui differe None, x_fin deplace de +0.0 ulp(x1) -> ABSORBE
[01:12:48Z] EFFET-dt2/4  cas dur K1 appel 2857 (pas 715) corrige seul : premier pas qui differe None, x_fin deplace de +0.0 ulp(x1) -> ABSORBE
[01:12:48Z] EFFET-dt2/4  cas dur K1 appel 2931 (pas 733) corrige seul : premier pas qui differe None, x_fin deplace de +0.0 ulp(x1) -> ABSORBE
[01:12:48Z] EFFET-dt2/4  cas dur K1 appel 2948 (pas 737) corrige seul : premier pas qui differe None, x_fin deplace de +0.0 ulp(x1) -> ABSORBE
[01:12:48Z] EFFET-dt2/4  cas dur K1 appel 2970 (pas 743) corrige seul : premier pas qui differe None, x_fin deplace de +0.0 ulp(x1) -> ABSORBE
[01:12:48Z] EFFET-dt2/4  cas dur K1 appel 2976 (pas 744) corrige seul : premier pas qui differe None, x_fin deplace de +0.0 ulp(x1) -> ABSORBE
[01:12:48Z] EFFET-dt2/4  cas dur K1 appel 2980 (pas 745) corrige seul : premier pas qui differe None, x_fin deplace de +0.0 ulp(x1) -> ABSORBE
[01:12:48Z] EFFET-dt2/4  cas dur K1 appel 2994 (pas 749) corrige seul : premier pas qui differe None, x_fin deplace de +0.0 ulp(x1) -> ABSORBE
[01:12:48Z] EFFET-dt2/4  cas dur K1 appel 3001 (pas 751) corrige seul : premier pas qui differe None, x_fin deplace de +0.0 ulp(x1) -> ABSORBE
[01:12:48Z] EFFET-dt2/4  cas dur K1 appel 3019 (pas 755) corrige seul : premier pas qui differe None, x_fin deplace de +0.0 ulp(x1) -> ABSORBE
[01:12:48Z] EFFET-dt2/4  cas dur K1 appel 3063 (pas 766) corrige seul : premier pas qui differe None, x_fin deplace de +0.0 ulp(x1) -> ABSORBE
[01:12:48Z] EFFET-dt2/4  cas dur K1 appel 3072 (pas 768) corrige seul : premier pas qui differe None, x_fin deplace de +0.0 ulp(x1) -> ABSORBE
[01:12:48Z] EFFET-dt2/4  cas dur K1 appel 3086 (pas 772) corrige seul : premier pas qui differe None, x_fin deplace de +0.0 ulp(x1) -> ABSORBE
[01:12:48Z] EFFET-dt2/4  cas dur K1 appel 3095 (pas 774) corrige seul : premier pas qui differe None, x_fin deplace de +0.0 ulp(x1) -> ABSORBE
[01:12:48Z] EFFET-dt2/4  cas dur K1 appel 3154 (pas 789) corrige seul : premier pas qui differe None, x_fin deplace de +0.0 ulp(x1) -> ABSORBE
[01:12:48Z] EFFET-dt2/4  cas dur K1 appel 3166 (pas 792) corrige seul : premier pas qui differe None, x_fin deplace de +0.0 ulp(x1) -> ABSORBE
[01:12:48Z] EFFET-dt2/4  cas dur K1 appel 3176 (pas 794) corrige seul : premier pas qui differe None, x_fin deplace de +0.0 ulp(x1) -> ABSORBE
[01:12:48Z] EFFET-dt2/4  cas dur K1 appel 3184 (pas 796) corrige seul : premier pas qui differe None, x_fin deplace de +0.0 ulp(x1) -> ABSORBE
[01:12:48Z] EFFET-dt2/4  cas dur K1 appel 3213 (pas 804) corrige seul : premier pas qui differe None, x_fin deplace de +0.0 ulp(x1) -> ABSORBE
[01:12:48Z] EFFET-dt2/4  cas dur K1 appel 3226 (pas 807) corrige seul : premier pas qui differe None, x_fin deplace de +0.0 ulp(x1) -> ABSORBE
[01:12:48Z] EFFET-dt2/4  cas dur K1 appel 3258 (pas 815) corrige seul : premier pas qui differe None, x_fin deplace de +0.0 ulp(x1) -> ABSORBE
[01:12:48Z] EFFET-dt2/4  cas dur K1 appel 3273 (pas 819) corrige seul : premier pas qui differe None, x_fin deplace de +0.0 ulp(x1) -> ABSORBE
[01:12:48Z] EFFET-dt2/4  cas dur K1 appel 3299 (pas 825) corrige seul : premier pas qui differe None, x_fin deplace de +0.0 ulp(x1) -> ABSORBE
[01:12:48Z] EFFET-dt2/4  cas dur K1 appel 3340 (pas 835) corrige seul : premier pas qui differe None, x_fin deplace de +0.0 ulp(x1) -> ABSORBE
[01:12:48Z] EFFET-dt2/4  cas dur K1 appel 3389 (pas 848) corrige seul : premier pas qui differe None, x_fin deplace de +0.0 ulp(x1) -> ABSORBE
[01:12:48Z] EFFET-dt2/4  cas dur K1 appel 3397 (pas 850) corrige seul : premier pas qui differe None, x_fin deplace de +0.0 ulp(x1) -> ABSORBE
[01:12:48Z] EFFET-dt2/4  cas dur K1 appel 3434 (pas 859) corrige seul : premier pas qui differe None, x_fin deplace de +0.0 ulp(x1) -> ABSORBE
[01:12:48Z] EFFET-dt2/4  cas dur K1 appel 3465 (pas 867) corrige seul : premier pas qui differe None, x_fin deplace de +0.0 ulp(x1) -> ABSORBE
[01:12:48Z] EFFET-dt2/4  cas dur K1 appel 3494 (pas 874) corrige seul : premier pas qui differe None, x_fin deplace de +0.0 ulp(x1) -> ABSORBE
[01:12:48Z] EFFET-dt2/4  cas dur K1 appel 3504 (pas 876) corrige seul : premier pas qui differe None, x_fin deplace de +0.0 ulp(x1) -> ABSORBE
[01:12:48Z] EFFET-dt2/4  cas dur K1 appel 3510 (pas 878) corrige seul : premier pas qui differe None, x_fin deplace de +0.0 ulp(x1) -> ABSORBE
[01:12:48Z] EFFET-dt2/4  cas dur K1 appel 3521 (pas 881) corrige seul : premier pas qui differe None, x_fin deplace de +0.0 ulp(x1) -> ABSORBE
[01:12:48Z] EFFET-dt2/4  cas dur K1 appel 3551 (pas 888) corrige seul : premier pas qui differe None, x_fin deplace de +0.0 ulp(x1) -> ABSORBE
[01:12:48Z] EFFET-dt2/4  cas dur K1 appel 3631 (pas 908) corrige seul : premier pas qui differe None, x_fin deplace de +0.0 ulp(x1) -> ABSORBE
[01:12:48Z] EFFET-dt2/4  cas dur K1 appel 3642 (pas 911) corrige seul : premier pas qui differe None, x_fin deplace de +0.0 ulp(x1) -> ABSORBE
[01:12:48Z] EFFET-dt2/4  cas dur K1 appel 3645 (pas 912) corrige seul : premier pas qui differe None, x_fin deplace de +0.0 ulp(x1) -> ABSORBE
[01:12:48Z] EFFET-dt2/4  cas dur K1 appel 3688 (pas 922) corrige seul : premier pas qui differe None, x_fin deplace de +0.0 ulp(x1) -> ABSORBE
[01:12:48Z] EFFET-dt2/4  cas dur K1 appel 3700 (pas 925) corrige seul : premier pas qui differe None, x_fin deplace de +0.0 ulp(x1) -> ABSORBE
[01:12:48Z] EFFET-dt2/4  cas dur K1 appel 3701 (pas 926) corrige seul : premier pas qui differe None, x_fin deplace de +0.0 ulp(x1) -> ABSORBE
[01:12:48Z] EFFET-dt2/4  cas dur K1 appel 3731 (pas 933) corrige seul : premier pas qui differe None, x_fin deplace de +0.0 ulp(x1) -> ABSORBE
[01:12:48Z] EFFET-dt2/4  cas dur K1 appel 3739 (pas 935) corrige seul : premier pas qui differe None, x_fin deplace de +0.0 ulp(x1) -> ABSORBE
[01:12:48Z] EFFET-dt2/4  cas dur K1 appel 3789 (pas 948) corrige seul : premier pas qui differe None, x_fin deplace de +0.0 ulp(x1) -> ABSORBE
[01:12:48Z] EFFET-dt2/4  cas dur K1 appel 3790 (pas 948) corrige seul : premier pas qui differe None, x_fin deplace de +0.0 ulp(x1) -> ABSORBE
[01:12:48Z] EFFET-dt2/4  cas dur K1 appel 3809 (pas 953) corrige seul : premier pas qui differe None, x_fin deplace de +0.0 ulp(x1) -> ABSORBE
[01:12:48Z] EFFET-dt2/4  cas dur K1 appel 3824 (pas 956) corrige seul : premier pas qui differe None, x_fin deplace de +0.0 ulp(x1) -> ABSORBE
[01:12:48Z] EFFET-dt2/4  cas dur K1 appel 3848 (pas 962) corrige seul : premier pas qui differe None, x_fin deplace de +0.0 ulp(x1) -> ABSORBE
[01:12:48Z] EFFET-dt2/4  cas dur K1 appel 3849 (pas 963) corrige seul : premier pas qui differe None, x_fin deplace de +0.0 ulp(x1) -> ABSORBE
[01:12:48Z] EFFET-dt2/4  cas dur K1 appel 3871 (pas 968) corrige seul : premier pas qui differe None, x_fin deplace de +0.0 ulp(x1) -> ABSORBE
[01:12:48Z] EFFET-dt2/4  cas dur K1 appel 3901 (pas 976) corrige seul : premier pas qui differe None, x_fin deplace de +0.0 ulp(x1) -> ABSORBE
[01:12:48Z] EFFET-dt2/4  cas dur K1 appel 3968 (pas 992) corrige seul : premier pas qui differe None, x_fin deplace de +0.0 ulp(x1) -> ABSORBE
[01:12:48Z] EFFET-dt2/4  cas dur K1 appel 4023 (pas 1006) corrige seul : premier pas qui differe None, x_fin deplace de +0.0 ulp(x1) -> ABSORBE
[01:12:48Z] EFFET-dt2/4  cas dur K1 appel 4060 (pas 1015) corrige seul : premier pas qui differe None, x_fin deplace de +0.0 ulp(x1) -> ABSORBE
[01:12:48Z] EFFET-dt2/4  cas dur K1 appel 4075 (pas 1019) corrige seul : premier pas qui differe None, x_fin deplace de +0.0 ulp(x1) -> ABSORBE
[01:12:48Z] EFFET-dt2/4  cas dur K1 appel 4097 (pas 1025) corrige seul : premier pas qui differe None, x_fin deplace de +0.0 ulp(x1) -> ABSORBE
[01:12:48Z] EFFET-dt2/4  cas dur K1 appel 4101 (pas 1026) corrige seul : premier pas qui differe None, x_fin deplace de +0.0 ulp(x1) -> ABSORBE
[01:12:48Z] EFFET-dt2/4  cas dur K1 appel 4111 (pas 1028) corrige seul : premier pas qui differe None, x_fin deplace de +0.0 ulp(x1) -> ABSORBE
[01:12:48Z] EFFET-dt2/4  cas dur K1 appel 4119 (pas 1030) corrige seul : premier pas qui differe None, x_fin deplace de +0.0 ulp(x1) -> ABSORBE
[01:12:48Z] EFFET-dt2/4  cas dur K1 appel 4134 (pas 1034) corrige seul : premier pas qui differe None, x_fin deplace de +0.0 ulp(x1) -> ABSORBE
[01:12:48Z] EFFET-dt2/4  cas dur K1 appel 4148 (pas 1037) corrige seul : premier pas qui differe None, x_fin deplace de +0.0 ulp(x1) -> ABSORBE
[01:12:48Z] EFFET-dt2/4  cas dur K1 appel 4188 (pas 1047) corrige seul : premier pas qui differe None, x_fin deplace de +0.0 ulp(x1) -> ABSORBE
[01:12:48Z] EFFET-dt2/4  cas dur K1 appel 4189 (pas 1048) corrige seul : premier pas qui differe None, x_fin deplace de +0.0 ulp(x1) -> ABSORBE
[01:12:48Z] EFFET-dt2/4  cas dur K1 appel 4191 (pas 1048) corrige seul : premier pas qui differe None, x_fin deplace de +0.0 ulp(x1) -> ABSORBE
[01:12:48Z] EFFET-dt2/4  cas dur K1 appel 4219 (pas 1055) corrige seul : premier pas qui differe None, x_fin deplace de +0.0 ulp(x1) -> ABSORBE
[01:12:48Z] EFFET-dt2/4  cas dur K1 appel 4220 (pas 1055) corrige seul : premier pas qui differe None, x_fin deplace de +0.0 ulp(x1) -> ABSORBE
[01:12:48Z] EFFET-dt2/4  cas dur K1 appel 4249 (pas 1063) corrige seul : premier pas qui differe None, x_fin deplace de +0.0 ulp(x1) -> ABSORBE
[01:12:48Z] EFFET-dt2/4  cas dur K1 appel 4250 (pas 1063) corrige seul : premier pas qui differe None, x_fin deplace de +0.0 ulp(x1) -> ABSORBE
[01:12:48Z] EFFET-dt2/4  cas dur K1 appel 4322 (pas 1081) corrige seul : premier pas qui differe None, x_fin deplace de +0.0 ulp(x1) -> ABSORBE
[01:12:48Z] EFFET-dt2/4  cas dur K1 appel 4336 (pas 1084) corrige seul : premier pas qui differe None, x_fin deplace de +0.0 ulp(x1) -> ABSORBE
[01:12:48Z] EFFET-dt2/4  cas dur K1 appel 4356 (pas 1089) corrige seul : premier pas qui differe None, x_fin deplace de +0.0 ulp(x1) -> ABSORBE
[01:12:48Z] EFFET-dt2/4  cas dur K1 appel 4362 (pas 1091) corrige seul : premier pas qui differe None, x_fin deplace de +0.0 ulp(x1) -> ABSORBE
[01:12:48Z] EFFET-dt2/4  cas dur K1 appel 4392 (pas 1098) corrige seul : premier pas qui differe None, x_fin deplace de +0.0 ulp(x1) -> ABSORBE
[01:12:48Z] EFFET-dt2/4  cas dur K1 appel 4399 (pas 1100) corrige seul : premier pas qui differe None, x_fin deplace de +0.0 ulp(x1) -> ABSORBE
[01:12:48Z] EFFET-dt2/4  cas dur K1 appel 4424 (pas 1106) corrige seul : premier pas qui differe None, x_fin deplace de +0.0 ulp(x1) -> ABSORBE
[01:12:48Z] EFFET-dt2/4  cas dur K1 appel 4492 (pas 1123) corrige seul : premier pas qui differe None, x_fin deplace de +0.0 ulp(x1) -> ABSORBE
[01:12:48Z] EFFET-dt2/4  cas dur K1 appel 4499 (pas 1125) corrige seul : premier pas qui differe None, x_fin deplace de +0.0 ulp(x1) -> ABSORBE
[01:12:48Z] EFFET-dt2/4  cas dur K1 appel 4555 (pas 1139) corrige seul : premier pas qui differe None, x_fin deplace de +0.0 ulp(x1) -> ABSORBE
[01:12:48Z] EFFET-dt2/4  cas dur K1 appel 4563 (pas 1141) corrige seul : premier pas qui differe None, x_fin deplace de +0.0 ulp(x1) -> ABSORBE
[01:12:48Z] EFFET-dt2/4  cas dur K1 appel 4580 (pas 1145) corrige seul : premier pas qui differe None, x_fin deplace de +0.0 ulp(x1) -> ABSORBE
[01:12:48Z] EFFET-dt2/4  cas dur K1 appel 4583 (pas 1146) corrige seul : premier pas qui differe None, x_fin deplace de +0.0 ulp(x1) -> ABSORBE
[01:12:48Z] EFFET-dt2/4  cas dur K1 appel 4589 (pas 1148) corrige seul : premier pas qui differe None, x_fin deplace de +0.0 ulp(x1) -> ABSORBE
[01:12:48Z] EFFET-dt2/4  cas dur K1 appel 4599 (pas 1150) corrige seul : premier pas qui differe None, x_fin deplace de +0.0 ulp(x1) -> ABSORBE
[01:12:48Z] EFFET-dt2/4  cas dur K1 appel 4614 (pas 1154) corrige seul : premier pas qui differe None, x_fin deplace de +0.0 ulp(x1) -> ABSORBE
[01:12:48Z] EFFET-dt2/4  cas dur K1 appel 4620 (pas 1155) corrige seul : premier pas qui differe None, x_fin deplace de +0.0 ulp(x1) -> ABSORBE
[01:12:48Z] EFFET-dt2/4  cas dur K1 appel 4621 (pas 1156) corrige seul : premier pas qui differe None, x_fin deplace de +0.0 ulp(x1) -> ABSORBE
[01:12:48Z] EFFET-dt2/4  cas dur K1 appel 4626 (pas 1157) corrige seul : premier pas qui differe None, x_fin deplace de +0.0 ulp(x1) -> ABSORBE
[01:12:48Z] EFFET-dt2/4  cas dur K1 appel 4666 (pas 1167) corrige seul : premier pas qui differe None, x_fin deplace de +0.0 ulp(x1) -> ABSORBE
[01:12:48Z] EFFET-dt2/4  cas dur K1 appel 4669 (pas 1168) corrige seul : premier pas qui differe None, x_fin deplace de +0.0 ulp(x1) -> ABSORBE
[01:12:48Z] EFFET-dt2/4  cas dur K1 appel 4725 (pas 1182) corrige seul : premier pas qui differe None, x_fin deplace de +0.0 ulp(x1) -> ABSORBE
[01:12:48Z] EFFET-dt2/4  cas dur K1 appel 4728 (pas 1182) corrige seul : premier pas qui differe None, x_fin deplace de +0.0 ulp(x1) -> ABSORBE
[01:12:48Z] EFFET-dt2/4  cas dur K1 appel 4745 (pas 1187) corrige seul : premier pas qui differe None, x_fin deplace de +0.0 ulp(x1) -> ABSORBE
[01:12:48Z] EFFET-dt2/4  cas dur K1 appel 4770 (pas 1193) corrige seul : premier pas qui differe None, x_fin deplace de +0.0 ulp(x1) -> ABSORBE
[01:12:48Z] EFFET-dt2/4  cas dur K1 appel 4781 (pas 1196) corrige seul : premier pas qui differe None, x_fin deplace de +0.0 ulp(x1) -> ABSORBE
[01:12:48Z] EFFET-dt2/4  cas dur K1 appel 4802 (pas 1201) corrige seul : premier pas qui differe None, x_fin deplace de +0.0 ulp(x1) -> ABSORBE
[01:12:48Z] EFFET-dt2/4  cas dur K1 appel 4867 (pas 1217) corrige seul : premier pas qui differe None, x_fin deplace de +0.0 ulp(x1) -> ABSORBE
[01:12:48Z] EFFET-dt2/4  cas dur K1 appel 4892 (pas 1223) corrige seul : premier pas qui differe None, x_fin deplace de +0.0 ulp(x1) -> ABSORBE
[01:12:48Z] EFFET-dt2/4  cas dur K1 appel 4914 (pas 1229) corrige seul : premier pas qui differe None, x_fin deplace de +0.0 ulp(x1) -> ABSORBE
[01:12:48Z] EFFET-dt2/4  cas dur K1 appel 4922 (pas 1231) corrige seul : premier pas qui differe None, x_fin deplace de +0.0 ulp(x1) -> ABSORBE
[01:12:48Z] EFFET-dt2/4  cas dur K1 appel 4940 (pas 1235) corrige seul : premier pas qui differe None, x_fin deplace de +0.0 ulp(x1) -> ABSORBE
[01:12:48Z] EFFET-dt2/4  cas dur K1 appel 4942 (pas 1236) corrige seul : premier pas qui differe None, x_fin deplace de +0.0 ulp(x1) -> ABSORBE
[01:12:48Z] EFFET-dt2/4  cas dur K1 appel 4963 (pas 1241) corrige seul : premier pas qui differe None, x_fin deplace de +0.0 ulp(x1) -> ABSORBE
[01:12:48Z] EFFET-dt2/4  cas dur K1 appel 4980 (pas 1245) corrige seul : premier pas qui differe None, x_fin deplace de +0.0 ulp(x1) -> ABSORBE
[01:12:48Z] EFFET-dt2/4  cas dur K1 appel 4989 (pas 1248) corrige seul : premier pas qui differe None, x_fin deplace de +0.0 ulp(x1) -> ABSORBE
[01:12:48Z] EFFET-dt2/4  cas dur K1 appel 5027 (pas 1257) corrige seul : premier pas qui differe None, x_fin deplace de +0.0 ulp(x1) -> ABSORBE
[01:12:48Z] EFFET-dt2/4  cas dur K1 appel 5030 (pas 1258) corrige seul : premier pas qui differe None, x_fin deplace de +0.0 ulp(x1) -> ABSORBE
[01:12:48Z] EFFET-dt2/4  cas dur K1 appel 5034 (pas 1259) corrige seul : premier pas qui differe None, x_fin deplace de +0.0 ulp(x1) -> ABSORBE
[01:12:48Z] EFFET-dt2/4  cas dur K1 appel 5039 (pas 1260) corrige seul : premier pas qui differe None, x_fin deplace de +0.0 ulp(x1) -> ABSORBE
[01:12:48Z] EFFET-dt2/4  cas dur K1 appel 5055 (pas 1264) corrige seul : premier pas qui differe None, x_fin deplace de +0.0 ulp(x1) -> ABSORBE
[01:12:48Z] EFFET-dt2/4  cas dur K1 appel 5057 (pas 1265) corrige seul : premier pas qui differe None, x_fin deplace de +0.0 ulp(x1) -> ABSORBE
[01:12:48Z] EFFET-dt2/4  cas dur K1 appel 5058 (pas 1265) corrige seul : premier pas qui differe None, x_fin deplace de +0.0 ulp(x1) -> ABSORBE
[01:12:48Z] EFFET-dt2/4  cas dur K1 appel 5063 (pas 1266) corrige seul : premier pas qui differe None, x_fin deplace de +0.0 ulp(x1) -> ABSORBE
[01:12:48Z] EFFET-dt2/4  cas dur K1 appel 5064 (pas 1266) corrige seul : premier pas qui differe None, x_fin deplace de +0.0 ulp(x1) -> ABSORBE
[01:12:48Z] EFFET-dt2/4  cas dur K1 appel 5066 (pas 1267) corrige seul : premier pas qui differe None, x_fin deplace de +0.0 ulp(x1) -> ABSORBE
[01:12:48Z] EFFET-dt2/4  cas dur K1 appel 5126 (pas 1282) corrige seul : premier pas qui differe None, x_fin deplace de +0.0 ulp(x1) -> ABSORBE
[01:12:48Z] EFFET-dt2/4  cas dur K1 appel 5127 (pas 1282) corrige seul : premier pas qui differe None, x_fin deplace de +0.0 ulp(x1) -> ABSORBE
[01:12:48Z] EFFET-dt2/4  cas dur K1 appel 5129 (pas 1283) corrige seul : premier pas qui differe None, x_fin deplace de +0.0 ulp(x1) -> ABSORBE
[01:12:48Z] EFFET-dt2/4  cas dur K1 appel 5171 (pas 1293) corrige seul : premier pas qui differe None, x_fin deplace de +0.0 ulp(x1) -> ABSORBE
[01:12:48Z] EFFET-dt2/4  cas dur K1 appel 5186 (pas 1297) corrige seul : premier pas qui differe None, x_fin deplace de +0.0 ulp(x1) -> ABSORBE
[01:12:48Z] EFFET-dt2/4  cas dur K1 appel 5214 (pas 1304) corrige seul : premier pas qui differe None, x_fin deplace de +0.0 ulp(x1) -> ABSORBE
[01:12:48Z] EFFET-dt2/4  cas dur K1 appel 5225 (pas 1307) corrige seul : premier pas qui differe None, x_fin deplace de +0.0 ulp(x1) -> ABSORBE
[01:12:48Z] EFFET-dt2/4  cas dur K1 appel 5234 (pas 1309) corrige seul : premier pas qui differe None, x_fin deplace de +0.0 ulp(x1) -> ABSORBE
[01:12:48Z] EFFET-dt2/4  cas dur K1 appel 5261 (pas 1316) corrige seul : premier pas qui differe None, x_fin deplace de +0.0 ulp(x1) -> ABSORBE
[01:12:48Z] EFFET-dt2/4  cas dur K1 appel 5270 (pas 1318) corrige seul : premier pas qui differe None, x_fin deplace de +0.0 ulp(x1) -> ABSORBE
[01:12:48Z] EFFET-dt2/4  cas dur K1 appel 5277 (pas 1320) corrige seul : premier pas qui differe None, x_fin deplace de +0.0 ulp(x1) -> ABSORBE
[01:12:48Z] EFFET-dt2/4  cas dur K1 appel 5285 (pas 1322) corrige seul : premier pas qui differe None, x_fin deplace de +0.0 ulp(x1) -> ABSORBE
[01:12:48Z] EFFET-dt2/4  cas dur K1 appel 5317 (pas 1330) corrige seul : premier pas qui differe None, x_fin deplace de +0.0 ulp(x1) -> ABSORBE
[01:12:48Z] EFFET-dt2/4  cas dur K1 appel 5320 (pas 1330) corrige seul : premier pas qui differe None, x_fin deplace de +0.0 ulp(x1) -> ABSORBE
[01:12:48Z] EFFET-dt2/4  cas dur K1 appel 5339 (pas 1335) corrige seul : premier pas qui differe None, x_fin deplace de +0.0 ulp(x1) -> ABSORBE
[01:12:48Z] EFFET-dt2/4  cas dur K1 appel 5365 (pas 1342) corrige seul : premier pas qui differe None, x_fin deplace de +0.0 ulp(x1) -> ABSORBE
[01:12:48Z] EFFET-dt2/4  cas dur K1 appel 5369 (pas 1343) corrige seul : premier pas qui differe None, x_fin deplace de +0.0 ulp(x1) -> ABSORBE
[01:12:48Z] EFFET-dt2/4  cas dur K1 appel 5417 (pas 1355) corrige seul : premier pas qui differe None, x_fin deplace de +0.0 ulp(x1) -> ABSORBE
[01:12:48Z] EFFET-dt2/4  cas dur K1 appel 5432 (pas 1358) corrige seul : premier pas qui differe None, x_fin deplace de +0.0 ulp(x1) -> ABSORBE
[01:12:48Z] EFFET-dt2/4  cas dur K1 appel 5441 (pas 1361) corrige seul : premier pas qui differe None, x_fin deplace de +0.0 ulp(x1) -> ABSORBE
[01:12:48Z] EFFET-dt2/4  cas dur K1 appel 5442 (pas 1361) corrige seul : premier pas qui differe None, x_fin deplace de +0.0 ulp(x1) -> ABSORBE
[01:12:48Z] EFFET-dt2/4  cas dur K1 appel 5454 (pas 1364) corrige seul : premier pas qui differe None, x_fin deplace de +0.0 ulp(x1) -> ABSORBE
[01:12:48Z] EFFET-dt2/4  cas dur K1 appel 5545 (pas 1387) corrige seul : premier pas qui differe None, x_fin deplace de +0.0 ulp(x1) -> ABSORBE
[01:12:48Z] EFFET-dt2/4  cas dur K1 appel 5551 (pas 1388) corrige seul : premier pas qui differe None, x_fin deplace de +0.0 ulp(x1) -> ABSORBE
[01:12:48Z] EFFET-dt2/4  cas dur K1 appel 5563 (pas 1391) corrige seul : premier pas qui differe None, x_fin deplace de +0.0 ulp(x1) -> ABSORBE
[01:12:48Z] EFFET-dt2/4  cas dur K1 appel 5567 (pas 1392) corrige seul : premier pas qui differe None, x_fin deplace de +0.0 ulp(x1) -> ABSORBE
[01:12:48Z] EFFET-dt2/4  cas dur K1 appel 5589 (pas 1398) corrige seul : premier pas qui differe None, x_fin deplace de +0.0 ulp(x1) -> ABSORBE
[01:12:48Z] EFFET-dt2/4  cas dur K1 appel 5634 (pas 1409) corrige seul : premier pas qui differe None, x_fin deplace de +0.0 ulp(x1) -> ABSORBE
[01:12:48Z] EFFET-dt2/4  cas dur K1 appel 5662 (pas 1416) corrige seul : premier pas qui differe None, x_fin deplace de +0.0 ulp(x1) -> ABSORBE
[01:12:48Z] EFFET-dt2/4  cas dur K1 appel 5665 (pas 1417) corrige seul : premier pas qui differe None, x_fin deplace de +0.0 ulp(x1) -> ABSORBE
[01:12:48Z] EFFET-dt2/4  cas dur K1 appel 5669 (pas 1418) corrige seul : premier pas qui differe None, x_fin deplace de +0.0 ulp(x1) -> ABSORBE
[01:12:48Z] EFFET-dt2/4  cas dur K1 appel 5700 (pas 1425) corrige seul : premier pas qui differe None, x_fin deplace de +0.0 ulp(x1) -> ABSORBE
[01:12:48Z] EFFET-dt2/4  cas dur K1 appel 5721 (pas 1431) corrige seul : premier pas qui differe None, x_fin deplace de +0.0 ulp(x1) -> ABSORBE
[01:12:48Z] EFFET-dt2/4  cas dur K1 appel 5722 (pas 1431) corrige seul : premier pas qui differe None, x_fin deplace de +0.0 ulp(x1) -> ABSORBE
[01:12:48Z] EFFET-dt2/4  cas dur K1 appel 5758 (pas 1440) corrige seul : premier pas qui differe None, x_fin deplace de +0.0 ulp(x1) -> ABSORBE
[01:12:48Z] EFFET-dt2/4  cas dur K1 appel 5761 (pas 1441) corrige seul : premier pas qui differe None, x_fin deplace de +0.0 ulp(x1) -> ABSORBE
[01:12:48Z] EFFET-dt2/4  cas dur K1 appel 5764 (pas 1441) corrige seul : premier pas qui differe None, x_fin deplace de +0.0 ulp(x1) -> ABSORBE
[01:12:48Z] EFFET-dt2/4  cas dur K1 appel 5767 (pas 1442) corrige seul : premier pas qui differe None, x_fin deplace de +0.0 ulp(x1) -> ABSORBE
[01:12:48Z] EFFET-dt2/4  cas dur K1 appel 5834 (pas 1459) corrige seul : premier pas qui differe None, x_fin deplace de +0.0 ulp(x1) -> ABSORBE
[01:12:48Z] EFFET-dt2/4  cas dur K1 appel 5840 (pas 1460) corrige seul : premier pas qui differe None, x_fin deplace de +0.0 ulp(x1) -> ABSORBE
[01:12:48Z] EFFET-dt2/4  cas dur K1 appel 5841 (pas 1461) corrige seul : premier pas qui differe None, x_fin deplace de +0.0 ulp(x1) -> ABSORBE
[01:12:48Z] EFFET-dt2/4  cas dur K1 appel 5846 (pas 1462) corrige seul : premier pas qui differe None, x_fin deplace de +0.0 ulp(x1) -> ABSORBE
[01:12:48Z] EFFET-dt2/4  cas dur K1 appel 5872 (pas 1468) corrige seul : premier pas qui differe None, x_fin deplace de +0.0 ulp(x1) -> ABSORBE
[01:12:48Z] EFFET-dt2/4  cas dur K1 appel 5879 (pas 1470) corrige seul : premier pas qui differe None, x_fin deplace de +0.0 ulp(x1) -> ABSORBE
[01:12:48Z] EFFET-dt2/4  cas dur K1 appel 5886 (pas 1472) corrige seul : premier pas qui differe None, x_fin deplace de +0.0 ulp(x1) -> ABSORBE
[01:12:48Z] EFFET-dt2/4  cas dur K1 appel 5893 (pas 1474) corrige seul : premier pas qui differe None, x_fin deplace de +0.0 ulp(x1) -> ABSORBE
[01:12:48Z] EFFET-dt2/4  cas dur K1 appel 5911 (pas 1478) corrige seul : premier pas qui differe 1490, x_fin deplace de -2.0 ulp(x1) -> BASCULE
[01:12:48Z] EFFET-dt2/4  cas dur K1 appel 5927 (pas 1482) corrige seul : premier pas qui differe None, x_fin deplace de +0.0 ulp(x1) -> ABSORBE
[01:12:48Z] EFFET-dt2/4  cas dur K1 appel 5943 (pas 1486) corrige seul : premier pas qui differe None, x_fin deplace de +0.0 ulp(x1) -> ABSORBE
[01:12:48Z] EFFET-dt2/4  cas dur K1 appel 5947 (pas 1487) corrige seul : premier pas qui differe None, x_fin deplace de +0.0 ulp(x1) -> ABSORBE
[01:12:48Z] EFFET-dt2/4  cas dur K1 appel 5948 (pas 1487) corrige seul : premier pas qui differe None, x_fin deplace de +0.0 ulp(x1) -> ABSORBE
[01:12:48Z] EFFET-dt2/4  cas dur K1 appel 5955 (pas 1489) corrige seul : premier pas qui differe None, x_fin deplace de +0.0 ulp(x1) -> ABSORBE
[01:12:48Z] EFFET-dt2/4  cas dur K1 appel 5963 (pas 1491) corrige seul : premier pas qui differe None, x_fin deplace de +0.0 ulp(x1) -> ABSORBE
[01:12:48Z] EFFET-dt2/4  cas dur K1 appel 5977 (pas 1495) corrige seul : premier pas qui differe None, x_fin deplace de +0.0 ulp(x1) -> ABSORBE
[01:12:48Z] EFFET-dt2/4  cas dur K1 appel 5984 (pas 1496) corrige seul : premier pas qui differe None, x_fin deplace de +0.0 ulp(x1) -> ABSORBE
[01:12:48Z] EFFET-dt2/4  cas dur K1 appel 6000 (pas 1500) corrige seul : premier pas qui differe None, x_fin deplace de +0.0 ulp(x1) -> ABSORBE
[01:12:48Z] EFFET-dt2/4  cas dur K1 appel 6003 (pas 1501) corrige seul : premier pas qui differe 1506, x_fin deplace de -6.0 ulp(x1) -> BASCULE
[01:12:48Z] EFFET-dt2/4  cas dur K1 appel 6021 (pas 1506) corrige seul : premier pas qui differe None, x_fin deplace de +0.0 ulp(x1) -> ABSORBE
[01:12:48Z] EFFET-dt2/4  cas dur K1 appel 6028 (pas 1507) corrige seul : premier pas qui differe None, x_fin deplace de +0.0 ulp(x1) -> ABSORBE
[01:12:48Z] EFFET-dt2/4  cas dur K1 appel 6031 (pas 1508) corrige seul : premier pas qui differe None, x_fin deplace de +0.0 ulp(x1) -> ABSORBE
[01:12:48Z] EFFET-dt2/4  cas dur K1 appel 6047 (pas 1512) corrige seul : premier pas qui differe None, x_fin deplace de +0.0 ulp(x1) -> ABSORBE
[01:12:48Z] JUMEAU-CR-dt2/4 K1 CR seul : e=1.8520748469025595e-08 (egal poste False, egal JSON recu True, premier pas 1490, x_fin -2.0 ulp) ; tout CR : e=1.8520748469025595e-08 / xm numpy 1.8520748469025595e-08 (egal poste False, egal JSON recu True, premier pas 1490, x_fin -2.0 ulp)
[01:13:17Z] FLOT-dt2/8   n_pas=3040 e_poste=1.6530853961382515e-08 e_jumeau=1.6530853961382515e-08 (egal True) fidele=True ; e_json_recu=1.6530853961382515e-08 ; ecart au bord (JSON recu - poste) = +0.000 ulp(x1) ; x1_fin=0x1.7f4a48e6a73ddp+36 ulp=1.526e-05
[01:13:17Z] APPELS-dt2/8 K1 12160 (numpy != python sur 631) ; K2 24320 ; K3 3041 ; CAS DURS ici : K1 633, K2 24, K3 190
[01:13:17Z] K1-DUR-dt2/8 appel 19 pas 5 etage 3 x=0x1.3d5ef3e1e0000p+8 libm=0x1.d0b3411e9de37p+49 cr=0x1.d0b3411e9de38p+49 (libm - cr = -1.0 ulp)
[01:13:17Z] K1-DUR-dt2/8 appel 20 pas 5 etage 4 x=0x1.3d691f7250000p+8 libm=0x1.d10ca16496452p+49 cr=0x1.d10ca16496453p+49 (libm - cr = -1.0 ulp)
[01:13:17Z] K1-DUR-dt2/8 appel 53 pas 14 etage 1 x=0x1.3e0c425270000p+8 libm=0x1.d6adf26f33716p+49 cr=0x1.d6adf26f33717p+49 (libm - cr = -1.0 ulp)
[01:13:17Z] K1-DUR-dt2/8 appel 88 pas 22 etage 4 x=0x1.3ec4abb080000p+8 libm=0x1.dd1cb670fe2d5p+49 cr=0x1.dd1cb670fe2d6p+49 (libm - cr = -1.0 ulp)
[01:13:17Z] K1-DUR-dt2/8 appel 93 pas 24 etage 1 x=0x1.3ed9380850000p+8 libm=0x1.ddd55c485f8fdp+49 cr=0x1.ddd55c485f8fep+49 (libm - cr = -1.0 ulp)
[01:13:17Z] K1-DUR-dt2/8 appel 136 pas 34 etage 4 x=0x1.3fbc0525e0000p+8 libm=0x1.e5daea4dd6c1dp+49 cr=0x1.e5daea4dd6c1ep+49 (libm - cr = -1.0 ulp)
[01:13:17Z] K1-DUR-dt2/8 appel 140 pas 35 etage 4 x=0x1.3fd0b570a0000p+8 libm=0x1.e697a8f9345b6p+49 cr=0x1.e697a8f9345b7p+49 (libm - cr = -1.0 ulp)
[01:13:17Z] K1-DUR-dt2/8 appel 143 pas 36 etage 3 x=0x1.3fdb0f1790000p+8 libm=0x1.e6f62cf84634cp+49 cr=0x1.e6f62cf84634dp+49 (libm - cr = -1.0 ulp)
[01:13:17Z] K1-DUR-dt2/8 appel 201 pas 51 etage 1 x=0x1.410874dfe0000p+8 libm=0x1.f1d0cbe7908a2p+49 cr=0x1.f1d0cbe7908a3p+49 (libm - cr = -1.0 ulp)
[01:13:17Z] K1-DUR-dt2/8 appel 203 pas 51 etage 3 x=0x1.4112e548f0000p+8 libm=0x1.f231f3ed5f91fp+49 cr=0x1.f231f3ed5f920p+49 (libm - cr = -1.0 ulp)
[01:13:17Z] K1-DUR-dt2/8 appel 205 pas 52 etage 1 x=0x1.411d55b220000p+8 libm=0x1.f2932bc0f671fp+49 cr=0x1.f2932bc0f6720p+49 (libm - cr = -1.0 ulp)
[01:13:17Z] K1-DUR-dt2/8 appel 218 pas 55 etage 2 x=0x1.4166804580000p+8 libm=0x1.f53e4b5ba7c39p+49 cr=0x1.f53e4b5ba7c3ap+49 (libm - cr = -1.0 ulp)
[01:13:17Z] K1-DUR-dt2/8 appel 219 pas 55 etage 3 x=0x1.41668109a0000p+8 libm=0x1.f53e5286de444p+49 cr=0x1.f53e5286de445p+49 (libm - cr = -1.0 ulp)
[01:13:17Z] K1-DUR-dt2/8 appel 232 pas 58 etage 4 x=0x1.41afd12aa0000p+8 libm=0x1.f7edde6b8a9a6p+49 cr=0x1.f7edde6b8a9a5p+49 (libm - cr = +1.0 ulp)
[01:13:17Z] K1-DUR-dt2/8 appel 235 pas 59 etage 3 x=0x1.41ba4dd6c0000p+8 libm=0x1.f85078083a45ep+49 cr=0x1.f85078083a45fp+49 (libm - cr = -1.0 ulp)
[01:13:17Z] K1-DUR-dt2/8 appel 245 pas 62 etage 1 x=0x1.41eec670a0000p+8 libm=0x1.fa3ec08d91c95p+49 cr=0x1.fa3ec08d91c96p+49 (libm - cr = -1.0 ulp)
[01:13:17Z] K1-DUR-dt2/8 appel 246 pas 62 etage 2 x=0x1.41f946f680000p+8 libm=0x1.faa1df258adb8p+49 cr=0x1.faa1df258adb9p+49 (libm - cr = -1.0 ulp)
[01:13:17Z] K1-DUR-dt2/8 appel 254 pas 64 etage 2 x=0x1.4223524f70000p+8 libm=0x1.fc2f52ea0218fp+49 cr=0x1.fc2f52ea02190p+49 (libm - cr = -1.0 ulp)
[01:13:17Z] K1-DUR-dt2/8 appel 256 pas 64 etage 4 x=0x1.422dd776e0000p+8 libm=0x1.fc92ee5c42c3cp+49 cr=0x1.fc92ee5c42c3dp+49 (libm - cr = -1.0 ulp)
[01:13:17Z] K1-DUR-dt2/8 appel 308 pas 77 etage 4 x=0x1.434063ba20000p+8 libm=0x1.03687dd63adfcp+50 cr=0x1.03687dd63adfdp+50 (libm - cr = -1.0 ulp)
[01:13:17Z] K1-DUR-dt2/8 appel 324 pas 81 etage 4 x=0x1.439547b6d0000p+8 libm=0x1.0502499ab59a6p+50 cr=0x1.0502499ab59a7p+50 (libm - cr = -1.0 ulp)
[01:13:17Z] K1-DUR-dt2/8 appel 475 pas 119 etage 3 x=0x1.46bac4d720000p+8 libm=0x1.149ca2e3ef186p+50 cr=0x1.149ca2e3ef187p+50 (libm - cr = -1.0 ulp)
[01:13:17Z] K1-DUR-dt2/8 appel 488 pas 122 etage 4 x=0x1.4706d8d2b0000p+8 libm=0x1.161ff741f810ap+50 cr=0x1.161ff741f810bp+50 (libm - cr = -1.0 ulp)
[01:13:17Z] K1-DUR-dt2/8 appel 495 pas 124 etage 3 x=0x1.4727807640000p+8 libm=0x1.16c6c25e32345p+50 cr=0x1.16c6c25e32346p+50 (libm - cr = -1.0 ulp)
[01:13:17Z] K1-DUR-dt2/8 appel 536 pas 134 etage 4 x=0x1.480ce0be50000p+8 libm=0x1.1b638fa7296d6p+50 cr=0x1.1b638fa7296d7p+50 (libm - cr = -1.0 ulp)
[01:13:17Z] K1-DUR-dt2/8 appel 558 pas 140 etage 2 x=0x1.4885977950000p+8 libm=0x1.1dd77dc839261p+50 cr=0x1.1dd77dc839262p+50 (libm - cr = -1.0 ulp)
[01:13:17Z] K1-DUR-dt2/8 appel 648 pas 162 etage 4 x=0x1.4a7785ec50000p+8 libm=0x1.2825ba0f1a8afp+50 cr=0x1.2825ba0f1a8b0p+50 (libm - cr = -1.0 ulp)
[01:13:17Z] K1-DUR-dt2/8 appel 651 pas 163 etage 3 x=0x1.4a82aa4fd0000p+8 libm=0x1.2861a81746ec2p+50 cr=0x1.2861a81746ec3p+50 (libm - cr = -1.0 ulp)
[01:13:17Z] K1-DUR-dt2/8 appel 655 pas 164 etage 3 x=0x1.4a98f4c7f0000p+8 libm=0x1.28d9ab972770bp+50 cr=0x1.28d9ab972770cp+50 (libm - cr = -1.0 ulp)
[01:13:17Z] K1-DUR-dt2/8 appel 661 pas 166 etage 1 x=0x1.4aba6a6860000p+8 libm=0x1.298e1cbd16bfdp+50 cr=0x1.298e1cbd16bfep+50 (libm - cr = -1.0 ulp)
[01:13:17Z] K1-DUR-dt2/8 appel 667 pas 167 etage 3 x=0x1.4adbe88130000p+8 libm=0x1.2a4317112a357p+50 cr=0x1.2a4317112a358p+50 (libm - cr = -1.0 ulp)
[01:13:17Z] K1-DUR-dt2/8 appel 696 pas 174 etage 4 x=0x1.4b83cf2cd0000p+8 libm=0x1.2dd3c1d18d2a4p+50 cr=0x1.2dd3c1d18d2a5p+50 (libm - cr = -1.0 ulp)
[01:13:17Z] K1-DUR-dt2/8 appel 702 pas 176 etage 2 x=0x1.4ba57a62d0000p+8 libm=0x1.2e8bdc9ea2f7fp+50 cr=0x1.2e8bdc9ea2f80p+50 (libm - cr = -1.0 ulp)
[01:13:17Z] K1-DUR-dt2/8 appel 772 pas 193 etage 4 x=0x1.4d3088e8f0000p+8 libm=0x1.3717878261635p+50 cr=0x1.3717878261636p+50 (libm - cr = -1.0 ulp)
[01:13:17Z] K1-DUR-dt2/8 appel 782 pas 196 etage 2 x=0x1.4d694ebcb0000p+8 libm=0x1.38561aa155731p+50 cr=0x1.38561aa155732p+50 (libm - cr = -1.0 ulp)
[01:13:17Z] K1-DUR-dt2/8 appel 786 pas 197 etage 2 x=0x1.4d800a89e0000p+8 libm=0x1.38d5f8008a3c1p+50 cr=0x1.38d5f8008a3c2p+50 (libm - cr = -1.0 ulp)
[01:13:17Z] K1-DUR-dt2/8 appel 806 pas 202 etage 2 x=0x1.4df1e9f210000p+8 libm=0x1.3b5902d250b23p+50 cr=0x1.3b5902d250b24p+50 (libm - cr = -1.0 ulp)
[01:13:17Z] K1-DUR-dt2/8 appel 807 pas 202 etage 3 x=0x1.4df1ead240000p+8 libm=0x1.3b5907c887e37p+50 cr=0x1.3b5907c887e38p+50 (libm - cr = -1.0 ulp)
[01:13:17Z] K1-DUR-dt2/8 appel 812 pas 203 etage 4 x=0x1.4e1424e010000p+8 libm=0x1.3c1b26194fd2cp+50 cr=0x1.3c1b26194fd2dp+50 (libm - cr = -1.0 ulp)
[01:13:17Z] K1-DUR-dt2/8 appel 862 pas 216 etage 2 x=0x1.4f32956290000p+8 libm=0x1.428301160fe1ap+50 cr=0x1.428301160fe1bp+50 (libm - cr = -1.0 ulp)
[01:13:17Z] K1-DUR-dt2/8 appel 864 pas 216 etage 4 x=0x1.4f3e167c70000p+8 libm=0x1.42c570a1c8631p+50 cr=0x1.42c570a1c8632p+50 (libm - cr = -1.0 ulp)
[01:13:17Z] K1-DUR-dt2/8 appel 874 pas 219 etage 2 x=0x1.4f77a6a890000p+8 libm=0x1.4412875b16e3bp+50 cr=0x1.4412875b16e3cp+50 (libm - cr = -1.0 ulp)
[01:13:17Z] K1-DUR-dt2/8 appel 885 pas 222 etage 1 x=0x1.4fb14dfaf0000p+8 libm=0x1.456142f69bc15p+50 cr=0x1.456142f69bc16p+50 (libm - cr = -1.0 ulp)
[01:13:17Z] K1-DUR-dt2/8 appel 910 pas 228 etage 2 x=0x1.50479b2880000p+8 libm=0x1.48cf327d68765p+50 cr=0x1.48cf327d68766p+50 (libm - cr = -1.0 ulp)
[01:13:17Z] K1-DUR-dt2/8 appel 938 pas 235 etage 2 x=0x1.50ea2255b0000p+8 libm=0x1.4c8d36d028cc6p+50 cr=0x1.4c8d36d028cc7p+50 (libm - cr = -1.0 ulp)
[01:13:17Z] K1-DUR-dt2/8 appel 940 pas 235 etage 4 x=0x1.50f5c57e50000p+8 libm=0x1.4cd2283db7897p+50 cr=0x1.4cd2283db7898p+50 (libm - cr = -1.0 ulp)
[01:13:17Z] K1-DUR-dt2/8 appel 944 pas 236 etage 4 x=0x1.510d0d9eb0000p+8 libm=0x1.4d5c39910fbf7p+50 cr=0x1.4d5c39910fbf8p+50 (libm - cr = -1.0 ulp)
[01:13:17Z] K1-DUR-dt2/8 appel 980 pas 245 etage 4 x=0x1.51df3a18c0000p+8 libm=0x1.5243141b5eb79p+50 cr=0x1.5243141b5eb7ap+50 (libm - cr = -1.0 ulp)
[01:13:17Z] K1-DUR-dt2/8 appel 981 pas 246 etage 1 x=0x1.51df3a18c0000p+8 libm=0x1.5243141b5eb79p+50 cr=0x1.5243141b5eb7ap+50 (libm - cr = -1.0 ulp)
[01:13:17Z] K1-DUR-dt2/8 appel 1070 pas 268 etage 2 x=0x1.53f1bc6ac0000p+8 libm=0x1.5ee712948fbaap+50 cr=0x1.5ee712948fbabp+50 (libm - cr = -1.0 ulp)
[01:13:17Z] K1-DUR-dt2/8 appel 1131 pas 283 etage 3 x=0x1.555780a370000p+8 libm=0x1.67a5c4575432ep+50 cr=0x1.67a5c4575432fp+50 (libm - cr = -1.0 ulp)
[01:13:17Z] K1-DUR-dt2/8 appel 1155 pas 289 etage 3 x=0x1.55e7894be0000p+8 libm=0x1.6b38138c17424p+50 cr=0x1.6b38138c17425p+50 (libm - cr = -1.0 ulp)
[01:13:17Z] K1-DUR-dt2/8 appel 1193 pas 299 etage 1 x=0x1.56ccaf1640000p+8 libm=0x1.70f64444494b3p+50 cr=0x1.70f64444494b4p+50 (libm - cr = -1.0 ulp)
[01:13:17Z] K1-DUR-dt2/8 appel 1225 pas 307 etage 1 x=0x1.578eb3a8f0000p+8 libm=0x1.75e22a0356006p+50 cr=0x1.75e22a0356007p+50 (libm - cr = -1.0 ulp)
[01:13:17Z] K1-DUR-dt2/8 appel 1229 pas 308 etage 1 x=0x1.57a7059cd0000p+8 libm=0x1.768113412fe7bp+50 cr=0x1.768113412fe7cp+50 (libm - cr = -1.0 ulp)
[01:13:17Z] K1-DUR-dt2/8 appel 1237 pas 310 etage 1 x=0x1.57d7b52580000p+8 libm=0x1.77bfdadaa5904p+50 cr=0x1.77bfdadaa5905p+50 (libm - cr = -1.0 ulp)
[01:13:17Z] K1-DUR-dt2/8 appel 1254 pas 314 etage 2 x=0x1.5845787010000p+8 libm=0x1.7a91cabb3fba0p+50 cr=0x1.7a91cabb3fba1p+50 (libm - cr = -1.0 ulp)
[01:13:17Z] K1-DUR-dt2/8 appel 1306 pas 327 etage 2 x=0x1.59844e5a90000p+8 libm=0x1.82dc81ddb59d1p+50 cr=0x1.82dc81ddb59d2p+50 (libm - cr = -1.0 ulp)
[01:13:17Z] K1-DUR-dt2/8 appel 1324 pas 331 etage 4 x=0x1.59f347a7c0000p+8 libm=0x1.85c85e08a3353p+50 cr=0x1.85c85e08a3354p+50 (libm - cr = -1.0 ulp)
[01:13:17Z] K1-DUR-dt2/8 appel 1325 pas 332 etage 1 x=0x1.59f347a7a0000p+8 libm=0x1.85c85e07cae19p+50 cr=0x1.85c85e07cae1ap+50 (libm - cr = -1.0 ulp)
[01:13:17Z] K1-DUR-dt2/8 appel 1352 pas 338 etage 4 x=0x1.5aa086e920000p+8 libm=0x1.8a614bdd71c15p+50 cr=0x1.8a614bdd71c16p+50 (libm - cr = -1.0 ulp)
[01:13:17Z] K1-DUR-dt2/8 appel 1353 pas 339 etage 1 x=0x1.5aa086e920000p+8 libm=0x1.8a614bdd71c15p+50 cr=0x1.8a614bdd71c16p+50 (libm - cr = -1.0 ulp)
[01:13:17Z] K1-DUR-dt2/8 appel 1393 pas 349 etage 1 x=0x1.5b9959a3c0000p+8 libm=0x1.910fdca66a131p+50 cr=0x1.910fdca66a132p+50 (libm - cr = -1.0 ulp)
[01:13:17Z] K1-DUR-dt2/8 appel 1443 pas 361 etage 3 x=0x1.5cd2992a70000p+8 libm=0x1.999b9a3f444bdp+50 cr=0x1.999b9a3f444bep+50 (libm - cr = -1.0 ulp)
[01:13:17Z] K1-DUR-dt2/8 appel 1486 pas 372 etage 2 x=0x1.5de84fb090000p+8 libm=0x1.a14f84c672ff0p+50 cr=0x1.a14f84c672ff1p+50 (libm - cr = -1.0 ulp)
[01:13:17Z] K1-DUR-dt2/8 appel 1519 pas 380 etage 3 x=0x1.5eb383f5b0000p+8 libm=0x1.a705e04f4f3dap+50 cr=0x1.a705e04f4f3dbp+50 (libm - cr = -1.0 ulp)
[01:13:17Z] K1-DUR-dt2/8 appel 1534 pas 384 etage 2 x=0x1.5f19804080000p+8 libm=0x1.a9ea13d91d0a5p+50 cr=0x1.a9ea13d91d0a6p+50 (libm - cr = -1.0 ulp)
[01:13:17Z] K1-DUR-dt2/8 appel 1547 pas 387 etage 3 x=0x1.5f662b23e0000p+8 libm=0x1.ac194b8f8902dp+50 cr=0x1.ac194b8f8902ep+50 (libm - cr = -1.0 ulp)
[01:13:17Z] K1-DUR-dt2/8 appel 1558 pas 390 etage 2 x=0x1.5fb2f9a3a0000p+8 libm=0x1.ae4bec088517ap+50 cr=0x1.ae4bec088517bp+50 (libm - cr = -1.0 ulp)
[01:13:17Z] K1-DUR-dt2/8 appel 1568 pas 392 etage 4 x=0x1.5ff3195660000p+8 libm=0x1.b0237c653913dp+50 cr=0x1.b0237c653913ep+50 (libm - cr = -1.0 ulp)
[01:13:17Z] K1-DUR-dt2/8 appel 1587 pas 397 etage 3 x=0x1.6066c79100000p+8 libm=0x1.b37a737ff53f7p+50 cr=0x1.b37a737ff53f8p+50 (libm - cr = -1.0 ulp)
[01:13:17Z] K1-DUR-dt2/8 appel 1600 pas 400 etage 4 x=0x1.60c0fb22c0000p+8 libm=0x1.b618ebc46363dp+50 cr=0x1.b618ebc46363ep+50 (libm - cr = -1.0 ulp)
[01:13:17Z] K1-DUR-dt2/8 appel 1601 pas 401 etage 1 x=0x1.60c0fb22c0000p+8 libm=0x1.b618ebc46363dp+50 cr=0x1.b618ebc46363ep+50 (libm - cr = -1.0 ulp)
[01:13:17Z] K1-DUR-dt2/8 appel 1611 pas 403 etage 3 x=0x1.610189dbc0000p+8 libm=0x1.b7fad6c502d42p+50 cr=0x1.b7fad6c502d43p+50 (libm - cr = -1.0 ulp)
[01:13:17Z] K1-DUR-dt2/8 appel 1622 pas 406 etage 2 x=0x1.614f235900000p+8 libm=0x1.ba4065d06ab58p+50 cr=0x1.ba4065d06ab59p+50 (libm - cr = -1.0 ulp)
[01:13:17Z] K1-DUR-dt2/8 appel 1648 pas 412 etage 4 x=0x1.61f7cc0f60000p+8 libm=0x1.bf3905adfb250p+50 cr=0x1.bf3905adfb251p+50 (libm - cr = -1.0 ulp)
[01:13:17Z] K1-DUR-dt2/8 appel 1649 pas 413 etage 1 x=0x1.61f7cc0f60000p+8 libm=0x1.bf3905adfb250p+50 cr=0x1.bf3905adfb251p+50 (libm - cr = -1.0 ulp)
[01:13:17Z] K1-DUR-dt2/8 appel 1662 pas 416 etage 2 x=0x1.6252e75da0000p+8 libm=0x1.c1ed6a6f491bap+50 cr=0x1.c1ed6a6f491bbp+50 (libm - cr = -1.0 ulp)
[01:13:17Z] K1-DUR-dt2/8 appel 1693 pas 424 etage 1 x=0x1.6316d5b500000p+8 libm=0x1.c7ca485c700cbp+50 cr=0x1.c7ca485c700ccp+50 (libm - cr = -1.0 ulp)
[01:13:17Z] K1-DUR-dt2/8 appel 1730 pas 433 etage 2 x=0x1.6410618120000p+8 libm=0x1.cf596a4f9db24p+50 cr=0x1.cf596a4f9db25p+50 (libm - cr = -1.0 ulp)
[01:13:17Z] K1-DUR-dt2/8 appel 1732 pas 433 etage 4 x=0x1.641d8f5260000p+8 libm=0x1.cfc05a1bb8b50p+50 cr=0x1.cfc05a1bb8b51p+50 (libm - cr = -1.0 ulp)
[01:13:17Z] K1-DUR-dt2/8 appel 1735 pas 434 etage 3 x=0x1.642abe3c80000p+8 libm=0x1.d0276589e0299p+50 cr=0x1.d0276589e029ap+50 (libm - cr = -1.0 ulp)
[01:13:17Z] K1-DUR-dt2/8 appel 1739 pas 435 etage 3 x=0x1.64451e4380000p+8 libm=0x1.d0f5c6db20ef5p+50 cr=0x1.d0f5c6db20ef6p+50 (libm - cr = -1.0 ulp)
[01:13:17Z] K1-DUR-dt2/8 appel 1749 pas 438 etage 1 x=0x1.6487210680000p+8 libm=0x1.d2fb9bb626710p+50 cr=0x1.d2fb9bb626711p+50 (libm - cr = -1.0 ulp)
[01:13:17Z] K1-DUR-dt2/8 appel 1760 pas 440 etage 4 x=0x1.64d67c90e0000p+8 libm=0x1.d56c9fd6bebd2p+50 cr=0x1.d56c9fd6bebd3p+50 (libm - cr = -1.0 ulp)
[01:13:17Z] K1-DUR-dt2/8 appel 1768 pas 442 etage 4 x=0x1.650b7a5ae0000p+8 libm=0x1.d70f7ef599373p+50 cr=0x1.d70f7ef599374p+50 (libm - cr = -1.0 ulp)
[01:13:17Z] K1-DUR-dt2/8 appel 1796 pas 449 etage 4 x=0x1.65c57e6380000p+8 libm=0x1.dcd781be0c624p+50 cr=0x1.dcd781be0c625p+50 (libm - cr = -1.0 ulp)
[01:13:17Z] K1-DUR-dt2/8 appel 1797 pas 450 etage 1 x=0x1.65c57e6380000p+8 libm=0x1.dcd781be0c624p+50 cr=0x1.dcd781be0c625p+50 (libm - cr = -1.0 ulp)
[01:13:17Z] K1-DUR-dt2/8 appel 1817 pas 455 etage 1 x=0x1.664ae27320000p+8 libm=0x1.e1061b77b6ff2p+50 cr=0x1.e1061b77b6ff3p+50 (libm - cr = -1.0 ulp)
[01:13:17Z] K1-DUR-dt2/8 appel 1854 pas 464 etage 2 x=0x1.6749888560000p+8 libm=0x1.e917a95fc0728p+50 cr=0x1.e917a95fc0729p+50 (libm - cr = -1.0 ulp)
[01:13:17Z] K1-DUR-dt2/8 appel 1867 pas 467 etage 3 x=0x1.679a48e180000p+8 libm=0x1.ebacaa46e1078p+50 cr=0x1.ebacaa46e1079p+50 (libm - cr = -1.0 ulp)
[01:13:17Z] K1-DUR-dt2/8 appel 1897 pas 475 etage 1 x=0x1.6864d97d20000p+8 libm=0x1.f23399b471656p+50 cr=0x1.f23399b471657p+50 (libm - cr = -1.0 ulp)
[01:13:17Z] K1-DUR-dt2/8 appel 1900 pas 475 etage 4 x=0x1.687fef3000000p+8 libm=0x1.f31469fd31572p+50 cr=0x1.f31469fd31573p+50 (libm - cr = -1.0 ulp)
[01:13:17Z] K1-DUR-dt2/8 appel 1901 pas 476 etage 1 x=0x1.687fef3000000p+8 libm=0x1.f31469fd31572p+50 cr=0x1.f31469fd31573p+50 (libm - cr = -1.0 ulp)
[01:13:17Z] K1-DUR-dt2/8 appel 1910 pas 478 etage 2 x=0x1.68c3b8ea40000p+8 libm=0x1.f54887140dae8p+50 cr=0x1.f54887140dae9p+50 (libm - cr = -1.0 ulp)
[01:13:17Z] K1-DUR-dt2/8 appel 1928 pas 482 etage 4 x=0x1.693e07a080000p+8 libm=0x1.f94796c26d103p+50 cr=0x1.f94796c26d104p+50 (libm - cr = -1.0 ulp)
[01:13:17Z] K1-DUR-dt2/8 appel 1941 pas 486 etage 1 x=0x1.698fc4f0a0000p+8 libm=0x1.fbf7182b0041bp+50 cr=0x1.fbf7182b0041cp+50 (libm - cr = -1.0 ulp)
[01:13:17Z] K1-DUR-dt2/8 appel 1960 pas 490 etage 4 x=0x1.6a185d1b20000p+8 libm=0x1.003d635af7910p+51 cr=0x1.003d635af7911p+51 (libm - cr = -1.0 ulp)
[01:13:17Z] K1-DUR-dt2/8 appel 1967 pas 492 etage 3 x=0x1.6a416ecb00000p+8 libm=0x1.00ebf571265a4p+51 cr=0x1.00ebf571265a5p+51 (libm - cr = -1.0 ulp)
[01:13:17Z] K1-DUR-dt2/8 appel 1972 pas 493 etage 4 x=0x1.6a6a89cd60000p+8 libm=0x1.019b125a07907p+51 cr=0x1.019b125a07908p+51 (libm - cr = -1.0 ulp)
[01:13:17Z] K1-DUR-dt2/8 appel 1990 pas 498 etage 2 x=0x1.6ae61b0fe0000p+8 libm=0x1.03abd20dba038p+51 cr=0x1.03abd20dba039p+51 (libm - cr = -1.0 ulp)
[01:13:17Z] K1-DUR-dt2/8 appel 2003 pas 501 etage 3 x=0x1.6b38b23180000p+8 libm=0x1.050f3175a7d00p+51 cr=0x1.050f3175a7d01p+51 (libm - cr = -1.0 ulp)
[01:13:17Z] K1-DUR-dt2/8 appel 2029 pas 508 etage 1 x=0x1.6bec329640000p+8 libm=0x1.0819055ecad6ep+51 cr=0x1.0819055ecad6fp+51 (libm - cr = -1.0 ulp)
[01:13:17Z] K1-DUR-dt2/8 appel 2042 pas 511 etage 2 x=0x1.6c4d2cb1a0000p+8 libm=0x1.09c060851eb02p+51 cr=0x1.09c060851eb03p+51 (libm - cr = -1.0 ulp)
[01:13:17Z] K1-DUR-dt2/8 appel 2043 pas 511 etage 3 x=0x1.6c4d2de1a0000p+8 libm=0x1.09c065b7b21e3p+51 cr=0x1.09c065b7b21e4p+51 (libm - cr = -1.0 ulp)
[01:13:17Z] K1-DUR-dt2/8 appel 2095 pas 524 etage 3 x=0x1.6db762c9c0000p+8 libm=0x1.100135eb702cep+51 cr=0x1.100135eb702cfp+51 (libm - cr = -1.0 ulp)
[01:13:17Z] K1-DUR-dt2/8 appel 2131 pas 533 etage 3 x=0x1.6eb4014340000p+8 libm=0x1.14702b12875e0p+51 cr=0x1.14702b12875e1p+51 (libm - cr = -1.0 ulp)
[01:13:17Z] K1-DUR-dt2/8 appel 2190 pas 548 etage 2 x=0x1.705c756fe0000p+8 libm=0x1.1c05d730be66cp+51 cr=0x1.1c05d730be66dp+51 (libm - cr = -1.0 ulp)
[01:13:17Z] K1-DUR-dt2/8 appel 2195 pas 549 etage 3 x=0x1.7078ea1960000p+8 libm=0x1.1c8995696495cp+51 cr=0x1.1c8995696495dp+51 (libm - cr = -1.0 ulp)
[01:13:17Z] K1-DUR-dt2/8 appel 2197 pas 550 etage 1 x=0x1.7087250ca0000p+8 libm=0x1.1ccb8a7adeac5p+51 cr=0x1.1ccb8a7adeac6p+51 (libm - cr = -1.0 ulp)
[01:13:17Z] K1-DUR-dt2/8 appel 2278 pas 570 etage 2 x=0x1.72d2df7840000p+8 libm=0x1.279b7bdcdfb09p+51 cr=0x1.279b7bdcdfb0ap+51 (libm - cr = -1.0 ulp)
[01:13:17Z] K1-DUR-dt2/8 appel 2281 pas 571 etage 1 x=0x1.72e1503320000p+8 libm=0x1.27e093fd9e6dbp+51 cr=0x1.27e093fd9e6dcp+51 (libm - cr = -1.0 ulp)
[01:13:17Z] K1-DUR-dt2/8 appel 2327 pas 582 etage 3 x=0x1.742ec19b00000p+8 libm=0x1.2e2ab9232903ep+51 cr=0x1.2e2ab9232903fp+51 (libm - cr = -1.0 ulp)
[01:13:17Z] K1-DUR-dt2/8 appel 2338 pas 585 etage 2 x=0x1.74862b6e40000p+8 libm=0x1.2fd583d8dd2f6p+51 cr=0x1.2fd583d8dd2f7p+51 (libm - cr = -1.0 ulp)
[01:13:17Z] K1-DUR-dt2/8 appel 2392 pas 598 etage 4 x=0x1.7611cc9440000p+8 libm=0x1.3779c7b6dbda6p+51 cr=0x1.3779c7b6dbda7p+51 (libm - cr = -1.0 ulp)
[01:13:17Z] K1-DUR-dt2/8 appel 2406 pas 602 etage 2 x=0x1.7678f86680000p+8 libm=0x1.397e9d4b6f35fp+51 cr=0x1.397e9d4b6f360p+51 (libm - cr = -1.0 ulp)
[01:13:17Z] K1-DUR-dt2/8 appel 2409 pas 603 etage 1 x=0x1.7687bb7e40000p+8 libm=0x1.39c8cae7d68bep+51 cr=0x1.39c8cae7d68bfp+51 (libm - cr = -1.0 ulp)
[01:13:17Z] K1-DUR-dt2/8 appel 2416 pas 604 etage 4 x=0x1.76c2d25920000p+8 libm=0x1.3af2488bacc20p+51 cr=0x1.3af2488bacc21p+51 (libm - cr = -1.0 ulp)
[01:13:17Z] K1-DUR-dt2/8 appel 2474 pas 619 etage 2 x=0x1.7871adfe40000p+8 libm=0x1.43875c800c9f0p+51 cr=0x1.43875c800c9f1p+51 (libm - cr = -1.0 ulp)
[01:13:17Z] K1-DUR-dt2/8 appel 2491 pas 623 etage 3 x=0x1.78e94f7f80000p+8 libm=0x1.45f22afc161ebp+51 cr=0x1.45f22afc161ecp+51 (libm - cr = -1.0 ulp)
[01:13:17Z] K1-DUR-dt2/8 appel 2509 pas 628 etage 1 x=0x1.7970496fa0000p+8 libm=0x1.48b0f8cbca6b0p+51 cr=0x1.48b0f8cbca6b1p+51 (libm - cr = -1.0 ulp)
[01:13:17Z] K1-DUR-dt2/8 appel 2515 pas 629 etage 3 x=0x1.799d607f20000p+8 libm=0x1.499cd8a47e726p+51 cr=0x1.499cd8a47e727p+51 (libm - cr = -1.0 ulp)
[01:13:17Z] K1-DUR-dt2/8 appel 2603 pas 651 etage 3 x=0x1.7c38246780000p+8 libm=0x1.577da84c2def4p+51 cr=0x1.577da84c2def5p+51 (libm - cr = -1.0 ulp)
[01:13:17Z] K1-DUR-dt2/8 appel 2605 pas 652 etage 1 x=0x1.7c4769e2a0000p+8 libm=0x1.57d0779b4f017p+51 cr=0x1.57d0779b4f018p+51 (libm - cr = -1.0 ulp)
[01:13:17Z] K1-DUR-dt2/8 appel 2610 pas 653 etage 2 x=0x1.7c7543fe80000p+8 libm=0x1.58c97df04dd80p+51 cr=0x1.58c97df04dd81p+51 (libm - cr = -1.0 ulp)
[01:13:17Z] K1-DUR-dt2/8 appel 2615 pas 654 etage 3 x=0x1.7c93de2860000p+8 libm=0x1.5970054d23a48p+51 cr=0x1.5970054d23a49p+51 (libm - cr = -1.0 ulp)
[01:13:17Z] K1-DUR-dt2/8 appel 2662 pas 666 etage 2 x=0x1.7e04b7e620000p+8 libm=0x1.615be3a3cd14ap+51 cr=0x1.615be3a3cd14bp+51 (libm - cr = -1.0 ulp)
[01:13:17Z] K1-DUR-dt2/8 appel 2697 pas 675 etage 1 x=0x1.7f0be6d620000p+8 libm=0x1.671a62b0c10dbp+51 cr=0x1.671a62b0c10dcp+51 (libm - cr = -1.0 ulp)
[01:13:17Z] K1-DUR-dt2/8 appel 2826 pas 707 etage 2 x=0x1.83090df260000p+8 libm=0x1.7e21f3854f7ebp+51 cr=0x1.7e21f3854f7ecp+51 (libm - cr = -1.0 ulp)
[01:13:17Z] K1-DUR-dt2/8 appel 2831 pas 708 etage 3 x=0x1.8328dc3ba0000p+8 libm=0x1.7ede851cb05eap+51 cr=0x1.7ede851cb05ebp+51 (libm - cr = -1.0 ulp)
[01:13:17Z] K1-DUR-dt2/8 appel 2862 pas 716 etage 2 x=0x1.8428159240000p+8 libm=0x1.84d2ad3338ed7p+51 cr=0x1.84d2ad3338ed8p+51 (libm - cr = -1.0 ulp)
[01:13:17Z] K1-DUR-dt2/8 appel 2873 pas 719 etage 1 x=0x1.8478266ba0000p+8 libm=0x1.86b4ddd8e91bdp+51 cr=0x1.86b4ddd8e91bep+51 (libm - cr = -1.0 ulp)
[01:13:17Z] K1-DUR-dt2/8 appel 2885 pas 722 etage 1 x=0x1.84d86adac0000p+8 libm=0x1.88fb3460433e0p+51 cr=0x1.88fb3460433e1p+51 (libm - cr = -1.0 ulp)
[01:13:17Z] K1-DUR-dt2/8 appel 2896 pas 724 etage 4 x=0x1.8538e50800000p+8 libm=0x1.8b45a4f85d0bep+51 cr=0x1.8b45a4f85d0bfp+51 (libm - cr = -1.0 ulp)
[01:13:17Z] K1-DUR-dt2/8 appel 2905 pas 727 etage 1 x=0x1.8579546da0000p+8 libm=0x1.8ccee6585cbdbp+51 cr=0x1.8ccee6585cbdcp+51 (libm - cr = -1.0 ulp)
[01:13:17Z] K1-DUR-dt2/8 appel 2926 pas 732 etage 2 x=0x1.862b020900000p+8 libm=0x1.9111e4f899ccep+51 cr=0x1.9111e4f899ccfp+51 (libm - cr = -1.0 ulp)
[01:13:17Z] K1-DUR-dt2/8 appel 2964 pas 741 etage 4 x=0x1.875f995640000p+8 libm=0x1.988fefd98bea1p+51 cr=0x1.988fefd98bea2p+51 (libm - cr = -1.0 ulp)
[01:13:17Z] K1-DUR-dt2/8 appel 2965 pas 742 etage 1 x=0x1.875f995600000p+8 libm=0x1.988fefd7fb0cap+51 cr=0x1.988fefd7fb0cbp+51 (libm - cr = -1.0 ulp)
[01:13:17Z] K1-DUR-dt2/8 appel 2970 pas 743 etage 2 x=0x1.8790844420000p+8 libm=0x1.99c2b53687223p+51 cr=0x1.99c2b53687224p+51 (libm - cr = -1.0 ulp)
[01:13:17Z] K1-DUR-dt2/8 appel 2986 pas 747 etage 2 x=0x1.88133c2700000p+8 libm=0x1.9cfa2525bf0d9p+51 cr=0x1.9cfa2525bf0dap+51 (libm - cr = -1.0 ulp)
[01:13:17Z] K1-DUR-dt2/8 appel 3010 pas 753 etage 2 x=0x1.88d80885e0000p+8 libm=0x1.a1dbff30a11c9p+51 cr=0x1.a1dbff30a11cap+51 (libm - cr = -1.0 ulp)
[01:13:17Z] K1-DUR-dt2/8 appel 3015 pas 754 etage 3 x=0x1.88f8ec6b60000p+8 libm=0x1.a2ae137e1c577p+51 cr=0x1.a2ae137e1c578p+51 (libm - cr = -1.0 ulp)
[01:13:17Z] K1-DUR-dt2/8 appel 3018 pas 755 etage 2 x=0x1.8919d36a80000p+8 libm=0x1.a38093a189c7cp+51 cr=0x1.a38093a189c7dp+51 (libm - cr = -1.0 ulp)
[01:13:17Z] K1-DUR-dt2/8 appel 3019 pas 755 etage 3 x=0x1.8919d4f740000p+8 libm=0x1.a3809d8dead40p+51 cr=0x1.a3809d8dead41p+51 (libm - cr = -1.0 ulp)
[01:13:17Z] K1-DUR-dt2/8 appel 3045 pas 762 etage 1 x=0x1.89f05341a0000p+8 libm=0x1.a8e5597307c8ap+51 cr=0x1.a8e5597307c8bp+51 (libm - cr = -1.0 ulp)
[01:13:17Z] K1-DUR-dt2/8 appel 3091 pas 773 etage 3 x=0x1.8b6e5a7840000p+8 libm=0x1.b2a52d710825ap+51 cr=0x1.b2a52d710825bp+51 (libm - cr = -1.0 ulp)
[01:13:17Z] K1-DUR-dt2/8 appel 3109 pas 778 etage 1 x=0x1.8c04b9ff20000p+8 libm=0x1.b688947586e8cp+51 cr=0x1.b688947586e8dp+51 (libm - cr = -1.0 ulp)
[01:13:17Z] K1-DUR-dt2/8 appel 3110 pas 778 etage 2 x=0x1.8c157683a0000p+8 libm=0x1.b6f7d32246eebp+51 cr=0x1.b6f7d32246eecp+51 (libm - cr = -1.0 ulp)
[01:13:17Z] K1-DUR-dt2/8 appel 3137 pas 785 etage 1 x=0x1.8cefa5a0a0000p+8 libm=0x1.bcaa7e5956954p+51 cr=0x1.bcaa7e5956955p+51 (libm - cr = -1.0 ulp)
[01:13:17Z] K1-DUR-dt2/8 appel 3147 pas 787 etage 3 x=0x1.8d43d8f2a0000p+8 libm=0x1.bee19e5857b4ap+51 cr=0x1.bee19e5857b4bp+51 (libm - cr = -1.0 ulp)
[01:13:17Z] K1-DUR-dt2/8 appel 3189 pas 798 etage 1 x=0x1.8ea731be40000p+8 libm=0x1.c8550888928cep+51 cr=0x1.c8550888928cfp+51 (libm - cr = -1.0 ulp)
[01:13:17Z] K1-DUR-dt2/8 appel 3210 pas 803 etage 2 x=0x1.8f6271c8e0000p+8 libm=0x1.cd61005d29f00p+51 cr=0x1.cd61005d29effp+51 (libm - cr = +1.0 ulp)
[01:13:17Z] K1-DUR-dt2/8 appel 3218 pas 805 etage 2 x=0x1.8fa6ba7ae0000p+8 libm=0x1.cf3b17a360eefp+51 cr=0x1.cf3b17a360ef0p+51 (libm - cr = -1.0 ulp)
[01:13:17Z] K1-DUR-dt2/8 appel 3221 pas 806 etage 1 x=0x1.8fb7d194c0000p+8 libm=0x1.cfb1ff1946e38p+51 cr=0x1.cfb1ff1946e39p+51 (libm - cr = -1.0 ulp)
[01:13:17Z] K1-DUR-dt2/8 appel 3230 pas 808 etage 2 x=0x1.900d58d640000p+8 libm=0x1.d2068c3bc38cbp+51 cr=0x1.d2068c3bc38ccp+51 (libm - cr = -1.0 ulp)
[01:13:17Z] K1-DUR-dt2/8 appel 3246 pas 812 etage 2 x=0x1.9096885a80000p+8 libm=0x1.d5c89ea0d79edp+51 cr=0x1.d5c89ea0d79eep+51 (libm - cr = -1.0 ulp)
[01:13:17Z] K1-DUR-dt2/8 appel 3249 pas 813 etage 1 x=0x1.90a7b690e0000p+8 libm=0x1.d6418f395c9ffp+51 cr=0x1.d6418f395ca00p+51 (libm - cr = -1.0 ulp)
[01:13:17Z] K1-DUR-dt2/8 appel 3256 pas 814 etage 4 x=0x1.90ec7cb120000p+8 libm=0x1.d826b30049857p+51 cr=0x1.d826b30049858p+51 (libm - cr = -1.0 ulp)
[01:13:17Z] K1-DUR-dt2/8 appel 3285 pas 822 etage 1 x=0x1.91de03e420000p+8 libm=0x1.dedb657d492e3p+51 cr=0x1.dedb657d492e4p+51 (libm - cr = -1.0 ulp)
[01:13:17Z] K1-DUR-dt2/8 appel 3330 pas 833 etage 2 x=0x1.936d98f400000p+8 libm=0x1.ea20160bb0034p+51 cr=0x1.ea20160bb0035p+51 (libm - cr = -1.0 ulp)
[01:13:17Z] K1-DUR-dt2/8 appel 3343 pas 836 etage 3 x=0x1.93d66b4400000p+8 libm=0x1.ed1e1d49e9127p+51 cr=0x1.ed1e1d49e9128p+51 (libm - cr = -1.0 ulp)
[01:13:17Z] K1-DUR-dt2/8 appel 3360 pas 840 etage 4 x=0x1.9474166ea0000p+8 libm=0x1.f1a5aecfd8800p+51 cr=0x1.f1a5aecfd8801p+51 (libm - cr = -1.0 ulp)
[01:13:17Z] K1-DUR-dt2/8 appel 3363 pas 841 etage 3 x=0x1.9485a4bb60000p+8 libm=0x1.f227581bc80eap+51 cr=0x1.f227581bc80ebp+51 (libm - cr = -1.0 ulp)
[01:13:17Z] K1-DUR-dt2/8 appel 3398 pas 850 etage 2 x=0x1.95c2bb2120000p+8 libm=0x1.fb603d6dd86e1p+51 cr=0x1.fb603d6dd86e2p+51 (libm - cr = -1.0 ulp)
[01:13:17Z] K1-DUR-dt2/8 appel 3401 pas 851 etage 1 x=0x1.95d46a2f80000p+8 libm=0x1.fbe4f887da759p+51 cr=0x1.fbe4f887da75ap+51 (libm - cr = -1.0 ulp)
[01:13:17Z] K1-DUR-dt2/8 appel 3451 pas 863 etage 3 x=0x1.9790a3fd00000p+8 libm=0x1.048841b3c50e5p+52 cr=0x1.048841b3c50e6p+52 (libm - cr = -1.0 ulp)
[01:13:17Z] K1-DUR-dt2/8 appel 3459 pas 865 etage 3 x=0x1.97d81cfbe0000p+8 libm=0x1.059adb216a66ep+52 cr=0x1.059adb216a66fp+52 (libm - cr = -1.0 ulp)
[01:13:17Z] K1-DUR-dt2/8 appel 3465 pas 867 etage 1 x=0x1.980dc95dc0000p+8 libm=0x1.0669b0624ac03p+52 cr=0x1.0669b0624ac04p+52 (libm - cr = -1.0 ulp)
[01:13:17Z] K1-DUR-dt2/8 appel 3481 pas 871 etage 1 x=0x1.989d3a9300000p+8 libm=0x1.089510931f640p+52 cr=0x1.089510931f641p+52 (libm - cr = -1.0 ulp)
[01:13:17Z] K1-DUR-dt2/8 appel 3485 pas 872 etage 1 x=0x1.98c1289cc0000p+8 libm=0x1.0920c646433bbp+52 cr=0x1.0920c646433bcp+52 (libm - cr = -1.0 ulp)
[01:13:17Z] K1-DUR-dt2/8 appel 3489 pas 873 etage 1 x=0x1.98e51dc320000p+8 libm=0x1.09acd527a66c7p+52 cr=0x1.09acd527a66c8p+52 (libm - cr = -1.0 ulp)
[01:13:17Z] K1-DUR-dt2/8 appel 3503 pas 876 etage 3 x=0x1.996330cec0000p+8 libm=0x1.0b99cecdd769ep+52 cr=0x1.0b99cecdd769fp+52 (libm - cr = -1.0 ulp)
[01:13:17Z] K1-DUR-dt2/8 appel 3537 pas 885 etage 1 x=0x1.9a96c96460000p+8 libm=0x1.1059138e316a3p+52 cr=0x1.1059138e316a4p+52 (libm - cr = -1.0 ulp)
[01:13:17Z] K1-DUR-dt2/8 appel 3548 pas 887 etage 4 x=0x1.9b03d64080000p+8 libm=0x1.120c3562de2b4p+52 cr=0x1.120c3562de2b3p+52 (libm - cr = +1.0 ulp)
[01:13:17Z] K1-DUR-dt2/8 appel 3577 pas 895 etage 1 x=0x1.9c0347c1e0000p+8 libm=0x1.16105853c59e9p+52 cr=0x1.16105853c59eap+52 (libm - cr = -1.0 ulp)
[01:13:17Z] K1-DUR-dt2/8 appel 3594 pas 899 etage 2 x=0x1.9ca83a8740000p+8 libm=0x1.18aee51bdf210p+52 cr=0x1.18aee51bdf211p+52 (libm - cr = -1.0 ulp)
[01:13:17Z] K1-DUR-dt2/8 appel 3611 pas 903 etage 3 x=0x1.9d3b590dc0000p+8 libm=0x1.1b0966250a534p+52 cr=0x1.1b0966250a535p+52 (libm - cr = -1.0 ulp)
[01:13:17Z] K1-DUR-dt2/8 appel 3613 pas 904 etage 1 x=0x1.9d4dc40420000p+8 libm=0x1.1b551f38b6e79p+52 cr=0x1.1b551f38b6e7ap+52 (libm - cr = -1.0 ulp)
[01:13:17Z] K1-DUR-dt2/8 appel 3619 pas 905 etage 3 x=0x1.9d8513b080000p+8 libm=0x1.1c38ecc09868ap+52 cr=0x1.1c38ecc09868bp+52 (libm - cr = -1.0 ulp)
[01:13:17Z] K1-DUR-dt2/8 appel 3635 pas 909 etage 3 x=0x1.9e18e1e800000p+8 libm=0x1.1e9c9945a0928p+52 cr=0x1.1e9c9945a0929p+52 (libm - cr = -1.0 ulp)
[01:13:17Z] K1-DUR-dt2/8 appel 3670 pas 918 etage 2 x=0x1.9f67244740000p+8 libm=0x1.2413b47a4beaep+52 cr=0x1.2413b47a4beafp+52 (libm - cr = -1.0 ulp)
[01:13:17Z] K1-DUR-dt2/8 appel 3696 pas 924 etage 4 x=0x1.a05a0a1180000p+8 libm=0x1.281a498e1d941p+52 cr=0x1.281a498e1d942p+52 (libm - cr = -1.0 ulp)
[01:13:17Z] K1-DUR-dt2/8 appel 3701 pas 926 etage 1 x=0x1.a07f84bb60000p+8 libm=0x1.28ba5afdb4c32p+52 cr=0x1.28ba5afdb4c33p+52 (libm - cr = -1.0 ulp)
[01:13:17Z] K1-DUR-dt2/8 appel 3702 pas 926 etage 2 x=0x1.a09243f640000p+8 libm=0x1.290a86dadfd42p+52 cr=0x1.290a86dadfd43p+52 (libm - cr = -1.0 ulp)
[01:13:17Z] K1-DUR-dt2/8 appel 3722 pas 931 etage 2 x=0x1.a14e2e6e80000p+8 libm=0x1.2c320cfd8a22dp+52 cr=0x1.2c320cfd8a22ep+52 (libm - cr = -1.0 ulp)
[01:13:17Z] K1-DUR-dt2/8 appel 3723 pas 931 etage 3 x=0x1.a14e305780000p+8 libm=0x1.2c32153c2943fp+52 cr=0x1.2c32153c29440p+52 (libm - cr = -1.0 ulp)
[01:13:17Z] K1-DUR-dt2/8 appel 3725 pas 932 etage 1 x=0x1.a161048720000p+8 libm=0x1.2c83634afe8e3p+52 cr=0x1.2c83634afe8e4p+52 (libm - cr = -1.0 ulp)
[01:13:17Z] K1-DUR-dt2/8 appel 3732 pas 933 etage 4 x=0x1.a1ac6c3ba0000p+8 libm=0x1.2dc9b6ab1f9efp+52 cr=0x1.2dc9b6ab1f9f0p+52 (libm - cr = -1.0 ulp)
[01:13:17Z] K1-DUR-dt2/8 appel 3749 pas 938 etage 1 x=0x1.a24397c0e0000p+8 libm=0x1.305b65aa84954p+52 cr=0x1.305b65aa84955p+52 (libm - cr = -1.0 ulp)
[01:13:17Z] K1-DUR-dt2/8 appel 3755 pas 939 etage 3 x=0x1.a27c68cca0000p+8 libm=0x1.3153c9af19516p+52 cr=0x1.3153c9af19517p+52 (libm - cr = -1.0 ulp)
[01:13:17Z] K1-DUR-dt2/8 appel 3813 pas 954 etage 1 x=0x1.a4a51d3720000p+8 libm=0x1.3ae6bab4c1e30p+52 cr=0x1.3ae6bab4c1e31p+52 (libm - cr = -1.0 ulp)
[01:13:17Z] K1-DUR-dt2/8 appel 3815 pas 954 etage 3 x=0x1.a4b84a97e0000p+8 libm=0x1.3b3ce7f0aa6afp+52 cr=0x1.3b3ce7f0aa6b0p+52 (libm - cr = -1.0 ulp)
[01:13:17Z] K1-DUR-dt2/8 appel 3816 pas 954 etage 4 x=0x1.a4cb77f960000p+8 libm=0x1.3b9328d62a123p+52 cr=0x1.3b9328d62a124p+52 (libm - cr = -1.0 ulp)
[01:13:17Z] K1-DUR-dt2/8 appel 3836 pas 959 etage 4 x=0x1.a58bb40ac0000p+8 libm=0x1.3ef8067c8b03cp+52 cr=0x1.3ef8067c8b03dp+52 (libm - cr = -1.0 ulp)
[01:13:17Z] K1-DUR-dt2/8 appel 3837 pas 960 etage 1 x=0x1.a58bb40a80000p+8 libm=0x1.3ef8067b68749p+52 cr=0x1.3ef8067b6874ap+52 (libm - cr = -1.0 ulp)
[01:13:17Z] K1-DUR-dt2/8 appel 3859 pas 965 etage 3 x=0x1.a6600f1740000p+8 libm=0x1.42c0df8258fa4p+52 cr=0x1.42c0df8258fa5p+52 (libm - cr = -1.0 ulp)
[01:13:17Z] K1-DUR-dt2/8 appel 3864 pas 966 etage 4 x=0x1.a69a21ea20000p+8 libm=0x1.43cb7d051e336p+52 cr=0x1.43cb7d051e337p+52 (libm - cr = -1.0 ulp)
[01:13:17Z] K1-DUR-dt2/8 appel 3873 pas 969 etage 1 x=0x1.a6e7ada600000p+8 libm=0x1.45309e4de5ffdp+52 cr=0x1.45309e4de5ffep+52 (libm - cr = -1.0 ulp)
[01:13:17Z] K1-DUR-dt2/8 appel 3888 pas 972 etage 4 x=0x1.a783255500000p+8 libm=0x1.480078f31737cp+52 cr=0x1.480078f31737dp+52 (libm - cr = -1.0 ulp)
[01:13:17Z] K1-DUR-dt2/8 appel 3910 pas 978 etage 2 x=0x1.a859bb5c60000p+8 libm=0x1.4bea9344794edp+52 cr=0x1.4bea9344794eep+52 (libm - cr = -1.0 ulp)
[01:13:17Z] K1-DUR-dt2/8 appel 3915 pas 979 etage 3 x=0x1.a880dbe0a0000p+8 libm=0x1.4ca25d9ef6020p+52 cr=0x1.4ca25d9ef6021p+52 (libm - cr = -1.0 ulp)
[01:13:17Z] K1-DUR-dt2/8 appel 4000 pas 1000 etage 4 x=0x1.abd1a6e8e0000p+8 libm=0x1.5c87b5e0af764p+52 cr=0x1.5c87b5e0af765p+52 (libm - cr = -1.0 ulp)
[01:13:17Z] K1-DUR-dt2/8 appel 4049 pas 1013 etage 1 x=0x1.adb1ec3b40000p+8 libm=0x1.65cd29c04bc1fp+52 cr=0x1.65cd29c04bc20p+52 (libm - cr = -1.0 ulp)
[01:13:17Z] K1-DUR-dt2/8 appel 4098 pas 1025 etage 2 x=0x1.afab44b880000p+8 libm=0x1.6fc71b40a697bp+52 cr=0x1.6fc71b40a697cp+52 (libm - cr = -1.0 ulp)
[01:13:17Z] K1-DUR-dt2/8 appel 4099 pas 1025 etage 3 x=0x1.afab46df40000p+8 libm=0x1.6fc726400d84ap+52 cr=0x1.6fc726400d84bp+52 (libm - cr = -1.0 ulp)
[01:13:17Z] K1-DUR-dt2/8 appel 4132 pas 1033 etage 4 x=0x1.b105e80500000p+8 libm=0x1.76c10d94c8878p+52 cr=0x1.76c10d94c8879p+52 (libm - cr = -1.0 ulp)
[01:13:17Z] K1-DUR-dt2/8 appel 4133 pas 1034 etage 1 x=0x1.b105e80500000p+8 libm=0x1.76c10d94c8878p+52 cr=0x1.76c10d94c8879p+52 (libm - cr = -1.0 ulp)
[01:13:17Z] K1-DUR-dt2/8 appel 4134 pas 1034 etage 2 x=0x1.b11a5e5700000p+8 libm=0x1.772b5abf94933p+52 cr=0x1.772b5abf94934p+52 (libm - cr = -1.0 ulp)
[01:13:17Z] K1-DUR-dt2/8 appel 4136 pas 1034 etage 4 x=0x1.b12ed903c0000p+8 libm=0x1.7795d7b104b4fp+52 cr=0x1.7795d7b104b50p+52 (libm - cr = -1.0 ulp)
[01:13:17Z] K1-DUR-dt2/8 appel 4152 pas 1038 etage 4 x=0x1.b1d2f43cc0000p+8 libm=0x1.7aeeb9559d1fbp+52 cr=0x1.7aeeb9559d1fcp+52 (libm - cr = -1.0 ulp)
[01:13:17Z] K1-DUR-dt2/8 appel 4175 pas 1044 etage 3 x=0x1.b2b57fbd80000p+8 libm=0x1.7f9813bea49bdp+52 cr=0x1.7f9813bea49bep+52 (libm - cr = -1.0 ulp)
[01:13:17Z] K1-DUR-dt2/8 appel 4182 pas 1046 etage 2 x=0x1.b308207840000p+8 libm=0x1.814e5cd7f464ap+52 cr=0x1.814e5cd7f464bp+52 (libm - cr = -1.0 ulp)
[01:13:17Z] K1-DUR-dt2/8 appel 4212 pas 1053 etage 4 x=0x1.b43f406b80000p+8 libm=0x1.87cf537d66b1dp+52 cr=0x1.87cf537d66b1ep+52 (libm - cr = -1.0 ulp)
[01:13:17Z] K1-DUR-dt2/8 appel 4233 pas 1059 etage 1 x=0x1.b50fc11d40000p+8 libm=0x1.8c382b0a784d2p+52 cr=0x1.8c382b0a784d3p+52 (libm - cr = -1.0 ulp)
[01:13:17Z] K1-DUR-dt2/8 appel 4282 pas 1071 etage 2 x=0x1.b71cdc32c0000p+8 libm=0x1.97821b773dc78p+52 cr=0x1.97821b773dc79p+52 (libm - cr = -1.0 ulp)
[01:13:17Z] K1-DUR-dt2/8 appel 4335 pas 1084 etage 3 x=0x1.b944e6e740000p+8 libm=0x1.a3a9f325f32fcp+52 cr=0x1.a3a9f325f32fdp+52 (libm - cr = -1.0 ulp)
[01:13:17Z] K1-DUR-dt2/8 appel 4339 pas 1085 etage 3 x=0x1.b96f9e6fc0000p+8 libm=0x1.a49deed5d5242p+52 cr=0x1.a49deed5d5243p+52 (libm - cr = -1.0 ulp)
[01:13:17Z] K1-DUR-dt2/8 appel 4366 pas 1092 etage 2 x=0x1.ba9ba62800000p+8 libm=0x1.ab5ca38758c78p+52 cr=0x1.ab5ca38758c79p+52 (libm - cr = -1.0 ulp)
[01:13:17Z] K1-DUR-dt2/8 appel 4386 pas 1097 etage 2 x=0x1.bb731016c0000p+8 libm=0x1.b0428c06ed713p+52 cr=0x1.b0428c06ed714p+52 (libm - cr = -1.0 ulp)
[01:13:17Z] K1-DUR-dt2/8 appel 4408 pas 1102 etage 4 x=0x1.bc6116f880000p+8 libm=0x1.b5b9fd4430d3ap+52 cr=0x1.b5b9fd4430d3bp+52 (libm - cr = -1.0 ulp)
[01:13:17Z] K1-DUR-dt2/8 appel 4414 pas 1104 etage 2 x=0x1.bca231fd00000p+8 libm=0x1.b73b534c8407fp+52 cr=0x1.b73b534c84080p+52 (libm - cr = -1.0 ulp)
[01:13:17Z] K1-DUR-dt2/8 appel 4445 pas 1112 etage 1 x=0x1.bde9034f80000p+8 libm=0x1.beda5dbab9d7bp+52 cr=0x1.beda5dbab9d7cp+52 (libm - cr = -1.0 ulp)
[01:13:17Z] K1-DUR-dt2/8 appel 4457 pas 1115 etage 1 x=0x1.be6c5488c0000p+8 libm=0x1.c1f235bae8da2p+52 cr=0x1.c1f235bae8da3p+52 (libm - cr = -1.0 ulp)
[01:13:17Z] K1-DUR-dt2/8 appel 4463 pas 1116 etage 3 x=0x1.beae1f0340000p+8 libm=0x1.c380a4c7246d0p+52 cr=0x1.c380a4c7246d1p+52 (libm - cr = -1.0 ulp)
[01:13:17Z] K1-DUR-dt2/8 appel 4482 pas 1121 etage 2 x=0x1.bf8a040800000p+8 libm=0x1.c8bcaed554862p+52 cr=0x1.c8bcaed554863p+52 (libm - cr = -1.0 ulp)
[01:13:17Z] K1-DUR-dt2/8 appel 4490 pas 1123 etage 2 x=0x1.bfe23e7c00000p+8 libm=0x1.cad9f94c696e8p+52 cr=0x1.cad9f94c696e9p+52 (libm - cr = -1.0 ulp)
[01:13:17Z] K1-DUR-dt2/8 appel 4491 pas 1123 etage 3 x=0x1.bfe240ee80000p+8 libm=0x1.cada0857765bcp+52 cr=0x1.cada0857765bdp+52 (libm - cr = -1.0 ulp)
[01:13:17Z] K1-DUR-dt2/8 appel 4493 pas 1124 etage 1 x=0x1.bff8547040000p+8 libm=0x1.cb61cc7b41624p+52 cr=0x1.cb61cc7b41625p+52 (libm - cr = -1.0 ulp)
[01:13:17Z] K1-DUR-dt2/8 appel 4494 pas 1124 etage 2 x=0x1.c00e6a64c0000p+8 libm=0x1.cbe9c12b30018p+52 cr=0x1.cbe9c12b30019p+52 (libm - cr = -1.0 ulp)
[01:13:17Z] K1-DUR-dt2/8 appel 4513 pas 1129 etage 1 x=0x1.c0d5aac480000p+8 libm=0x1.d0ba3dc92efdap+52 cr=0x1.d0ba3dc92efdbp+52 (libm - cr = -1.0 ulp)
[01:13:17Z] K1-DUR-dt2/8 appel 4515 pas 1129 etage 3 x=0x1.c0ebdbc5c0000p+8 libm=0x1.d1442bd19921cp+52 cr=0x1.d1442bd19921dp+52 (libm - cr = -1.0 ulp)
[01:13:17Z] K1-DUR-dt2/8 appel 4518 pas 1130 etage 2 x=0x1.c118404080000p+8 libm=0x1.d2587d9f2051fp+52 cr=0x1.d2587d9f20520p+52 (libm - cr = -1.0 ulp)
[01:13:17Z] K1-DUR-dt2/8 appel 4553 pas 1139 etage 1 x=0x1.c2933d1180000p+8 libm=0x1.dba54f1a52e74p+52 cr=0x1.dba54f1a52e75p+52 (libm - cr = -1.0 ulp)
[01:13:17Z] K1-DUR-dt2/8 appel 4555 pas 1139 etage 3 x=0x1.c2a99fc600000p+8 libm=0x1.dc332a21c2be6p+52 cr=0x1.dc332a21c2be7p+52 (libm - cr = -1.0 ulp)
[01:13:17Z] K1-DUR-dt2/8 appel 4560 pas 1140 etage 4 x=0x1.c2ecd1e800000p+8 libm=0x1.ddddce847c72ep+52 cr=0x1.ddddce847c72fp+52 (libm - cr = -1.0 ulp)
[01:13:17Z] K1-DUR-dt2/8 appel 4570 pas 1143 etage 2 x=0x1.c35d031d00000p+8 libm=0x1.e0a8ea123900dp+52 cr=0x1.e0a8ea123900ep+52 (libm - cr = -1.0 ulp)
[01:13:17Z] K1-DUR-dt2/8 appel 4608 pas 1152 etage 4 x=0x1.c5099d1cc0000p+8 libm=0x1.eb74f581744cfp+52 cr=0x1.eb74f581744d0p+52 (libm - cr = -1.0 ulp)
[01:13:17Z] K1-DUR-dt2/8 appel 4629 pas 1158 etage 1 x=0x1.c5eca1a040000p+8 libm=0x1.f141d3881612ep+52 cr=0x1.f141d3881612fp+52 (libm - cr = -1.0 ulp)
[01:13:17Z] K1-DUR-dt2/8 appel 4631 pas 1158 etage 3 x=0x1.c60364a480000p+8 libm=0x1.f1d781f6b3313p+52 cr=0x1.f1d781f6b3314p+52 (libm - cr = -1.0 ulp)
[01:13:17Z] K1-DUR-dt2/8 appel 4659 pas 1165 etage 3 x=0x1.c7430b57c0000p+8 libm=0x1.fa1d130953f27p+52 cr=0x1.fa1d130953f28p+52 (libm - cr = -1.0 ulp)
[01:13:17Z] K1-DUR-dt2/8 appel 4662 pas 1166 etage 2 x=0x1.c770dc3640000p+8 libm=0x1.fb4ef9b337c9bp+52 cr=0x1.fb4ef9b337c9cp+52 (libm - cr = -1.0 ulp)
[01:13:17Z] K1-DUR-dt2/8 appel 4674 pas 1169 etage 2 x=0x1.c7fa94f500000p+8 libm=0x1.feea22458996dp+52 cr=0x1.feea22458996ep+52 (libm - cr = -1.0 ulp)
[01:13:17Z] K1-DUR-dt2/8 appel 4707 pas 1177 etage 3 x=0x1.c96ba56940000p+8 libm=0x1.0457800d57896p+53 cr=0x1.0457800d57897p+53 (libm - cr = -1.0 ulp)
[01:13:17Z] K1-DUR-dt2/8 appel 4739 pas 1185 etage 3 x=0x1.cadf560080000p+8 libm=0x1.0956e73722dcdp+53 cr=0x1.0956e73722dcep+53 (libm - cr = -1.0 ulp)
[01:13:17Z] K1-DUR-dt2/8 appel 4877 pas 1220 etage 1 x=0x1.d141271640000p+8 libm=0x1.204424dd0956ap+53 cr=0x1.204424dd0956bp+53 (libm - cr = -1.0 ulp)
[01:13:17Z] K1-DUR-dt2/8 appel 4884 pas 1221 etage 4 x=0x1.d1a1702cc0000p+8 libm=0x1.21aacff4e6c1bp+53 cr=0x1.21aacff4e6c1cp+53 (libm - cr = -1.0 ulp)
[01:13:17Z] K1-DUR-dt2/8 appel 4918 pas 1230 etage 2 x=0x1.d33c9b9b40000p+8 libm=0x1.27b6d4d9d69b0p+53 cr=0x1.27b6d4d9d69b1p+53 (libm - cr = -1.0 ulp)
[01:13:17Z] K1-DUR-dt2/8 appel 4925 pas 1232 etage 1 x=0x1.d385815b80000p+8 libm=0x1.28cc130e4af7fp+53 cr=0x1.28cc130e4af80p+53 (libm - cr = -1.0 ulp)
[01:13:17Z] K1-DUR-dt2/8 appel 4954 pas 1239 etage 2 x=0x1.d4f376c440000p+8 libm=0x1.2e48b46f6aa20p+53 cr=0x1.2e48b46f6aa21p+53 (libm - cr = -1.0 ulp)
[01:13:17Z] K1-DUR-dt2/8 appel 4969 pas 1243 etage 1 x=0x1.d59f1dbc40000p+8 libm=0x1.30e2f5e5838c1p+53 cr=0x1.30e2f5e5838c2p+53 (libm - cr = -1.0 ulp)
[01:13:17Z] K1-DUR-dt2/8 appel 5013 pas 1254 etage 1 x=0x1.d7be30f040000p+8 libm=0x1.393e7014d5ae0p+53 cr=0x1.393e7014d5ae1p+53 (libm - cr = -1.0 ulp)
[01:13:17Z] K1-DUR-dt2/8 appel 5057 pas 1265 etage 1 x=0x1.d9e2d134c0000p+8 libm=0x1.41e12f6157049p+53 cr=0x1.41e12f615704ap+53 (libm - cr = -1.0 ulp)
[01:13:17Z] K1-DUR-dt2/8 appel 5064 pas 1266 etage 4 x=0x1.da472bb300000p+8 libm=0x1.437b03537f5a4p+53 cr=0x1.437b03537f5a5p+53 (libm - cr = -1.0 ulp)
[01:13:17Z] K1-DUR-dt2/8 appel 5103 pas 1276 etage 3 x=0x1.dc266b1840000p+8 libm=0x1.4b37b04b92417p+53 cr=0x1.4b37b04b92418p+53 (libm - cr = -1.0 ulp)
[01:13:17Z] K1-DUR-dt2/8 appel 5109 pas 1278 etage 1 x=0x1.dc7278bdc0000p+8 libm=0x1.4c759b850300ep+53 cr=0x1.4c759b850300fp+53 (libm - cr = -1.0 ulp)
[01:13:17Z] K1-DUR-dt2/8 appel 5137 pas 1285 etage 1 x=0x1.ddd6d4dcc0000p+8 libm=0x1.525487e9b2342p+53 cr=0x1.525487e9b2343p+53 (libm - cr = -1.0 ulp)
[01:13:17Z] K1-DUR-dt2/8 appel 5148 pas 1287 etage 4 x=0x1.de704687c0000p+8 libm=0x1.54e272872aa26p+53 cr=0x1.54e272872aa25p+53 (libm - cr = +1.0 ulp)
[01:13:17Z] K1-DUR-dt2/8 appel 5166 pas 1292 etage 2 x=0x1.df573fd3c0000p+8 libm=0x1.58c284d10bab5p+53 cr=0x1.58c284d10bab6p+53 (libm - cr = -1.0 ulp)
[01:13:17Z] K1-DUR-dt2/8 appel 5167 pas 1292 etage 3 x=0x1.df5742ee00000p+8 libm=0x1.58c29234927ccp+53 cr=0x1.58c29234927cdp+53 (libm - cr = -1.0 ulp)
[01:13:17Z] K1-DUR-dt2/8 appel 5169 pas 1293 etage 1 x=0x1.df70faf800000p+8 libm=0x1.59319e0899fddp+53 cr=0x1.59319e0899fdep+53 (libm - cr = -1.0 ulp)
[01:13:17Z] K1-DUR-dt2/8 appel 5174 pas 1294 etage 2 x=0x1.dfbe38d480000p+8 libm=0x1.5a7fd2a602a98p+53 cr=0x1.5a7fd2a602a99p+53 (libm - cr = -1.0 ulp)
[01:13:17Z] K1-DUR-dt2/8 appel 5187 pas 1297 etage 3 x=0x1.e0590eed00000p+8 libm=0x1.5d20ef1301b03p+53 cr=0x1.5d20ef1301b04p+53 (libm - cr = -1.0 ulp)
[01:13:17Z] K1-DUR-dt2/8 appel 5210 pas 1303 etage 2 x=0x1.e190040900000p+8 libm=0x1.62759ad8b04dbp+53 cr=0x1.62759ad8b04dcp+53 (libm - cr = -1.0 ulp)
[01:13:17Z] K1-DUR-dt2/8 appel 5224 pas 1306 etage 4 x=0x1.e2463d5800000p+8 libm=0x1.659d5a10d1439p+53 cr=0x1.659d5a10d143ap+53 (libm - cr = -1.0 ulp)
[01:13:17Z] K1-DUR-dt2/8 appel 5239 pas 1310 etage 3 x=0x1.e2fd121640000p+8 libm=0x1.68cdcd9b4af55p+53 cr=0x1.68cdcd9b4af56p+53 (libm - cr = -1.0 ulp)
[01:13:17Z] K1-DUR-dt2/8 appel 5249 pas 1313 etage 1 x=0x1.e38006ebc0000p+8 libm=0x1.6b1a531efe6cdp+53 cr=0x1.6b1a531efe6cep+53 (libm - cr = -1.0 ulp)
[01:13:17Z] K1-DUR-dt2/8 appel 5273 pas 1319 etage 1 x=0x1.e4bb9d5540000p+8 libm=0x1.70b16f486c898p+53 cr=0x1.70b16f486c899p+53 (libm - cr = -1.0 ulp)
[01:13:17Z] K1-DUR-dt2/8 appel 5334 pas 1334 etage 2 x=0x1.e7f3528040000p+8 libm=0x1.7f9f7f62a27c6p+53 cr=0x1.7f9f7f62a27c7p+53 (libm - cr = -1.0 ulp)
[01:13:17Z] K1-DUR-dt2/8 appel 5341 pas 1336 etage 1 x=0x1.e843b25d40000p+8 libm=0x1.811b3f310cdf7p+53 cr=0x1.811b3f310cdf8p+53 (libm - cr = -1.0 ulp)
[01:13:17Z] K1-DUR-dt2/8 appel 5365 pas 1342 etage 1 x=0x1.e98655f4c0000p+8 libm=0x1.871bf97eacf1dp+53 cr=0x1.871bf97eacf1ep+53 (libm - cr = -1.0 ulp)
[01:13:17Z] K1-DUR-dt2/8 appel 5367 pas 1342 etage 3 x=0x1.e9a1504140000p+8 libm=0x1.879d5e562fb60p+53 cr=0x1.879d5e562fb61p+53 (libm - cr = -1.0 ulp)
[01:13:17Z] K1-DUR-dt2/8 appel 5400 pas 1350 etage 4 x=0x1.eb6dd30ac0000p+8 libm=0x1.9053b6ce4f907p+53 cr=0x1.9053b6ce4f908p+53 (libm - cr = -1.0 ulp)
[01:13:17Z] K1-DUR-dt2/8 appel 5406 pas 1352 etage 2 x=0x1.ebbf7b2a80000p+8 libm=0x1.91e37a05c66efp+53 cr=0x1.91e37a05c66f0p+53 (libm - cr = -1.0 ulp)
[01:13:17Z] K1-DUR-dt2/8 appel 5438 pas 1360 etage 2 x=0x1.ed750aaa40000p+8 libm=0x1.9a57d37b29b69p+53 cr=0x1.9a57d37b29b6ap+53 (libm - cr = -1.0 ulp)
[01:13:17Z] K1-DUR-dt2/8 appel 5444 pas 1361 etage 4 x=0x1.edc778ec40000p+8 libm=0x1.9bf3c72060343p+53 cr=0x1.9bf3c72060344p+53 (libm - cr = -1.0 ulp)
[01:13:17Z] K1-DUR-dt2/8 appel 5448 pas 1362 etage 4 x=0x1.edfe7d2b40000p+8 libm=0x1.9d07797af2ac0p+53 cr=0x1.9d07797af2ac1p+53 (libm - cr = -1.0 ulp)
[01:13:17Z] K1-DUR-dt2/8 appel 5498 pas 1375 etage 2 x=0x1.f0b2c3ad40000p+8 libm=0x1.aac839bd67e59p+53 cr=0x1.aac839bd67e5ap+53 (libm - cr = -1.0 ulp)
[01:13:17Z] K1-DUR-dt2/8 appel 5510 pas 1378 etage 2 x=0x1.f15a2ef340000p+8 libm=0x1.ae2a30455233ap+53 cr=0x1.ae2a30455233bp+53 (libm - cr = -1.0 ulp)
[01:13:17Z] K1-DUR-dt2/8 appel 5534 pas 1384 etage 2 x=0x1.f2aa839e80000p+8 libm=0x1.b507213c4938ep+53 cr=0x1.b507213c4938fp+53 (libm - cr = -1.0 ulp)
[01:13:17Z] K1-DUR-dt2/8 appel 5544 pas 1386 etage 4 x=0x1.f3373ff380000p+8 libm=0x1.b7ed362fb1b21p+53 cr=0x1.b7ed362fb1b22p+53 (libm - cr = -1.0 ulp)
[01:13:17Z] K1-DUR-dt2/8 appel 5573 pas 1394 etage 1 x=0x1.f4c32770c0000p+8 libm=0x1.c02accb1bb91bp+53 cr=0x1.c02accb1bb91cp+53 (libm - cr = -1.0 ulp)
[01:13:17Z] K1-DUR-dt2/8 appel 5580 pas 1395 etage 4 x=0x1.f534c6ef00000p+8 libm=0x1.c28e49c817d3dp+53 cr=0x1.c28e49c817d3ep+53 (libm - cr = -1.0 ulp)
[01:13:17Z] K1-DUR-dt2/8 appel 5603 pas 1401 etage 3 x=0x1.f66e6b5540000p+8 libm=0x1.c93456bb8d644p+53 cr=0x1.c93456bb8d645p+53 (libm - cr = -1.0 ulp)
[01:13:17Z] K1-DUR-dt2/8 appel 5604 pas 1401 etage 4 x=0x1.f68b028e80000p+8 libm=0x1.c9d08734122cdp+53 cr=0x1.c9d08734122cep+53 (libm - cr = -1.0 ulp)
[01:13:17Z] K1-DUR-dt2/8 appel 5605 pas 1402 etage 1 x=0x1.f68b028e00000p+8 libm=0x1.c9d087315687cp+53 cr=0x1.c9d087315687dp+53 (libm - cr = -1.0 ulp)
[01:13:17Z] K1-DUR-dt2/8 appel 5627 pas 1407 etage 3 x=0x1.f7c68a5e80000p+8 libm=0x1.d097d1cd5148fp+53 cr=0x1.d097d1cd51490p+53 (libm - cr = -1.0 ulp)
[01:13:17Z] K1-DUR-dt2/8 appel 5644 pas 1411 etage 4 x=0x1.f8c9fcb300000p+8 libm=0x1.d63aa9ea2017ep+53 cr=0x1.d63aa9ea2017fp+53 (libm - cr = -1.0 ulp)
[01:13:17Z] K1-DUR-dt2/8 appel 5645 pas 1412 etage 1 x=0x1.f8c9fcb280000p+8 libm=0x1.d63aa9e754ac7p+53 cr=0x1.d63aa9e754ac8p+53 (libm - cr = -1.0 ulp)
[01:13:17Z] K1-DUR-dt2/8 appel 5648 pas 1412 etage 4 x=0x1.f903cd9880000p+8 libm=0x1.d77e2be8c2a9fp+53 cr=0x1.d77e2be8c2aa0p+53 (libm - cr = -1.0 ulp)
[01:13:17Z] K1-DUR-dt2/8 appel 5665 pas 1417 etage 1 x=0x1.f9eba67d00000p+8 libm=0x1.dc96c0fe0ac44p+53 cr=0x1.dc96c0fe0ac45p+53 (libm - cr = -1.0 ulp)
[01:13:17Z] K1-DUR-dt2/8 appel 5691 pas 1423 etage 3 x=0x1.fb66697080000p+8 libm=0x1.e503479ea4dbbp+53 cr=0x1.e503479ea4dbcp+53 (libm - cr = -1.0 ulp)
[01:13:17Z] K1-DUR-dt2/8 appel 5706 pas 1427 etage 2 x=0x1.fc50b7d600000p+8 libm=0x1.ea492a057ed78p+53 cr=0x1.ea492a057ed79p+53 (libm - cr = -1.0 ulp)
[01:13:17Z] K1-DUR-dt2/8 appel 5707 pas 1427 etage 3 x=0x1.fc50bba540000p+8 libm=0x1.ea494011730c4p+53 cr=0x1.ea494011730c5p+53 (libm - cr = -1.0 ulp)
[01:13:17Z] K1-DUR-dt2/8 appel 5733 pas 1434 etage 1 x=0x1.fdcf887500000p+8 libm=0x1.f300f14528bc0p+53 cr=0x1.f300f14528bc1p+53 (libm - cr = -1.0 ulp)
[01:13:17Z] K1-DUR-dt2/8 appel 5734 pas 1434 etage 2 x=0x1.fded13c600000p+8 libm=0x1.f3ae8c591d769p+53 cr=0x1.f3ae8c591d76ap+53 (libm - cr = -1.0 ulp)
[01:13:17Z] K1-DUR-dt2/8 appel 5755 pas 1439 etage 3 x=0x1.ff1570a080000p+8 libm=0x1.fa86ebc9de7d9p+53 cr=0x1.fa86ebc9de7dap+53 (libm - cr = -1.0 ulp)
[01:13:17Z] K1-DUR-dt2/8 appel 5760 pas 1440 etage 4 x=0x1.ff6ea1d240000p+8 libm=0x1.fc9a351bfe9d4p+53 cr=0x1.fc9a351bfe9d5p+53 (libm - cr = -1.0 ulp)
[01:13:17Z] K1-DUR-dt2/8 appel 5790 pas 1448 etage 2 x=0x1.0097578860000p+9 libm=0x1.03914f639d8aap+54 cr=0x1.03914f639d8abp+54 (libm - cr = -1.0 ulp)
[01:13:17Z] K1-DUR-dt2/8 appel 5791 pas 1448 etage 3 x=0x1.00975980a0000p+9 libm=0x1.03915b58363cbp+54 cr=0x1.03915b58363ccp+54 (libm - cr = -1.0 ulp)
[01:13:17Z] K1-DUR-dt2/8 appel 5819 pas 1455 etage 3 x=0x1.016a01b700000p+9 libm=0x1.089a41b891c60p+54 cr=0x1.089a41b891c61p+54 (libm - cr = -1.0 ulp)
[01:13:17Z] K1-DUR-dt2/8 appel 5918 pas 1480 etage 2 x=0x1.0466ecdd00000p+9 libm=0x1.1b92f925aca92p+54 cr=0x1.1b92f925aca93p+54 (libm - cr = -1.0 ulp)
[01:13:17Z] K1-DUR-dt2/8 appel 5920 pas 1480 etage 4 x=0x1.04766e8e40000p+9 libm=0x1.1bf859dd78e59p+54 cr=0x1.1bf859dd78e5ap+54 (libm - cr = -1.0 ulp)
[01:13:17Z] K1-DUR-dt2/8 appel 5974 pas 1494 etage 2 x=0x1.061c15e900000p+9 libm=0x1.26ea94d857af5p+54 cr=0x1.26ea94d857af6p+54 (libm - cr = -1.0 ulp)
[01:13:17Z] K1-DUR-dt2/8 appel 5980 pas 1495 etage 4 x=0x1.064b4fbbc0000p+9 libm=0x1.2829f6c5a72d9p+54 cr=0x1.2829f6c5a72dap+54 (libm - cr = -1.0 ulp)
[01:13:17Z] K1-DUR-dt2/8 appel 6004 pas 1501 etage 4 x=0x1.0708f2d440000p+9 libm=0x1.2d37d13e940e4p+54 cr=0x1.2d37d13e940e5p+54 (libm - cr = -1.0 ulp)
[01:13:17Z] K1-DUR-dt2/8 appel 6012 pas 1503 etage 4 x=0x1.07486dd700000p+9 libm=0x1.2eed0520b2aa4p+54 cr=0x1.2eed0520b2aa5p+54 (libm - cr = -1.0 ulp)
[01:13:17Z] K1-DUR-dt2/8 appel 6014 pas 1504 etage 2 x=0x1.075850e640000p+9 libm=0x1.2f5ac256606ddp+54 cr=0x1.2f5ac256606dep+54 (libm - cr = -1.0 ulp)
[01:13:17Z] K1-DUR-dt2/8 appel 6022 pas 1506 etage 2 x=0x1.0797f71000000p+9 libm=0x1.3113b6b9d64fbp+54 cr=0x1.3113b6b9d64fcp+54 (libm - cr = -1.0 ulp)
[01:13:17Z] K1-DUR-dt2/8 appel 6066 pas 1517 etage 2 x=0x1.08f8777ec0000p+9 libm=0x1.3ac3c48f26869p+54 cr=0x1.3ac3c48f2686ap+54 (libm - cr = -1.0 ulp)
[01:13:17Z] K1-DUR-dt2/8 appel 6068 pas 1517 etage 4 x=0x1.090897a800000p+9 libm=0x1.3b36c5af3c382p+54 cr=0x1.3b36c5af3c383p+54 (libm - cr = -1.0 ulp)
[01:13:17Z] K1-DUR-dt2/8 appel 6106 pas 1527 etage 2 x=0x1.0a3c8a2dc0000p+9 libm=0x1.43e560307bceep+54 cr=0x1.43e560307bcefp+54 (libm - cr = -1.0 ulp)
[01:13:17Z] K1-DUR-dt2/8 appel 6129 pas 1533 etage 1 x=0x1.0af0463dc0000p+9 libm=0x1.490e044eb9979p+54 cr=0x1.490e044eb997ap+54 (libm - cr = -1.0 ulp)
[01:13:17Z] K1-DUR-dt2/8 appel 6143 pas 1536 etage 3 x=0x1.0b63358440000p+9 libm=0x1.4c63ad8c663a8p+54 cr=0x1.4c63ad8c663a9p+54 (libm - cr = -1.0 ulp)
[01:13:17Z] K1-DUR-dt2/8 appel 6190 pas 1548 etage 2 x=0x1.0cf0923900000p+9 libm=0x1.5822c9eaec3fdp+54 cr=0x1.5822c9eaec3fep+54 (libm - cr = -1.0 ulp)
[01:13:17Z] K1-DUR-dt2/8 appel 6224 pas 1556 etage 4 x=0x1.0e0d343440000p+9 libm=0x1.60c2ccc8b40b1p+54 cr=0x1.60c2ccc8b40b2p+54 (libm - cr = -1.0 ulp)
[01:13:17Z] K1-DUR-dt2/8 appel 6233 pas 1559 etage 1 x=0x1.0e508f8300000p+9 libm=0x1.62d40124a1ac7p+54 cr=0x1.62d40124a1ac8p+54 (libm - cr = -1.0 ulp)
[01:13:17Z] K1-DUR-dt2/8 appel 6261 pas 1566 etage 1 x=0x1.0f3d79fc80000p+9 libm=0x1.6a2df8ca1a62dp+54 cr=0x1.6a2df8ca1a62ep+54 (libm - cr = -1.0 ulp)
[01:13:17Z] K1-DUR-dt2/8 appel 6264 pas 1566 etage 4 x=0x1.0f5f788340000p+9 libm=0x1.6b3ea7a851bbap+54 cr=0x1.6b3ea7a851bbbp+54 (libm - cr = -1.0 ulp)
[01:13:17Z] K1-DUR-dt2/8 appel 6300 pas 1575 etage 4 x=0x1.10931cda40000p+9 libm=0x1.7500ecc2b7f9ap+54 cr=0x1.7500ecc2b7f9bp+54 (libm - cr = -1.0 ulp)
[01:13:17Z] K1-DUR-dt2/8 appel 6309 pas 1578 etage 1 x=0x1.10d7e4fc40000p+9 libm=0x1.7737102386b2ap+54 cr=0x1.7737102386b2bp+54 (libm - cr = -1.0 ulp)
[01:13:17Z] K1-DUR-dt2/8 appel 6323 pas 1581 etage 3 x=0x1.1150a29e00000p+9 libm=0x1.7b1fa30cd8476p+54 cr=0x1.7b1fa30cd8477p+54 (libm - cr = -1.0 ulp)
[01:13:17Z] K1-DUR-dt2/8 appel 6342 pas 1586 etage 2 x=0x1.11fdec2cc0000p+9 libm=0x1.80cad44744d1ap+54 cr=0x1.80cad44744d1bp+54 (libm - cr = -1.0 ulp)
[01:13:17Z] K1-DUR-dt2/8 appel 6343 pas 1586 etage 3 x=0x1.11fdeea700000p+9 libm=0x1.80cae927b03e9p+54 cr=0x1.80cae927b03eap+54 (libm - cr = -1.0 ulp)
[01:13:17Z] K1-DUR-dt2/8 appel 6346 pas 1587 etage 2 x=0x1.1220b2ab00000p+9 libm=0x1.81f038eaacf7ap+54 cr=0x1.81f038eaacf7bp+54 (libm - cr = -1.0 ulp)
[01:13:17Z] K1-DUR-dt2/8 appel 6423 pas 1606 etage 3 x=0x1.14bce48780000p+9 libm=0x1.9884b856cf457p+54 cr=0x1.9884b856cf458p+54 (libm - cr = -1.0 ulp)
[01:13:17Z] K1-DUR-dt2/8 appel 6429 pas 1608 etage 1 x=0x1.14f23ff380000p+9 libm=0x1.9a5e3401d2970p+54 cr=0x1.9a5e3401d2971p+54 (libm - cr = -1.0 ulp)
[01:13:17Z] K1-DUR-dt2/8 appel 6452 pas 1613 etage 4 x=0x1.15c89b1d00000p+9 libm=0x1.a1de697fb4283p+54 cr=0x1.a1de697fb4284p+54 (libm - cr = -1.0 ulp)
[01:13:17Z] K1-DUR-dt2/8 appel 6479 pas 1620 etage 3 x=0x1.16b27b8040000p+9 libm=0x1.aa2ec2f5ca56bp+54 cr=0x1.aa2ec2f5ca56cp+54 (libm - cr = -1.0 ulp)
[01:13:17Z] K1-DUR-dt2/8 appel 6508 pas 1627 etage 4 x=0x1.17c27d4d40000p+9 libm=0x1.b40661ec568c9p+54 cr=0x1.b40661ec568cap+54 (libm - cr = -1.0 ulp)
[01:13:17Z] K1-DUR-dt2/8 appel 6519 pas 1630 etage 3 x=0x1.181daf5380000p+9 libm=0x1.b75de87b69b14p+54 cr=0x1.b75de87b69b15p+54 (libm - cr = -1.0 ulp)
[01:13:17Z] K1-DUR-dt2/8 appel 6541 pas 1636 etage 1 x=0x1.18e7388400000p+9 libm=0x1.bed3f5c9b5e03p+54 cr=0x1.bed3f5c9b5e04p+54 (libm - cr = -1.0 ulp)
[01:13:17Z] K1-DUR-dt2/8 appel 6544 pas 1636 etage 4 x=0x1.190c006c80000p+9 libm=0x1.c0337321967aep+54 cr=0x1.c0337321967afp+54 (libm - cr = -1.0 ulp)
[01:13:17Z] K1-DUR-dt2/8 appel 6548 pas 1637 etage 4 x=0x1.1930d32c00000p+9 libm=0x1.c1943ec12ddadp+54 cr=0x1.c1943ec12ddaep+54 (libm - cr = -1.0 ulp)
[01:13:17Z] K1-DUR-dt2/8 appel 6549 pas 1638 etage 1 x=0x1.1930d32b80000p+9 libm=0x1.c1943ebc61f20p+54 cr=0x1.c1943ebc61f21p+54 (libm - cr = -1.0 ulp)
[01:13:17Z] K1-DUR-dt2/8 appel 6564 pas 1641 etage 4 x=0x1.19c48afc40000p+9 libm=0x1.c724999f2140ep+54 cr=0x1.c724999f2140fp+54 (libm - cr = -1.0 ulp)
[01:13:17Z] K1-DUR-dt2/8 appel 6572 pas 1643 etage 4 x=0x1.1a0ea87540000p+9 libm=0x1.c9f4c32784139p+54 cr=0x1.c9f4c3278413ap+54 (libm - cr = -1.0 ulp)
[01:13:17Z] K1-DUR-dt2/8 appel 6605 pas 1652 etage 1 x=0x1.1b38d72280000p+9 libm=0x1.d56bbd8fd5e4fp+54 cr=0x1.d56bbd8fd5e50p+54 (libm - cr = -1.0 ulp)
[01:13:17Z] K1-DUR-dt2/8 appel 6606 pas 1652 etage 2 x=0x1.1b4b903980000p+9 libm=0x1.d6260da06390fp+54 cr=0x1.d6260da063910p+54 (libm - cr = -1.0 ulp)
[01:13:17Z] K1-DUR-dt2/8 appel 6616 pas 1654 etage 4 x=0x1.1ba95fe440000p+9 libm=0x1.d9cf329b1ebf4p+54 cr=0x1.d9cf329b1ebf5p+54 (libm - cr = -1.0 ulp)
[01:13:17Z] K1-DUR-dt2/8 appel 6624 pas 1656 etage 4 x=0x1.1bf49db200000p+9 libm=0x1.dcc339199059dp+54 cr=0x1.dcc339199059ep+54 (libm - cr = -1.0 ulp)
[01:13:17Z] K1-DUR-dt2/8 appel 6631 pas 1658 etage 3 x=0x1.1c2d2af380000p+9 libm=0x1.defe094e053d7p+54 cr=0x1.defe094e053d8p+54 (libm - cr = -1.0 ulp)
[01:13:17Z] K1-DUR-dt2/8 appel 6645 pas 1662 etage 1 x=0x1.1cb17d46c0000p+9 libm=0x1.e43e572c687c2p+54 cr=0x1.e43e572c687c3p+54 (libm - cr = -1.0 ulp)
[01:13:17Z] K1-DUR-dt2/8 appel 6646 pas 1662 etage 2 x=0x1.1cc46e9240000p+9 libm=0x1.e4ffc9387688ap+54 cr=0x1.e4ffc9387688bp+54 (libm - cr = -1.0 ulp)
[01:13:17Z] K1-DUR-dt2/8 appel 6650 pas 1663 etage 2 x=0x1.1cea5c8340000p+9 libm=0x1.e683e2d3c4062p+54 cr=0x1.e683e2d3c4063p+54 (libm - cr = -1.0 ulp)
[01:13:17Z] K1-DUR-dt2/8 appel 6659 pas 1665 etage 3 x=0x1.1d365d6400000p+9 libm=0x1.e9909b95e20fep+54 cr=0x1.e9909b95e20ffp+54 (libm - cr = -1.0 ulp)
[01:13:17Z] K1-DUR-dt2/8 appel 6697 pas 1675 etage 1 x=0x1.1ea1c51200000p+9 libm=0x1.f85e2dff794b4p+54 cr=0x1.f85e2dff794b3p+54 (libm - cr = +1.0 ulp)
[01:13:17Z] K1-DUR-dt2/8 appel 6703 pas 1676 etage 3 x=0x1.1edb8753c0000p+9 libm=0x1.fac1301ed16b1p+54 cr=0x1.fac1301ed16b2p+54 (libm - cr = -1.0 ulp)
[01:13:17Z] K1-DUR-dt2/8 appel 6709 pas 1678 etage 1 x=0x1.1f1560e300000p+9 libm=0x1.fd27928e7431fp+54 cr=0x1.fd27928e74320p+54 (libm - cr = -1.0 ulp)
[01:13:17Z] K1-DUR-dt2/8 appel 6736 pas 1684 etage 4 x=0x1.2024bb9c40000p+9 libm=0x1.0444f4321533ep+55 cr=0x1.0444f4321533fp+55 (libm - cr = -1.0 ulp)
[01:13:17Z] K1-DUR-dt2/8 appel 6758 pas 1690 etage 2 x=0x1.20fb8575c0000p+9 libm=0x1.08d98608318d4p+55 cr=0x1.08d98608318d5p+55 (libm - cr = -1.0 ulp)
[01:13:17Z] K1-DUR-dt2/8 appel 6768 pas 1692 etage 4 x=0x1.215da08300000p+9 libm=0x1.0af6caef099eep+55 cr=0x1.0af6caef099edp+55 (libm - cr = +1.0 ulp)
[01:13:17Z] K1-DUR-dt2/8 appel 6827 pas 1707 etage 3 x=0x1.239c6fd0c0000p+9 libm=0x1.17a305026fbe4p+55 cr=0x1.17a305026fbe5p+55 (libm - cr = -1.0 ulp)
[01:13:17Z] K1-DUR-dt2/8 appel 6828 pas 1707 etage 4 x=0x1.23b06e45c0000p+9 libm=0x1.1816226ab6e6ap+55 cr=0x1.1816226ab6e6bp+55 (libm - cr = -1.0 ulp)
[01:13:17Z] K1-DUR-dt2/8 appel 6847 pas 1712 etage 3 x=0x1.2464fb0fc0000p+9 libm=0x1.1c2ca6afdcbabp+55 cr=0x1.1c2ca6afdcbacp+55 (libm - cr = -1.0 ulp)
[01:13:17Z] K1-DUR-dt2/8 appel 6922 pas 1731 etage 2 x=0x1.276a39c740000p+9 libm=0x1.2e3fc1bf4cc3ap+55 cr=0x1.2e3fc1bf4cc3bp+55 (libm - cr = -1.0 ulp)
[01:13:17Z] K1-DUR-dt2/8 appel 6944 pas 1736 etage 4 x=0x1.284d704e80000p+9 libm=0x1.33bd1765bca75p+55 cr=0x1.33bd1765bca76p+55 (libm - cr = -1.0 ulp)
[01:13:17Z] K1-DUR-dt2/8 appel 6989 pas 1748 etage 1 x=0x1.2a187e4d80000p+9 libm=0x1.3f155b723900cp+55 cr=0x1.3f155b723900dp+55 (libm - cr = -1.0 ulp)
[01:13:17Z] K1-DUR-dt2/8 appel 6991 pas 1748 etage 3 x=0x1.2a2d83bf40000p+9 libm=0x1.3f9c753da86fcp+55 cr=0x1.3f9c753da86fdp+55 (libm - cr = -1.0 ulp)
[01:13:17Z] K1-DUR-dt2/8 appel 7024 pas 1756 etage 4 x=0x1.2b94c32740000p+9 libm=0x1.48be3ceaa901bp+55 cr=0x1.48be3ceaa901cp+55 (libm - cr = -1.0 ulp)
[01:13:17Z] K1-DUR-dt2/8 appel 7029 pas 1758 etage 1 x=0x1.2bbf4722c0000p+9 libm=0x1.49d68d0d86a40p+55 cr=0x1.49d68d0d86a41p+55 (libm - cr = -1.0 ulp)
[01:13:17Z] K1-DUR-dt2/8 appel 7036 pas 1759 etage 4 x=0x1.2c1477e380000p+9 libm=0x1.4c0a91c5bb226p+55 cr=0x1.4c0a91c5bb227p+55 (libm - cr = -1.0 ulp)
[01:13:17Z] K1-DUR-dt2/8 appel 7040 pas 1760 etage 4 x=0x1.2c3f24b540000p+9 libm=0x1.4d2649115be29p+55 cr=0x1.4d2649115be2ap+55 (libm - cr = -1.0 ulp)
[01:13:17Z] K1-DUR-dt2/8 appel 7055 pas 1764 etage 3 x=0x1.2cd4ef12c0000p+9 libm=0x1.511063aca5f06p+55 cr=0x1.511063aca5f07p+55 (libm - cr = -1.0 ulp)
[01:13:17Z] K1-DUR-dt2/8 appel 7058 pas 1765 etage 2 x=0x1.2cffd62740000p+9 libm=0x1.523135e3fc4ecp+55 cr=0x1.523135e3fc4edp+55 (libm - cr = -1.0 ulp)
[01:13:17Z] K1-DUR-dt2/8 appel 7126 pas 1782 etage 2 x=0x1.2fe1bc3400000p+9 libm=0x1.66184b13c31acp+55 cr=0x1.66184b13c31adp+55 (libm - cr = -1.0 ulp)
[01:13:17Z] K1-DUR-dt2/8 appel 7162 pas 1791 etage 2 x=0x1.316ede1440000p+9 libm=0x1.71344337976d5p+55 cr=0x1.71344337976d6p+55 (libm - cr = -1.0 ulp)
[01:13:17Z] K1-DUR-dt2/8 appel 7180 pas 1795 etage 4 x=0x1.3237283fc0000p+9 libm=0x1.76ea3ebfa5668p+55 cr=0x1.76ea3ebfa5669p+55 (libm - cr = -1.0 ulp)
[01:13:17Z] K1-DUR-dt2/8 appel 7182 pas 1796 etage 2 x=0x1.324d7998c0000p+9 libm=0x1.778e4f78342f4p+55 cr=0x1.778e4f78342f5p+55 (libm - cr = -1.0 ulp)
[01:13:17Z] K1-DUR-dt2/8 appel 7204 pas 1801 etage 4 x=0x1.334400fd40000p+9 libm=0x1.7eb23b1d265c2p+55 cr=0x1.7eb23b1d265c3p+55 (libm - cr = -1.0 ulp)
[01:13:17Z] K1-DUR-dt2/8 appel 7208 pas 1802 etage 4 x=0x1.3371037680000p+9 libm=0x1.8003111fa4002p+55 cr=0x1.8003111fa4003p+55 (libm - cr = -1.0 ulp)
[01:13:17Z] K1-DUR-dt2/8 appel 7310 pas 1828 etage 2 x=0x1.3800abec80000p+9 libm=0x1.a37cf483dd456p+55 cr=0x1.a37cf483dd457p+55 (libm - cr = -1.0 ulp)
[01:13:17Z] K1-DUR-dt2/8 appel 7312 pas 1828 etage 4 x=0x1.3817f70140000p+9 libm=0x1.a438ffd7742b8p+55 cr=0x1.a438ffd7742b9p+55 (libm - cr = -1.0 ulp)
[01:13:17Z] K1-DUR-dt2/8 appel 7338 pas 1835 etage 2 x=0x1.3948111300000p+9 libm=0x1.ade9449bd6ae4p+55 cr=0x1.ade9449bd6ae5p+55 (libm - cr = -1.0 ulp)
[01:13:17Z] K1-DUR-dt2/8 appel 7361 pas 1841 etage 1 x=0x1.3a4b70c440000p+9 libm=0x1.b652376fd00fep+55 cr=0x1.b652376fd00ffp+55 (libm - cr = -1.0 ulp)
[01:13:17Z] K1-DUR-dt2/8 appel 7382 pas 1846 etage 2 x=0x1.3b50b18e00000p+9 libm=0x1.beee211cddddcp+55 cr=0x1.beee211cdddddp+55 (libm - cr = -1.0 ulp)
[01:13:17Z] K1-DUR-dt2/8 appel 7391 pas 1848 etage 3 x=0x1.3bb02ffd00000p+9 libm=0x1.c21ca856e5cbfp+55 cr=0x1.c21ca856e5cc0p+55 (libm - cr = -1.0 ulp)
[01:13:17Z] K1-DUR-dt2/8 appel 7405 pas 1852 etage 1 x=0x1.3c57e10840000p+9 libm=0x1.c7beb3171f4bdp+55 cr=0x1.c7beb3171f4bep+55 (libm - cr = -1.0 ulp)
[01:13:17Z] K1-DUR-dt2/8 appel 7407 pas 1852 etage 3 x=0x1.3c6fe87700000p+9 libm=0x1.c88e8f7f78c67p+55 cr=0x1.c88e8f7f78c68p+55 (libm - cr = -1.0 ulp)
[01:13:17Z] K1-DUR-dt2/8 appel 7427 pas 1857 etage 3 x=0x1.3d6100d0c0000p+9 libm=0x1.d0c5451c18174p+55 cr=0x1.d0c5451c18175p+55 (libm - cr = -1.0 ulp)
[01:13:17Z] K1-DUR-dt2/8 appel 7428 pas 1857 etage 4 x=0x1.3d79318680000p+9 libm=0x1.d199f95b91b6ep+55 cr=0x1.d199f95b91b6fp+55 (libm - cr = -1.0 ulp)
[01:13:17Z] K1-DUR-dt2/8 appel 7450 pas 1863 etage 2 x=0x1.3e84710600000p+9 libm=0x1.dadd0aa1a7c8bp+55 cr=0x1.dadd0aa1a7c8cp+55 (libm - cr = -1.0 ulp)
[01:13:17Z] K1-DUR-dt2/8 appel 7451 pas 1863 etage 3 x=0x1.3e84753800000p+9 libm=0x1.dadd3028bc30bp+55 cr=0x1.dadd3028bc30cp+55 (libm - cr = -1.0 ulp)
[01:13:17Z] K1-DUR-dt2/8 appel 7459 pas 1865 etage 3 x=0x1.3ee6221280000p+9 libm=0x1.de498711e50dfp+55 cr=0x1.de498711e50e0p+55 (libm - cr = -1.0 ulp)
[01:13:17Z] K1-DUR-dt2/8 appel 7474 pas 1869 etage 2 x=0x1.3faa424d00000p+9 libm=0x1.e53911972028ap+55 cr=0x1.e53911972028bp+55 (libm - cr = -1.0 ulp)
[01:13:17Z] K1-DUR-dt2/8 appel 7502 pas 1876 etage 2 x=0x1.4104129280000p+9 libm=0x1.f1a803638455cp+55 cr=0x1.f1a803638455dp+55 (libm - cr = -1.0 ulp)
[01:13:17Z] K1-DUR-dt2/8 appel 7505 pas 1877 etage 1 x=0x1.411ce86980000p+9 libm=0x1.f28f31b2d43d5p+55 cr=0x1.f28f31b2d43d6p+55 (libm - cr = -1.0 ulp)
[01:13:17Z] K1-DUR-dt2/8 appel 7510 pas 1878 etage 2 x=0x1.41677b3d80000p+9 libm=0x1.f54777d564df4p+55 cr=0x1.f54777d564df5p+55 (libm - cr = -1.0 ulp)
[01:13:17Z] K1-DUR-dt2/8 appel 7525 pas 1882 etage 1 x=0x1.42161baf00000p+9 libm=0x1.fbb24e67da282p+55 cr=0x1.fbb24e67da283p+55 (libm - cr = -1.0 ulp)
[01:13:17Z] K1-DUR-dt2/8 appel 7534 pas 1884 etage 2 x=0x1.429356a180000p+9 libm=0x1.002b99187655fp+56 cr=0x1.002b991876560p+56 (libm - cr = -1.0 ulp)
[01:13:17Z] K1-DUR-dt2/8 appel 7577 pas 1895 etage 1 x=0x1.44a60f3e00000p+9 libm=0x1.0a3561903ce4ap+56 cr=0x1.0a3561903ce4bp+56 (libm - cr = -1.0 ulp)
[01:13:17Z] K1-DUR-dt2/8 appel 7586 pas 1897 etage 2 x=0x1.45258b6b00000p+9 libm=0x1.0cab0283cb88fp+56 cr=0x1.0cab0283cb890p+56 (libm - cr = -1.0 ulp)
[01:13:17Z] K1-DUR-dt2/8 appel 7602 pas 1901 etage 2 x=0x1.45f273ea00000p+9 libm=0x1.10a92c7b5490ap+56 cr=0x1.10a92c7b5490bp+56 (libm - cr = -1.0 ulp)
[01:13:17Z] K1-DUR-dt2/8 appel 7616 pas 1904 etage 4 x=0x1.46a6b0a200000p+9 libm=0x1.1436b41c5cc08p+56 cr=0x1.1436b41c5cc09p+56 (libm - cr = -1.0 ulp)
[01:13:17Z] K1-DUR-dt2/8 appel 7620 pas 1905 etage 4 x=0x1.46da584480000p+9 libm=0x1.153d2ea0647f9p+56 cr=0x1.153d2ea0647fap+56 (libm - cr = -1.0 ulp)
[01:13:17Z] K1-DUR-dt2/8 appel 7638 pas 1910 etage 2 x=0x1.47c3ac7b80000p+9 libm=0x1.19e8f585d8030p+56 cr=0x1.19e8f585d8031p+56 (libm - cr = -1.0 ulp)
[01:13:17Z] K1-DUR-dt2/8 appel 7640 pas 1910 etage 4 x=0x1.47ddb32080000p+9 libm=0x1.1a6f5f6ca0d71p+56 cr=0x1.1a6f5f6ca0d72p+56 (libm - cr = -1.0 ulp)
[01:13:17Z] K1-DUR-dt2/8 appel 7649 pas 1913 etage 1 x=0x1.4845f2f080000p+9 libm=0x1.1c8bdf3dabd44p+56 cr=0x1.1c8bdf3dabd45p+56 (libm - cr = -1.0 ulp)
[01:13:17Z] K1-DUR-dt2/8 appel 7666 pas 1917 etage 2 x=0x1.493191c800000p+9 libm=0x1.215de79f92672p+56 cr=0x1.215de79f92673p+56 (libm - cr = -1.0 ulp)
[01:13:17Z] K1-DUR-dt2/8 appel 7735 pas 1934 etage 3 x=0x1.4cb954c700000p+9 libm=0x1.347e122879fe0p+56 cr=0x1.347e122879fe1p+56 (libm - cr = -1.0 ulp)
[01:13:17Z] K1-DUR-dt2/8 appel 7758 pas 1940 etage 2 x=0x1.4dfd83a100000p+9 libm=0x1.3b9ac258cc458p+56 cr=0x1.3b9ac258cc459p+56 (libm - cr = -1.0 ulp)
[01:13:17Z] K1-DUR-dt2/8 appel 7784 pas 1946 etage 4 x=0x1.4f5fe46a00000p+9 libm=0x1.4388e9db70472p+56 cr=0x1.4388e9db70473p+56 (libm - cr = -1.0 ulp)
[01:13:17Z] K1-DUR-dt2/8 appel 7851 pas 1963 etage 3 x=0x1.52f27be800000p+9 libm=0x1.58c5bcf167817p+56 cr=0x1.58c5bcf167818p+56 (libm - cr = -1.0 ulp)
[01:13:17Z] K1-DUR-dt2/8 appel 7861 pas 1966 etage 1 x=0x1.537ef6e280000p+9 libm=0x1.5c22957f7028fp+56 cr=0x1.5c22957f70290p+56 (libm - cr = -1.0 ulp)
[01:13:17Z] K1-DUR-dt2/8 appel 7867 pas 1967 etage 3 x=0x1.53d383d600000p+9 libm=0x1.5e2c104eedeb1p+56 cr=0x1.5e2c104eedeb2p+56 (libm - cr = -1.0 ulp)
[01:13:17Z] K1-DUR-dt2/8 appel 7874 pas 1969 etage 2 x=0x1.544480ca00000p+9 libm=0x1.60e8e75bdc2b3p+56 cr=0x1.60e8e75bdc2b4p+56 (libm - cr = -1.0 ulp)
[01:13:17Z] K1-DUR-dt2/8 appel 7888 pas 1972 etage 4 x=0x1.550b135d80000p+9 libm=0x1.65c3ab4568df3p+56 cr=0x1.65c3ab4568df4p+56 (libm - cr = -1.0 ulp)
[01:13:17Z] K1-DUR-dt2/8 appel 7899 pas 1975 etage 3 x=0x1.55998a8300000p+9 libm=0x1.6948098c450afp+56 cr=0x1.6948098c450b0p+56 (libm - cr = -1.0 ulp)
[01:13:17Z] K1-DUR-dt2/8 appel 7958 pas 1990 etage 2 x=0x1.58fb5c5400000p+9 libm=0x1.7f48112c9cb5ep+56 cr=0x1.7f48112c9cb5fp+56 (libm - cr = -1.0 ulp)
[01:13:17Z] K1-DUR-dt2/8 appel 7964 pas 1991 etage 4 x=0x1.595304c100000p+9 libm=0x1.8191db54883a5p+56 cr=0x1.8191db54883a6p+56 (libm - cr = -1.0 ulp)
[01:13:17Z] K1-DUR-dt2/8 appel 7976 pas 1994 etage 4 x=0x1.5a02e6b900000p+9 libm=0x1.8632047c53281p+56 cr=0x1.8632047c53282p+56 (libm - cr = -1.0 ulp)
[01:13:17Z] K1-DUR-dt2/8 appel 7986 pas 1997 etage 2 x=0x1.5a960fd400000p+9 libm=0x1.8a19e04307ddep+56 cr=0x1.8a19e04307ddfp+56 (libm - cr = -1.0 ulp)
[01:13:17Z] K1-DUR-dt2/8 appel 7994 pas 1999 etage 2 x=0x1.5b0c322300000p+9 libm=0x1.8d428a5e7b381p+56 cr=0x1.8d428a5e7b382p+56 (libm - cr = -1.0 ulp)
[01:13:17Z] K1-DUR-dt2/8 appel 8036 pas 2009 etage 4 x=0x1.5d7e43f580000p+9 libm=0x1.9e5aeb68b02bcp+56 cr=0x1.9e5aeb68b02bdp+56 (libm - cr = -1.0 ulp)
[01:13:17Z] K1-DUR-dt2/8 appel 8037 pas 2010 etage 1 x=0x1.5d7e43f400000p+9 libm=0x1.9e5aeb5e04933p+56 cr=0x1.9e5aeb5e04934p+56 (libm - cr = -1.0 ulp)
[01:13:17Z] K1-DUR-dt2/8 appel 8104 pas 2026 etage 4 x=0x1.618939e000000p+9 libm=0x1.bbf55d95b85f2p+56 cr=0x1.bbf55d95b85f3p+56 (libm - cr = -1.0 ulp)
[01:13:17Z] K1-DUR-dt2/8 appel 8118 pas 2030 etage 2 x=0x1.6261a69180000p+9 libm=0x1.c25dd116a3f6fp+56 cr=0x1.c25dd116a3f70p+56 (libm - cr = -1.0 ulp)
[01:13:17Z] K1-DUR-dt2/8 appel 8120 pas 2030 etage 4 x=0x1.6280ad5e80000p+9 libm=0x1.c34a99a74c80bp+56 cr=0x1.c34a99a74c80cp+56 (libm - cr = -1.0 ulp)
[01:13:17Z] K1-DUR-dt2/8 appel 8132 pas 2033 etage 4 x=0x1.633b446600000p+9 libm=0x1.c8e3267331f73p+56 cr=0x1.c8e3267331f74p+56 (libm - cr = -1.0 ulp)
[01:13:17Z] K1-DUR-dt2/8 appel 8134 pas 2034 etage 2 x=0x1.635a6ffc00000p+9 libm=0x1.c9d3e5c17e956p+56 cr=0x1.c9d3e5c17e957p+56 (libm - cr = -1.0 ulp)
[01:13:17Z] K1-DUR-dt2/8 appel 8158 pas 2040 etage 2 x=0x1.64d282a880000p+9 libm=0x1.d54d3e4bf25e1p+56 cr=0x1.d54d3e4bf25e2p+56 (libm - cr = -1.0 ulp)
[01:13:17Z] K1-DUR-dt2/8 appel 8180 pas 2045 etage 4 x=0x1.662e580e00000p+9 libm=0x1.e020623e7a7f3p+56 cr=0x1.e020623e7a7f4p+56 (libm - cr = -1.0 ulp)
[01:13:17Z] K1-DUR-dt2/8 appel 8232 pas 2058 etage 4 x=0x1.6970714680000p+9 libm=0x1.faef3f682cb43p+56 cr=0x1.faef3f682cb44p+56 (libm - cr = -1.0 ulp)
[01:13:17Z] K1-DUR-dt2/8 appel 8259 pas 2065 etage 3 x=0x1.6b17f21280000p+9 libm=0x1.04821599e31cap+57 cr=0x1.04821599e31cbp+57 (libm - cr = -1.0 ulp)
[01:13:17Z] K1-DUR-dt2/8 appel 8275 pas 2069 etage 3 x=0x1.6c1ebb0e80000p+9 libm=0x1.08f559960abb0p+57 cr=0x1.08f559960abb1p+57 (libm - cr = -1.0 ulp)
[01:13:17Z] K1-DUR-dt2/8 appel 8296 pas 2074 etage 4 x=0x1.6d8aca1600000p+9 libm=0x1.0f3a6eebb1c5ap+57 cr=0x1.0f3a6eebb1c5bp+57 (libm - cr = -1.0 ulp)
[01:13:17Z] K1-DUR-dt2/8 appel 8314 pas 2079 etage 2 x=0x1.6eb70ad200000p+9 libm=0x1.147de8509d3c3p+57 cr=0x1.147de8509d3c4p+57 (libm - cr = -1.0 ulp)
[01:13:17Z] K1-DUR-dt2/8 appel 8362 pas 2091 etage 2 x=0x1.71e275bf80000p+9 libm=0x1.2324d9174f052p+57 cr=0x1.2324d9174f051p+57 (libm - cr = +1.0 ulp)
[01:13:17Z] K1-DUR-dt2/8 appel 8426 pas 2107 etage 2 x=0x1.76353fda80000p+9 libm=0x1.382b0dd639fb2p+57 cr=0x1.382b0dd639fb3p+57 (libm - cr = -1.0 ulp)
[01:13:17Z] K1-DUR-dt2/8 appel 8532 pas 2133 etage 4 x=0x1.7d9ff57280000p+9 libm=0x1.5f2e1ff1919cdp+57 cr=0x1.5f2e1ff1919cep+57 (libm - cr = -1.0 ulp)
[01:13:17Z] K1-DUR-dt2/8 appel 8537 pas 2135 etage 1 x=0x1.7de9450a00000p+9 libm=0x1.60c3a8d0ef002p+57 cr=0x1.60c3a8d0ef003p+57 (libm - cr = -1.0 ulp)
[01:13:17Z] K1-DUR-dt2/8 appel 8560 pas 2140 etage 4 x=0x1.7fa3bf9980000p+9 libm=0x1.6a73d461126b5p+57 cr=0x1.6a73d461126b6p+57 (libm - cr = -1.0 ulp)
[01:13:17Z] K1-DUR-dt2/8 appel 8570 pas 2143 etage 2 x=0x1.805d6e9600000p+9 libm=0x1.6e9563e9c1338p+57 cr=0x1.6e9563e9c1339p+57 (libm - cr = -1.0 ulp)
[01:13:17Z] K1-DUR-dt2/8 appel 8574 pas 2144 etage 2 x=0x1.80a7eee180000p+9 libm=0x1.7040869113770p+57 cr=0x1.7040869113771p+57 (libm - cr = -1.0 ulp)
[01:13:17Z] K1-DUR-dt2/8 appel 8616 pas 2154 etage 4 x=0x1.83bdf24d80000p+9 libm=0x1.8256752b871d5p+57 cr=0x1.8256752b871d6p+57 (libm - cr = -1.0 ulp)
[01:13:17Z] K1-DUR-dt2/8 appel 8640 pas 2160 etage 4 x=0x1.8587d09b00000p+9 libm=0x1.8d277a9e99e3ep+57 cr=0x1.8d277a9e99e3fp+57 (libm - cr = -1.0 ulp)
[01:13:17Z] K1-DUR-dt2/8 appel 8663 pas 2166 etage 3 x=0x1.872fbdbf00000p+9 libm=0x1.97648966ad3b8p+57 cr=0x1.97648966ad3b9p+57 (libm - cr = -1.0 ulp)
[01:13:17Z] K1-DUR-dt2/8 appel 8671 pas 2168 etage 3 x=0x1.87cae5cd00000p+9 libm=0x1.9b31ce49a569dp+57 cr=0x1.9b31ce49a569ep+57 (libm - cr = -1.0 ulp)
[01:13:17Z] K1-DUR-dt2/8 appel 8690 pas 2173 etage 2 x=0x1.895121c600000p+9 libm=0x1.a4e32fd428196p+57 cr=0x1.a4e32fd428197p+57 (libm - cr = -1.0 ulp)
[01:13:17Z] K1-DUR-dt2/8 appel 8707 pas 2177 etage 3 x=0x1.8a8bd9d100000p+9 libm=0x1.acd7b8dfba57ap+57 cr=0x1.acd7b8dfba57bp+57 (libm - cr = -1.0 ulp)
[01:13:17Z] K1-DUR-dt2/8 appel 8738 pas 2185 etage 2 x=0x1.8d07dfaf00000p+9 libm=0x1.bd4d6e2a439abp+57 cr=0x1.bd4d6e2a439acp+57 (libm - cr = -1.0 ulp)
[01:13:17Z] K1-DUR-dt2/8 appel 8745 pas 2187 etage 1 x=0x1.8d80285900000p+9 libm=0x1.c0794727058cep+57 cr=0x1.c0794727058cdp+57 (libm - cr = +1.0 ulp)
[01:13:17Z] K1-DUR-dt2/8 appel 8747 pas 2187 etage 3 x=0x1.8da855d700000p+9 libm=0x1.c1898692671f9p+57 cr=0x1.c1898692671fap+57 (libm - cr = -1.0 ulp)
[01:13:17Z] K1-DUR-dt2/8 appel 8775 pas 2194 etage 3 x=0x1.8fde57d000000p+9 libm=0x1.d0be642e89b5ap+57 cr=0x1.d0be642e89b5bp+57 (libm - cr = -1.0 ulp)
[01:13:17Z] K1-DUR-dt2/8 appel 8785 pas 2197 etage 1 x=0x1.90aa30ed00000p+9 libm=0x1.d65302d9db8b2p+57 cr=0x1.d65302d9db8b3p+57 (libm - cr = -1.0 ulp)
[01:13:17Z] K1-DUR-dt2/8 appel 8805 pas 2202 etage 1 x=0x1.9244ad6c00000p+9 libm=0x1.e1bb362c0cad7p+57 cr=0x1.e1bb362c0cad8p+57 (libm - cr = -1.0 ulp)
[01:13:17Z] K1-DUR-dt2/8 appel 8807 pas 2202 etage 3 x=0x1.926df2b500000p+9 libm=0x1.e2e40c3712cd2p+57 cr=0x1.e2e40c3712cd3p+57 (libm - cr = -1.0 ulp)
[01:13:17Z] K1-DUR-dt2/8 appel 8815 pas 2204 etage 3 x=0x1.9313543d00000p+9 libm=0x1.e78f84d9465fcp+57 cr=0x1.e78f84d9465fdp+57 (libm - cr = -1.0 ulp)
[01:13:17Z] K1-DUR-dt2/8 appel 8831 pas 2208 etage 3 x=0x1.945fe3d700000p+9 libm=0x1.f110a5748511ap+57 cr=0x1.f110a5748511bp+57 (libm - cr = -1.0 ulp)
[01:13:17Z] K1-DUR-dt2/8 appel 8903 pas 2226 etage 3 x=0x1.9a56c78d00000p+9 libm=0x1.0f5ab95ca0fb4p+58 cr=0x1.0f5ab95ca0fb5p+58 (libm - cr = -1.0 ulp)
[01:13:17Z] K1-DUR-dt2/8 appel 8928 pas 2232 etage 4 x=0x1.9c8aaeba00000p+9 libm=0x1.183665fab9e99p+58 cr=0x1.183665fab9e9ap+58 (libm - cr = -1.0 ulp)
[01:13:17Z] K1-DUR-dt2/8 appel 8952 pas 2238 etage 4 x=0x1.9e994f6d00000p+9 libm=0x1.20b38dd114240p+58 cr=0x1.20b38dd114241p+58 (libm - cr = -1.0 ulp)
[01:13:17Z] K1-DUR-dt2/8 appel 8953 pas 2239 etage 1 x=0x1.9e994f6b00000p+9 libm=0x1.20b38dc8b8fcbp+58 cr=0x1.20b38dc8b8fccp+58 (libm - cr = -1.0 ulp)
[01:13:17Z] K1-DUR-dt2/8 appel 8962 pas 2241 etage 2 x=0x1.9f76776c00000p+9 libm=0x1.24546105cb514p+58 cr=0x1.24546105cb515p+58 (libm - cr = -1.0 ulp)
[01:13:17Z] K1-DUR-dt2/8 appel 8964 pas 2241 etage 4 x=0x1.9fa2d8e500000p+9 libm=0x1.250ff0527fd5bp+58 cr=0x1.250ff0527fd5cp+58 (libm - cr = -1.0 ulp)
[01:13:17Z] K1-DUR-dt2/8 appel 9034 pas 2259 etage 2 x=0x1.a5ce1ac100000p+9 libm=0x1.4025f34539048p+58 cr=0x1.4025f34539049p+58 (libm - cr = -1.0 ulp)
[01:13:17Z] K1-DUR-dt2/8 appel 9065 pas 2267 etage 1 x=0x1.a8833f1a00000p+9 libm=0x1.4cad977404dabp+58 cr=0x1.4cad977404dacp+58 (libm - cr = -1.0 ulp)
[01:13:17Z] K1-DUR-dt2/8 appel 9072 pas 2268 etage 4 x=0x1.a93dc60300000p+9 libm=0x1.501e6afb178dfp+58 cr=0x1.501e6afb178e0p+58 (libm - cr = -1.0 ulp)
[01:13:17Z] K1-DUR-dt2/8 appel 9075 pas 2269 etage 3 x=0x1.a96c8a5400000p+9 libm=0x1.50fc72e07179ep+58 cr=0x1.50fc72e07179fp+58 (libm - cr = -1.0 ulp)
[01:13:17Z] K1-DUR-dt2/8 appel 9077 pas 2270 etage 1 x=0x1.a99b4eae00000p+9 libm=0x1.51daf51c45ea3p+58 cr=0x1.51daf51c45ea4p+58 (libm - cr = -1.0 ulp)
[01:13:17Z] K1-DUR-dt2/8 appel 9089 pas 2273 etage 1 x=0x1.aab4ff5100000p+9 libm=0x1.572153b12403cp+58 cr=0x1.572153b12403dp+58 (libm - cr = -1.0 ulp)
[01:13:17Z] K1-DUR-dt2/8 appel 9113 pas 2279 etage 1 x=0x1.aced52f700000p+9 libm=0x1.61fb4f7211192p+58 cr=0x1.61fb4f7211193p+58 (libm - cr = -1.0 ulp)
[01:13:17Z] K1-DUR-dt2/8 appel 9130 pas 2283 etage 2 x=0x1.ae9beef300000p+9 libm=0x1.6a648b4cfc64fp+58 cr=0x1.6a648b4cfc650p+58 (libm - cr = -1.0 ulp)
[01:13:17Z] K1-DUR-dt2/8 appel 9138 pas 2285 etage 2 x=0x1.af5c8c5a00000p+9 libm=0x1.6e3568d180636p+58 cr=0x1.6e3568d180637p+58 (libm - cr = -1.0 ulp)
[01:13:17Z] K1-DUR-dt2/8 appel 9163 pas 2291 etage 3 x=0x1.b1a3035d00000p+9 libm=0x1.79f3bebe7ecc6p+58 cr=0x1.79f3bebe7ecc7p+58 (libm - cr = -1.0 ulp)
[01:13:17Z] K1-DUR-dt2/8 appel 9173 pas 2294 etage 1 x=0x1.b297b57700000p+9 libm=0x1.7efa757bc70fap+58 cr=0x1.7efa757bc70fbp+58 (libm - cr = -1.0 ulp)
[01:13:17Z] K1-DUR-dt2/8 appel 9178 pas 2295 etage 2 x=0x1.b32b199600000p+9 libm=0x1.82085cace96d3p+58 cr=0x1.82085cace96d4p+58 (libm - cr = -1.0 ulp)
[01:13:17Z] K1-DUR-dt2/8 appel 9190 pas 2298 etage 2 x=0x1.b45340e000000p+9 libm=0x1.883b2915ab3d2p+58 cr=0x1.883b2915ab3d3p+58 (libm - cr = -1.0 ulp)
[01:13:17Z] K1-DUR-dt2/8 appel 9207 pas 2302 etage 3 x=0x1.b5e0f13700000p+9 libm=0x1.90af56cdacb59p+58 cr=0x1.90af56cdacb5ap+58 (libm - cr = -1.0 ulp)
[01:13:17Z] K1-DUR-dt2/8 appel 9209 pas 2303 etage 1 x=0x1.b612d8a900000p+9 libm=0x1.91c1a2a5fa43cp+58 cr=0x1.91c1a2a5fa43dp+58 (libm - cr = -1.0 ulp)
[01:13:17Z] K1-DUR-dt2/8 appel 9240 pas 2310 etage 4 x=0x1.b93892c500000p+9 libm=0x1.a3639e6fb7449p+58 cr=0x1.a3639e6fb744ap+58 (libm - cr = -1.0 ulp)
[01:13:17Z] K1-DUR-dt2/8 appel 9241 pas 2311 etage 1 x=0x1.b93892c200000p+9 libm=0x1.a3639e5e9b463p+58 cr=0x1.a3639e5e9b464p+58 (libm - cr = -1.0 ulp)
[01:13:17Z] K1-DUR-dt2/8 appel 9255 pas 2314 etage 3 x=0x1.ba9d37cd00000p+9 libm=0x1.ab65ba7740b50p+58 cr=0x1.ab65ba7740b51p+58 (libm - cr = -1.0 ulp)
[01:13:17Z] K1-DUR-dt2/8 appel 9262 pas 2316 etage 2 x=0x1.bb6a169800000p+9 libm=0x1.b00e118be92a5p+58 cr=0x1.b00e118be92a6p+58 (libm - cr = -1.0 ulp)
[01:13:17Z] K1-DUR-dt2/8 appel 9268 pas 2317 etage 4 x=0x1.bc045ab200000p+9 libm=0x1.b39705b7e9746p+58 cr=0x1.b39705b7e9747p+58 (libm - cr = -1.0 ulp)
[01:13:17Z] K1-DUR-dt2/8 appel 9269 pas 2318 etage 1 x=0x1.bc045aaf00000p+9 libm=0x1.b39705a640e92p+58 cr=0x1.b39705a640e93p+58 (libm - cr = -1.0 ulp)
[01:13:17Z] K1-DUR-dt2/8 appel 9286 pas 2322 etage 2 x=0x1.bdd5e3f400000p+9 libm=0x1.be676fceb9125p+58 cr=0x1.be676fceb9126p+58 (libm - cr = -1.0 ulp)
[01:13:17Z] K1-DUR-dt2/8 appel 9314 pas 2329 etage 2 x=0x1.c0b2b17c00000p+9 libm=0x1.cfe1223965ed9p+58 cr=0x1.cfe1223965edap+58 (libm - cr = -1.0 ulp)
[01:13:17Z] K1-DUR-dt2/8 appel 9318 pas 2330 etage 2 x=0x1.c11c3eb700000p+9 libm=0x1.d271609b03b21p+58 cr=0x1.d271609b03b22p+58 (libm - cr = -1.0 ulp)
[01:13:17Z] K1-DUR-dt2/8 appel 9348 pas 2337 etage 4 x=0x1.c43aec7e00000p+9 libm=0x1.e639a16add299p+58 cr=0x1.e639a16add29ap+58 (libm - cr = -1.0 ulp)
[01:13:17Z] K1-DUR-dt2/8 appel 9358 pas 2340 etage 2 x=0x1.c547e54f00000p+9 libm=0x1.ed0ae2e1f7f42p+58 cr=0x1.ed0ae2e1f7f43p+58 (libm - cr = -1.0 ulp)
[01:13:17Z] K1-DUR-dt2/8 appel 9362 pas 2341 etage 2 x=0x1.c5b3e3d700000p+9 libm=0x1.efcd5545a2743p+58 cr=0x1.efcd5545a2744p+58 (libm - cr = -1.0 ulp)
[01:13:17Z] K1-DUR-dt2/8 appel 9387 pas 2347 etage 3 x=0x1.c840b19100000p+9 libm=0x1.006118e86cb7dp+59 cr=0x1.006118e86cb7ep+59 (libm - cr = -1.0 ulp)
[01:13:17Z] K1-DUR-dt2/8 appel 9399 pas 2350 etage 3 x=0x1.c98a2c8d00000p+9 libm=0x1.04bfd1779b666p+59 cr=0x1.04bfd1779b667p+59 (libm - cr = -1.0 ulp)
[01:13:17Z] K1-DUR-dt2/8 appel 9401 pas 2351 etage 1 x=0x1.c9c1430400000p+9 libm=0x1.057c67afb9e91p+59 cr=0x1.057c67afb9e92p+59 (libm - cr = -1.0 ulp)
[01:13:17Z] K1-DUR-dt2/8 appel 9459 pas 2365 etage 3 x=0x1.d0197a1000000p+9 libm=0x1.1bffc271cfc63p+59 cr=0x1.1bffc271cfc64p+59 (libm - cr = -1.0 ulp)
[01:13:17Z] K1-DUR-dt2/8 appel 9490 pas 2373 etage 2 x=0x1.d3af6b2b00000p+9 libm=0x1.296bdc8df8a33p+59 cr=0x1.296bdc8df8a34p+59 (libm - cr = -1.0 ulp)
[01:13:17Z] K1-DUR-dt2/8 appel 9508 pas 2377 etage 4 x=0x1.d5bae18e00000p+9 libm=0x1.314f2d03bb5d4p+59 cr=0x1.314f2d03bb5d5p+59 (libm - cr = -1.0 ulp)
[01:13:17Z] K1-DUR-dt2/8 appel 9536 pas 2384 etage 4 x=0x1.d8f36d3c00000p+9 libm=0x1.3e165f3400f15p+59 cr=0x1.3e165f3400f16p+59 (libm - cr = -1.0 ulp)
[01:13:17Z] K1-DUR-dt2/8 appel 9538 pas 2385 etage 2 x=0x1.d92ec6fe00000p+9 libm=0x1.3f062a9582336p+59 cr=0x1.3f062a9582337p+59 (libm - cr = -1.0 ulp)
[01:13:17Z] K1-DUR-dt2/8 appel 9564 pas 2391 etage 4 x=0x1.dc38cdae00000p+9 libm=0x1.4b84738de0b86p+59 cr=0x1.4b84738de0b87p+59 (libm - cr = -1.0 ulp)
[01:13:17Z] K1-DUR-dt2/8 appel 9591 pas 2398 etage 3 x=0x1.df4e2a1600000p+9 libm=0x1.589b521d21ddap+59 cr=0x1.589b521d21ddbp+59 (libm - cr = -1.0 ulp)
[01:13:17Z] K1-DUR-dt2/8 appel 9604 pas 2401 etage 4 x=0x1.e0fbefec00000p+9 libm=0x1.5fe998af27891p+59 cr=0x1.5fe998af27892p+59 (libm - cr = -1.0 ulp)
[01:13:17Z] K1-DUR-dt2/8 appel 9606 pas 2402 etage 2 x=0x1.e139948400000p+9 libm=0x1.60f88ac2d849ap+59 cr=0x1.60f88ac2d849bp+59 (libm - cr = -1.0 ulp)
[01:13:17Z] K1-DUR-dt2/8 appel 9627 pas 2407 etage 3 x=0x1.e3a6460e00000p+9 libm=0x1.6bc6cb5ddb068p+59 cr=0x1.6bc6cb5ddb069p+59 (libm - cr = -1.0 ulp)
[01:13:17Z] K1-DUR-dt2/8 appel 9654 pas 2414 etage 2 x=0x1.e716ff1800000p+9 libm=0x1.7b94c233b5d9bp+59 cr=0x1.7b94c233b5d9cp+59 (libm - cr = -1.0 ulp)
[01:13:17Z] K1-DUR-dt2/8 appel 9663 pas 2416 etage 3 x=0x1.e815526400000p+9 libm=0x1.803ffceee1b38p+59 cr=0x1.803ffceee1b39p+59 (libm - cr = -1.0 ulp)
[01:13:17Z] K1-DUR-dt2/8 appel 9664 pas 2416 etage 4 x=0x1.e85507f400000p+9 libm=0x1.816d4eb36580bp+59 cr=0x1.816d4eb36580cp+59 (libm - cr = -1.0 ulp)
[01:13:17Z] K1-DUR-dt2/8 appel 9676 pas 2419 etage 4 x=0x1.e9d50bf400000p+9 libm=0x1.8895e33202198p+59 cr=0x1.8895e33202199p+59 (libm - cr = -1.0 ulp)
[01:13:17Z] K1-DUR-dt2/8 appel 9688 pas 2422 etage 4 x=0x1.eb57ba0a00000p+9 libm=0x1.8fe7c128d311dp+59 cr=0x1.8fe7c128d311ep+59 (libm - cr = -1.0 ulp)
[01:13:17Z] K1-DUR-dt2/8 appel 9689 pas 2423 etage 1 x=0x1.eb57ba0600000p+9 libm=0x1.8fe7c1154a731p+59 cr=0x1.8fe7c1154a732p+59 (libm - cr = -1.0 ulp)
[01:13:17Z] K1-DUR-dt2/8 appel 9705 pas 2427 etage 1 x=0x1.ed5f7e9a00000p+9 libm=0x1.99ec5d5525f4ep+59 cr=0x1.99ec5d5525f4fp+59 (libm - cr = -1.0 ulp)
[01:13:17Z] K1-DUR-dt2/8 appel 9718 pas 2430 etage 2 x=0x1.ef2a3c4800000p+9 libm=0x1.a2f01fcf4a285p+59 cr=0x1.a2f01fcf4a286p+59 (libm - cr = -1.0 ulp)
[01:13:17Z] K1-DUR-dt2/8 appel 9719 pas 2430 etage 3 x=0x1.ef2a4fec00000p+9 libm=0x1.a2f083832fec7p+59 cr=0x1.a2f083832fec8p+59 (libm - cr = -1.0 ulp)
[01:13:17Z] K1-DUR-dt2/8 appel 9720 pas 2430 etage 4 x=0x1.ef6c1ec400000p+9 libm=0x1.a43f0338746a6p+59 cr=0x1.a43f0338746a7p+59 (libm - cr = -1.0 ulp)
[01:13:17Z] K1-DUR-dt2/8 appel 9725 pas 2432 etage 1 x=0x1.eff00b3600000p+9 libm=0x1.a6e031600b6c3p+59 cr=0x1.a6e031600b6c2p+59 (libm - cr = +1.0 ulp)
[01:13:17Z] K1-DUR-dt2/8 appel 9728 pas 2432 etage 4 x=0x1.f07446d600000p+9 libm=0x1.a986786b238f9p+59 cr=0x1.a986786b238fap+59 (libm - cr = -1.0 ulp)
[01:13:17Z] K1-DUR-dt2/8 appel 9748 pas 2437 etage 4 x=0x1.f30e1e2e00000p+9 libm=0x1.b713e7b9cce1cp+59 cr=0x1.b713e7b9cce1dp+59 (libm - cr = -1.0 ulp)
[01:13:17Z] K1-DUR-dt2/8 appel 9760 pas 2440 etage 4 x=0x1.f4a167d600000p+9 libm=0x1.bf75b21a62132p+59 cr=0x1.bf75b21a62133p+59 (libm - cr = -1.0 ulp)
[01:13:17Z] K1-DUR-dt2/8 appel 9805 pas 2452 etage 1 x=0x1.fa80f9a400000p+9 libm=0x1.dfe531ed9cd13p+59 cr=0x1.dfe531ed9cd14p+59 (libm - cr = -1.0 ulp)
[01:13:17Z] K1-DUR-dt2/8 appel 9817 pas 2455 etage 1 x=0x1.fc21f5de00000p+9 libm=0x1.e93acfcb21e9ap+59 cr=0x1.e93acfcb21e9bp+59 (libm - cr = -1.0 ulp)
[01:13:17Z] K1-DUR-dt2/8 appel 9821 pas 2456 etage 1 x=0x1.fcada08400000p+9 libm=0x1.ec63ce4a94c97p+59 cr=0x1.ec63ce4a94c98p+59 (libm - cr = -1.0 ulp)
[01:13:17Z] K1-DUR-dt2/8 appel 9841 pas 2461 etage 1 x=0x1.ff6d0da800000p+9 libm=0x1.fc90c99c03927p+59 cr=0x1.fc90c99c03928p+59 (libm - cr = -1.0 ulp)
[01:13:17Z] K1-DUR-dt2/8 appel 9872 pas 2468 etage 4 x=0x1.01f240fd00000p+10 libm=0x1.0be6ec88400d4p+60 cr=0x1.0be6ec88400d5p+60 (libm - cr = -1.0 ulp)
[01:13:17Z] K1-DUR-dt2/8 appel 9884 pas 2471 etage 4 x=0x1.02cb8fb000000p+10 libm=0x1.113c481f5a240p+60 cr=0x1.113c481f5a241p+60 (libm - cr = -1.0 ulp)
[01:13:17Z] K1-DUR-dt2/8 appel 9899 pas 2475 etage 3 x=0x1.03cb270e00000p+10 libm=0x1.179f185c1649ep+60 cr=0x1.179f185c1649fp+60 (libm - cr = -1.0 ulp)
[01:13:17Z] K1-DUR-dt2/8 appel 9908 pas 2477 etage 4 x=0x1.04830ab800000p+10 libm=0x1.1c4ae0ef9434ep+60 cr=0x1.1c4ae0ef9434fp+60 (libm - cr = -1.0 ulp)
[01:13:17Z] K1-DUR-dt2/8 appel 9911 pas 2478 etage 3 x=0x1.04a7fc0e00000p+10 libm=0x1.1d3d1a99baa2cp+60 cr=0x1.1d3d1a99baa2dp+60 (libm - cr = -1.0 ulp)
[01:13:17Z] K1-DUR-dt2/8 appel 9916 pas 2479 etage 4 x=0x1.0516ff6400000p+10 libm=0x1.201909cd595c3p+60 cr=0x1.201909cd595c4p+60 (libm - cr = -1.0 ulp)
[01:13:17Z] K1-DUR-dt2/8 appel 9935 pas 2484 etage 3 x=0x1.0666a35d00000p+10 libm=0x1.28e348d2298a2p+60 cr=0x1.28e348d2298a3p+60 (libm - cr = -1.0 ulp)
[01:13:17Z] K1-DUR-dt2/8 appel 9971 pas 2493 etage 3 x=0x1.0911636500000p+10 libm=0x1.3b758f55543a1p+60 cr=0x1.3b758f55543a2p+60 (libm - cr = -1.0 ulp)
[01:13:17Z] K1-DUR-dt2/8 appel 9976 pas 2494 etage 4 x=0x1.0984ad8300000p+10 libm=0x1.3eb04e490a421p+60 cr=0x1.3eb04e490a422p+60 (libm - cr = -1.0 ulp)
[01:13:17Z] K1-DUR-dt2/8 appel 9977 pas 2495 etage 1 x=0x1.0984ad7f00000p+10 libm=0x1.3eb04e2c3be9cp+60 cr=0x1.3eb04e2c3be9dp+60 (libm - cr = -1.0 ulp)
[01:13:17Z] K1-DUR-dt2/8 appel 10002 pas 2501 etage 2 x=0x1.0b7d7c4e00000p+10 libm=0x1.4d27da21e2d71p+60 cr=0x1.4d27da21e2d72p+60 (libm - cr = -1.0 ulp)
[01:13:17Z] K1-DUR-dt2/8 appel 10034 pas 2509 etage 2 x=0x1.0df687e400000p+10 libm=0x1.60113dfa64100p+60 cr=0x1.60113dfa64101p+60 (libm - cr = -1.0 ulp)
[01:13:17Z] K1-DUR-dt2/8 appel 10052 pas 2513 etage 4 x=0x1.0f6078bf00000p+10 libm=0x1.6b46b19c46bb8p+60 cr=0x1.6b46b19c46bb9p+60 (libm - cr = -1.0 ulp)
[01:13:17Z] K1-DUR-dt2/8 appel 10058 pas 2515 etage 2 x=0x1.0fda088000000p+10 libm=0x1.6f1b569c87968p+60 cr=0x1.6f1b569c87969p+60 (libm - cr = -1.0 ulp)
[01:13:17Z] K1-DUR-dt2/8 appel 10059 pas 2515 etage 3 x=0x1.0fda161f00000p+10 libm=0x1.6f1bc4f984d88p+60 cr=0x1.6f1bc4f984d89p+60 (libm - cr = -1.0 ulp)
[01:13:17Z] K1-DUR-dt2/8 appel 10092 pas 2523 etage 4 x=0x1.1294360e00000p+10 libm=0x1.85c4048650f45p+60 cr=0x1.85c4048650f46p+60 (libm - cr = -1.0 ulp)
[01:13:17Z] K1-DUR-dt2/8 appel 10109 pas 2528 etage 1 x=0x1.13e23d8800000p+10 libm=0x1.9102f6ad08dd8p+60 cr=0x1.9102f6ad08dd9p+60 (libm - cr = -1.0 ulp)
[01:13:17Z] K1-DUR-dt2/8 appel 10122 pas 2531 etage 2 x=0x1.15096ec400000p+10 libm=0x1.9b2c7afd3148ap+60 cr=0x1.9b2c7afd3148bp+60 (libm - cr = -1.0 ulp)
[01:13:17Z] K1-DUR-dt2/8 appel 10123 pas 2531 etage 3 x=0x1.15097d5200000p+10 libm=0x1.9b2cfc99af304p+60 cr=0x1.9b2cfc99af305p+60 (libm - cr = -1.0 ulp)
[01:13:17Z] K1-DUR-dt2/8 appel 10155 pas 2539 etage 3 x=0x1.17b6d41600000p+10 libm=0x1.b3996149eacd2p+60 cr=0x1.b3996149eacd3p+60 (libm - cr = -1.0 ulp)
[01:13:17Z] K1-DUR-dt2/8 appel 10159 pas 2540 etage 3 x=0x1.180d8bbf00000p+10 libm=0x1.b6c61b9d59384p+60 cr=0x1.b6c61b9d59385p+60 (libm - cr = -1.0 ulp)
[01:13:17Z] K1-DUR-dt2/8 appel 10182 pas 2546 etage 2 x=0x1.1a1acb7700000p+10 libm=0x1.ca6b0b9e5407cp+60 cr=0x1.ca6b0b9e5407dp+60 (libm - cr = -1.0 ulp)
[01:13:17Z] K1-DUR-dt2/8 appel 10219 pas 2555 etage 3 x=0x1.1d3f476000000p+10 libm=0x1.e9ec70d05871cp+60 cr=0x1.e9ec70d05871dp+60 (libm - cr = -1.0 ulp)
[01:13:17Z] K1-DUR-dt2/8 appel 10236 pas 2559 etage 4 x=0x1.1ed9134700000p+10 libm=0x1.faa72fb400671p+60 cr=0x1.faa72fb400672p+60 (libm - cr = -1.0 ulp)
[01:13:17Z] K1-DUR-dt2/8 appel 10307 pas 2577 etage 3 x=0x1.2545642e00000p+10 libm=0x1.21531bfb8f654p+61 cr=0x1.21531bfb8f655p+61 (libm - cr = -1.0 ulp)
[01:13:17Z] K1-DUR-dt2/8 appel 10312 pas 2578 etage 4 x=0x1.25d62a6800000p+10 libm=0x1.24b03549e5965p+61 cr=0x1.24b03549e5966p+61 (libm - cr = -1.0 ulp)
[01:13:17Z] K1-DUR-dt2/8 appel 10318 pas 2580 etage 2 x=0x1.266791ba00000p+10 libm=0x1.28196e455dabfp+61 cr=0x1.28196e455dac0p+61 (libm - cr = -1.0 ulp)
[01:13:17Z] K1-DUR-dt2/8 appel 10328 pas 2582 etage 4 x=0x1.275b6a0400000p+10 libm=0x1.2de4e04152aa1p+61 cr=0x1.2de4e04152aa2p+61 (libm - cr = -1.0 ulp)
[01:13:17Z] K1-DUR-dt2/8 appel 10343 pas 2586 etage 3 x=0x1.28b3c81200000p+10 libm=0x1.363d00f03a509p+61 cr=0x1.363d00f03a50ap+61 (libm - cr = -1.0 ulp)
[01:13:17Z] K1-DUR-dt2/8 appel 10365 pas 2592 etage 1 x=0x1.2ad8075a00000p+10 libm=0x1.43eb39b10fd04p+61 cr=0x1.43eb39b10fd05p+61 (libm - cr = -1.0 ulp)
[01:13:17Z] K1-DUR-dt2/8 appel 10372 pas 2593 etage 4 x=0x1.2ba19ede00000p+10 libm=0x1.4912eed4a446dp+61 cr=0x1.4912eed4a446ep+61 (libm - cr = -1.0 ulp)
[01:13:17Z] K1-DUR-dt2/8 appel 10427 pas 2607 etage 3 x=0x1.3112561c00000p+10 libm=0x1.6e9724259b586p+61 cr=0x1.6e9724259b587p+61 (libm - cr = -1.0 ulp)
[01:13:17Z] K1-DUR-dt2/8 appel 10450 pas 2613 etage 2 x=0x1.338fafb200000p+10 libm=0x1.80e929d088c6bp+61 cr=0x1.80e929d088c6cp+61 (libm - cr = -1.0 ulp)
[01:13:17Z] K1-DUR-dt2/8 appel 10463 pas 2616 etage 3 x=0x1.34d2e5e000000p+10 libm=0x1.8a7d309829176p+61 cr=0x1.8a7d309829177p+61 (libm - cr = -1.0 ulp)
[01:13:17Z] K1-DUR-dt2/8 appel 10465 pas 2617 etage 1 x=0x1.3509006e00000p+10 libm=0x1.8c1c91e3dcd95p+61 cr=0x1.8c1c91e3dcd96p+61 (libm - cr = -1.0 ulp)
[01:13:17Z] K1-DUR-dt2/8 appel 10481 pas 2621 etage 1 x=0x1.36bd2fde00000p+10 libm=0x1.9965ae4970aa0p+61 cr=0x1.9965ae4970aa1p+61 (libm - cr = -1.0 ulp)
[01:13:17Z] K1-DUR-dt2/8 appel 10484 pas 2621 etage 4 x=0x1.372b14a600000p+10 libm=0x1.9ccd64991d425p+61 cr=0x1.9ccd64991d426p+61 (libm - cr = -1.0 ulp)
[01:13:17Z] K1-DUR-dt2/8 appel 10523 pas 2631 etage 3 x=0x1.3b506ac800000p+10 libm=0x1.beebc73aa2550p+61 cr=0x1.beebc73aa2551p+61 (libm - cr = -1.0 ulp)
[01:13:17Z] K1-DUR-dt2/8 appel 10543 pas 2636 etage 3 x=0x1.3d8be42800000p+10 libm=0x1.d23e999230a4cp+61 cr=0x1.d23e999230a4dp+61 (libm - cr = -1.0 ulp)
[01:13:17Z] K1-DUR-dt2/8 appel 10565 pas 2642 etage 1 x=0x1.400b152400000p+10 libm=0x1.e8ad7f95b6731p+61 cr=0x1.e8ad7f95b6732p+61 (libm - cr = -1.0 ulp)
[01:13:17Z] K1-DUR-dt2/8 appel 10582 pas 2646 etage 2 x=0x1.421e873400000p+10 libm=0x1.fc01f5c0dd2e3p+61 cr=0x1.fc01f5c0dd2e4p+61 (libm - cr = -1.0 ulp)
[01:13:17Z] K1-DUR-dt2/8 appel 10655 pas 2664 etage 3 x=0x1.4abca61600000p+10 libm=0x1.299a2af7035bbp+62 cr=0x1.299a2af7035bcp+62 (libm - cr = -1.0 ulp)
[01:13:17Z] K1-DUR-dt2/8 appel 10660 pas 2665 etage 4 x=0x1.4b7a743200000p+10 libm=0x1.2da0aa643414dp+62 cr=0x1.2da0aa643414ep+62 (libm - cr = -1.0 ulp)
[01:13:17Z] K1-DUR-dt2/8 appel 10680 pas 2670 etage 4 x=0x1.4dfa4b0800000p+10 libm=0x1.3b887f8f52b2bp+62 cr=0x1.3b887f8f52b2cp+62 (libm - cr = -1.0 ulp)
[01:13:17Z] K1-DUR-dt2/8 appel 10690 pas 2673 etage 2 x=0x1.4f3e3f8e00000p+10 libm=0x1.42c65de0c409fp+62 cr=0x1.42c65de0c40a0p+62 (libm - cr = -1.0 ulp)
[01:13:17Z] K1-DUR-dt2/8 appel 10699 pas 2675 etage 3 x=0x1.504390ac00000p+10 libm=0x1.48b77e2b35104p+62 cr=0x1.48b77e2b35105p+62 (libm - cr = -1.0 ulp)
[01:13:17Z] K1-DUR-dt2/8 appel 10710 pas 2678 etage 2 x=0x1.51cea21e00000p+10 libm=0x1.51df730aa5b8fp+62 cr=0x1.51df730aa5b90p+62 (libm - cr = -1.0 ulp)
[01:13:17Z] K1-DUR-dt2/8 appel 10713 pas 2679 etage 1 x=0x1.5210f37600000p+10 libm=0x1.536e3270ce7e5p+62 cr=0x1.536e3270ce7e6p+62 (libm - cr = -1.0 ulp)
[01:13:17Z] K1-DUR-dt2/8 appel 10730 pas 2683 etage 2 x=0x1.546a6c3400000p+10 libm=0x1.61d5219e96b3ep+62 cr=0x1.61d5219e96b3fp+62 (libm - cr = -1.0 ulp)
[01:13:17Z] K1-DUR-dt2/8 appel 10754 pas 2689 etage 2 x=0x1.579b434800000p+10 libm=0x1.7634364efb6fbp+62 cr=0x1.7634364efb6fcp+62 (libm - cr = -1.0 ulp)
[01:13:17Z] K1-DUR-dt2/8 appel 10761 pas 2691 etage 1 x=0x1.586a3c2600000p+10 libm=0x1.7b849ba7bb44bp+62 cr=0x1.7b849ba7bb44cp+62 (libm - cr = -1.0 ulp)
[01:13:17Z] K1-DUR-dt2/8 appel 10765 pas 2692 etage 1 x=0x1.58f4c92400000p+10 libm=0x1.7f1c3ef0a19e5p+62 cr=0x1.7f1c3ef0a19e6p+62 (libm - cr = -1.0 ulp)
[01:13:17Z] K1-DUR-dt2/8 appel 10797 pas 2700 etage 1 x=0x1.5d5b179000000p+10 libm=0x1.9d60f54636f5bp+62 cr=0x1.9d60f54636f5cp+62 (libm - cr = -1.0 ulp)
[01:13:17Z] K1-DUR-dt2/8 appel 10810 pas 2703 etage 2 x=0x1.5f5206e400000p+10 libm=0x1.ab8626710d52ep+62 cr=0x1.ab8626710d52fp+62 (libm - cr = -1.0 ulp)
[01:13:17Z] K1-DUR-dt2/8 appel 10841 pas 2711 etage 1 x=0x1.639db31400000p+10 libm=0x1.cbdccfc89341dp+62 cr=0x1.cbdccfc89341ep+62 (libm - cr = -1.0 ulp)
[01:13:17Z] K1-DUR-dt2/8 appel 10845 pas 2712 etage 1 x=0x1.64329b2400000p+10 libm=0x1.d064e422a0aabp+62 cr=0x1.d064e422a0aacp+62 (libm - cr = -1.0 ulp)
[01:13:17Z] K1-DUR-dt2/8 appel 10873 pas 2719 etage 1 x=0x1.6854817800000p+10 libm=0x1.f1ac199fba51ap+62 cr=0x1.f1ac199fba51bp+62 (libm - cr = -1.0 ulp)
[01:13:17Z] K1-DUR-dt2/8 appel 10906 pas 2727 etage 2 x=0x1.6d7ece4000000p+10 libm=0x1.0f05197d3bf47p+63 cr=0x1.0f05197d3bf48p+63 (libm - cr = -1.0 ulp)
[01:13:17Z] K1-DUR-dt2/8 appel 10936 pas 2734 etage 4 x=0x1.7231ada000000p+10 libm=0x1.249bc1ee7b198p+63 cr=0x1.249bc1ee7b199p+63 (libm - cr = -1.0 ulp)
[01:13:17Z] K1-DUR-dt2/8 appel 10945 pas 2737 etage 1 x=0x1.7378544400000p+10 libm=0x1.2ab65091be3b6p+63 cr=0x1.2ab65091be3b7p+63 (libm - cr = -1.0 ulp)
[01:13:17Z] K1-DUR-dt2/8 appel 10958 pas 2740 etage 2 x=0x1.75ba075800000p+10 libm=0x1.35c448266e172p+63 cr=0x1.35c448266e173p+63 (libm - cr = -1.0 ulp)
[01:13:17Z] K1-DUR-dt2/8 appel 11040 pas 2760 etage 4 x=0x1.8397d52400000p+10 libm=0x1.8172d22ec9126p+63 cr=0x1.8172d22ec9127p+63 (libm - cr = -1.0 ulp)
[01:13:17Z] K1-DUR-dt2/8 appel 11042 pas 2761 etage 2 x=0x1.83f2092400000p+10 libm=0x1.838e4517dd386p+63 cr=0x1.838e4517dd387p+63 (libm - cr = -1.0 ulp)
[01:13:17Z] K1-DUR-dt2/8 appel 11057 pas 2765 etage 1 x=0x1.866f6a3800000p+10 libm=0x1.92b88713f3ab9p+63 cr=0x1.92b88713f3abap+63 (libm - cr = -1.0 ulp)
[01:13:17Z] K1-DUR-dt2/8 appel 11078 pas 2770 etage 2 x=0x1.8a6b96d800000p+10 libm=0x1.ac057e81e2281p+63 cr=0x1.ac057e81e2282p+63 (libm - cr = -1.0 ulp)
[01:13:17Z] K1-DUR-dt2/8 appel 11149 pas 2788 etage 1 x=0x1.97bc316c00000p+10 libm=0x1.052f7966ecbd9p+64 cr=0x1.052f7966ecbdap+64 (libm - cr = -1.0 ulp)
[01:13:17Z] K1-DUR-dt2/8 appel 11199 pas 2800 etage 3 x=0x1.a1e2866c00000p+10 libm=0x1.2eb48efccb789p+64 cr=0x1.2eb48efccb78ap+64 (libm - cr = -1.0 ulp)
[01:13:17Z] K1-DUR-dt2/8 appel 11234 pas 2809 etage 2 x=0x1.a98d371400000p+10 libm=0x1.5197dbefd53cdp+64 cr=0x1.5197dbefd53cep+64 (libm - cr = -1.0 ulp)
[01:13:17Z] K1-DUR-dt2/8 appel 11235 pas 2809 etage 3 x=0x1.a98d785800000p+10 libm=0x1.51991297c4390p+64 cr=0x1.51991297c4391p+64 (libm - cr = -1.0 ulp)
[01:13:17Z] K1-DUR-dt2/8 appel 11249 pas 2813 etage 1 x=0x1.ac9ecf9000000p+10 libm=0x1.60773c485e7ebp+64 cr=0x1.60773c485e7ecp+64 (libm - cr = -1.0 ulp)
[01:13:17Z] K1-DUR-dt2/8 appel 11255 pas 2814 etage 3 x=0x1.adf37d4000000p+10 libm=0x1.67153ace2366fp+64 cr=0x1.67153ace23670p+64 (libm - cr = -1.0 ulp)
[01:13:17Z] K1-DUR-dt2/8 appel 11256 pas 2814 etage 4 x=0x1.ae65671000000p+10 libm=0x1.6951881b3b8efp+64 cr=0x1.6951881b3b8f0p+64 (libm - cr = -1.0 ulp)
[01:13:17Z] K1-DUR-dt2/8 appel 11273 pas 2819 etage 1 x=0x1.b1ff6cc800000p+10 libm=0x1.7bd80579f17bep+64 cr=0x1.7bd80579f17bfp+64 (libm - cr = -1.0 ulp)
[01:13:17Z] K1-DUR-dt2/8 appel 11277 pas 2820 etage 1 x=0x1.b2e8a6e000000p+10 libm=0x1.80a73795aa27dp+64 cr=0x1.80a73795aa27ep+64 (libm - cr = -1.0 ulp)
[01:13:17Z] K1-DUR-dt2/8 appel 11285 pas 2822 etage 1 x=0x1.b4be6d5800000p+10 libm=0x1.8a7e9b4962f5ap+64 cr=0x1.8a7e9b4962f5bp+64 (libm - cr = -1.0 ulp)
[01:13:17Z] K1-DUR-dt2/8 appel 11320 pas 2830 etage 4 x=0x1.bd38e11800000p+10 libm=0x1.babb68118e7bdp+64 cr=0x1.babb68118e7bep+64 (libm - cr = -1.0 ulp)
[01:13:17Z] K1-DUR-dt2/8 appel 11342 pas 2836 etage 2 x=0x1.c296830000000p+10 libm=0x1.dbba0acf930b9p+64 cr=0x1.dbba0acf930bap+64 (libm - cr = -1.0 ulp)
[01:13:17Z] K1-DUR-dt2/8 appel 11382 pas 2846 etage 2 x=0x1.ccba5b1800000p+10 libm=0x1.0fd7b6b65142fp+65 cr=0x1.0fd7b6b651430p+65 (libm - cr = -1.0 ulp)
[01:13:17Z] K1-DUR-dt2/8 appel 11394 pas 2849 etage 2 x=0x1.cfdefdc800000p+10 libm=0x1.1b29499cd0b85p+65 cr=0x1.1b29499cd0b86p+65 (libm - cr = -1.0 ulp)
[01:13:17Z] K1-DUR-dt2/8 appel 11396 pas 2849 etage 4 x=0x1.d066797800000p+10 libm=0x1.1d1aec7b5d44cp+65 cr=0x1.1d1aec7b5d44dp+65 (libm - cr = -1.0 ulp)
[01:13:17Z] K1-DUR-dt2/8 appel 11405 pas 2852 etage 1 x=0x1.d287334000000p+10 libm=0x1.25088f83ff746p+65 cr=0x1.25088f83ff747p+65 (libm - cr = -1.0 ulp)
[01:13:17Z] K1-DUR-dt2/8 appel 11498 pas 2875 etage 2 x=0x1.ed48976000000p+10 libm=0x1.997a3d804eec3p+65 cr=0x1.997a3d804eec4p+65 (libm - cr = -1.0 ulp)
[01:13:17Z] K1-DUR-dt2/8 appel 11499 pas 2875 etage 3 x=0x1.ed4904c000000p+10 libm=0x1.997c5e433f620p+65 cr=0x1.997c5e433f621p+65 (libm - cr = -1.0 ulp)
[01:13:17Z] K1-DUR-dt2/8 appel 11533 pas 2884 etage 1 x=0x1.f7d67b2800000p+10 libm=0x1.d0f00d234b4d6p+65 cr=0x1.d0f00d234b4d7p+65 (libm - cr = -1.0 ulp)
[01:13:17Z] K1-DUR-dt2/8 appel 11557 pas 2890 etage 1 x=0x1.ff99656800000p+10 libm=0x1.fd99948a4ff53p+65 cr=0x1.fd99948a4ff54p+65 (libm - cr = -1.0 ulp)
[01:13:17Z] K1-DUR-dt2/8 appel 11559 pas 2890 etage 3 x=0x1.00212aa000000p+11 libm=0x1.00c7403f6494bp+66 cr=0x1.00c7403f6494cp+66 (libm - cr = -1.0 ulp)
[01:13:17Z] K1-DUR-dt2/8 appel 11588 pas 2897 etage 4 x=0x1.0530429800000p+11 libm=0x1.20c0736dccea4p+66 cr=0x1.20c0736dccea5p+66 (libm - cr = -1.0 ulp)
[01:13:17Z] K1-DUR-dt2/8 appel 11612 pas 2903 etage 4 x=0x1.0966baa800000p+11 libm=0x1.3dd8de23ba277p+66 cr=0x1.3dd8de23ba278p+66 (libm - cr = -1.0 ulp)
[01:13:17Z] K1-DUR-dt2/8 appel 11616 pas 2904 etage 4 x=0x1.0a1e4bd000000p+11 libm=0x1.4308dbf1ff15fp+66 cr=0x1.4308dbf1ff160p+66 (libm - cr = -1.0 ulp)
[01:13:17Z] K1-DUR-dt2/8 appel 11621 pas 2906 etage 1 x=0x1.0ad6fb6800000p+11 libm=0x1.48531f7bfd545p+66 cr=0x1.48531f7bfd546p+66 (libm - cr = -1.0 ulp)
[01:13:17Z] K1-DUR-dt2/8 appel 11624 pas 2906 etage 4 x=0x1.0b90ccd000000p+11 libm=0x1.4db84a220bb79p+66 cr=0x1.4db84a220bb7ap+66 (libm - cr = -1.0 ulp)
[01:13:17Z] K1-DUR-dt2/8 appel 11645 pas 2912 etage 1 x=0x1.0f43391000000p+11 libm=0x1.6a5c04f4b2bfap+66 cr=0x1.6a5c04f4b2bfbp+66 (libm - cr = -1.0 ulp)
[01:13:17Z] K1-DUR-dt2/8 appel 11653 pas 2914 etage 1 x=0x1.10c6180000000p+11 libm=0x1.76a447656301dp+66 cr=0x1.76a447656301ep+66 (libm - cr = -1.0 ulp)
[01:13:17Z] K1-DUR-dt2/8 appel 11683 pas 2921 etage 3 x=0x1.169d502800000p+11 libm=0x1.a96cac62889f9p+66 cr=0x1.a96cac62889fap+66 (libm - cr = -1.0 ulp)
[01:13:17Z] K1-DUR-dt2/8 appel 11728 pas 2932 etage 4 x=0x1.20234bb800000p+11 libm=0x1.043d2a79bb221p+67 cr=0x1.043d2a79bb222p+67 (libm - cr = -1.0 ulp)
[01:13:17Z] K1-DUR-dt2/8 appel 11756 pas 2939 etage 4 x=0x1.264dc1c800000p+11 libm=0x1.277dcc7d5d308p+67 cr=0x1.277dcc7d5d309p+67 (libm - cr = -1.0 ulp)
[01:13:17Z] K1-DUR-dt2/8 appel 11771 pas 2943 etage 3 x=0x1.29801a7800000p+11 libm=0x1.3b4783eb90fc9p+67 cr=0x1.3b4783eb90fcap+67 (libm - cr = -1.0 ulp)
[01:13:17Z] K1-DUR-dt2/8 appel 11773 pas 2944 etage 1 x=0x1.29f6697000000p+11 libm=0x1.3e3ab7145cdf6p+67 cr=0x1.3e3ab7145cdf7p+67 (libm - cr = -1.0 ulp)
[01:13:17Z] K1-DUR-dt2/8 appel 11785 pas 2947 etage 1 x=0x1.2cc64e3800000p+11 libm=0x1.50ae185000f6bp+67 cr=0x1.50ae185000f6cp+67 (libm - cr = -1.0 ulp)
[01:13:17Z] K1-DUR-dt2/8 appel 11815 pas 2954 etage 3 x=0x1.341319e800000p+11 libm=0x1.84c814357965ep+67 cr=0x1.84c814357965fp+67 (libm - cr = -1.0 ulp)
[01:13:17Z] K1-DUR-dt2/8 appel 11841 pas 2961 etage 1 x=0x1.3abb12b000000p+11 libm=0x1.b9fb9230de9a5p+67 cr=0x1.b9fb9230de9a6p+67 (libm - cr = -1.0 ulp)
[01:13:17Z] K1-DUR-dt2/8 appel 11879 pas 2970 etage 3 x=0x1.4511274000000p+11 libm=0x1.0c45f9e05bd67p+68 cr=0x1.0c45f9e05bd68p+68 (libm - cr = -1.0 ulp)
[01:13:17Z] K1-DUR-dt2/8 appel 11896 pas 2974 etage 4 x=0x1.4a3bd60000000p+11 libm=0x1.26e55c5d2a58fp+68 cr=0x1.26e55c5d2a590p+68 (libm - cr = -1.0 ulp)
[01:13:17Z] K1-DUR-dt2/8 appel 11924 pas 2981 etage 4 x=0x1.52a6c36000000p+11 libm=0x1.56f89cade692ap+68 cr=0x1.56f89cade692bp+68 (libm - cr = -1.0 ulp)
[01:13:17Z] K1-DUR-dt2/8 appel 11932 pas 2983 etage 4 x=0x1.5525668000000p+11 libm=0x1.66697c8d3cb26p+68 cr=0x1.66697c8d3cb27p+68 (libm - cr = -1.0 ulp)
[01:13:17Z] K1-DUR-dt2/8 appel 11933 pas 2984 etage 1 x=0x1.552565d000000p+11 libm=0x1.66697837ca926p+68 cr=0x1.66697837ca927p+68 (libm - cr = -1.0 ulp)
[01:13:17Z] K1-DUR-dt2/8 appel 11953 pas 2989 etage 1 x=0x1.5b9158e000000p+11 libm=0x1.90d878929c15bp+68 cr=0x1.90d878929c15cp+68 (libm - cr = -1.0 ulp)
[01:13:17Z] K1-DUR-dt2/8 appel 11970 pas 2993 etage 2 x=0x1.61955ab000000p+11 libm=0x1.bc50c6ed54589p+68 cr=0x1.bc50c6ed5458ap+68 (libm - cr = -1.0 ulp)
[01:13:17Z] K1-DUR-dt2/8 appel 11981 pas 2996 etage 1 x=0x1.6507c26000000p+11 libm=0x1.d6f20fdcbb470p+68 cr=0x1.d6f20fdcbb471p+68 (libm - cr = -1.0 ulp)
[01:13:17Z] K1-DUR-dt2/8 appel 12002 pas 3001 etage 2 x=0x1.6ce1ad0000000p+11 libm=0x1.0c4cf1a438b9fp+69 cr=0x1.0c4cf1a438ba0p+69 (libm - cr = -1.0 ulp)
[01:13:17Z] K1-DUR-dt2/8 appel 12019 pas 3005 etage 3 x=0x1.72d8665000000p+11 libm=0x1.27b5ec04dcc2dp+69 cr=0x1.27b5ec04dcc2ep+69 (libm - cr = -1.0 ulp)
[01:13:17Z] K1-DUR-dt2/8 appel 12046 pas 3012 etage 2 x=0x1.7dd1858000000p+11 libm=0x1.60401fecf48c3p+69 cr=0x1.60401fecf48c4p+69 (libm - cr = -1.0 ulp)
[01:13:17Z] K1-DUR-dt2/8 appel 12048 pas 3012 etage 4 x=0x1.7ea1ef2000000p+11 libm=0x1.64c7ee3ee0e32p+69 cr=0x1.64c7ee3ee0e33p+69 (libm - cr = -1.0 ulp)
[01:13:17Z] K1-DUR-dt2/8 appel 12063 pas 3016 etage 3 x=0x1.846e36e000000p+11 libm=0x1.8678ec84ef493p+69 cr=0x1.8678ec84ef494p+69 (libm - cr = -1.0 ulp)
[01:13:17Z] K1-DUR-dt2/8 appel 12067 pas 3017 etage 3 x=0x1.861f80a000000p+11 libm=0x1.90caf3f1db61ep+69 cr=0x1.90caf3f1db61fp+69 (libm - cr = -1.0 ulp)
[01:13:17Z] K1-DUR-dt2/8 appel 12068 pas 3017 etage 4 x=0x1.86f937a000000p+11 libm=0x1.96104dba84dc6p+69 cr=0x1.96104dba84dc7p+69 (libm - cr = -1.0 ulp)
[01:13:17Z] K1-DUR-dt2/8 appel 12093 pas 3024 etage 1 x=0x1.918a6b0000000p+11 libm=0x1.dc86eeb886ffcp+69 cr=0x1.dc86eeb886ffdp+69 (libm - cr = -1.0 ulp)
[01:13:17Z] K1-DUR-dt2/8 appel 12141 pas 3036 etage 1 x=0x1.a8bce7c000000p+11 libm=0x1.4dbd107dbb070p+70 cr=0x1.4dbd107dbb071p+70 (libm - cr = -1.0 ulp)
[01:13:17Z] K1-DUR-dt2/8 appel 12150 pas 3038 etage 2 x=0x1.adf45d4000000p+11 libm=0x1.67199d4c4b83ap+70 cr=0x1.67199d4c4b83bp+70 (libm - cr = -1.0 ulp)
[01:13:17Z] K1-DUR-dt2/8 appel 12156 pas 3039 etage 4 x=0x1.b128bfa000000p+11 libm=0x1.77761e1ede5e7p+70 cr=0x1.77761e1ede5e8p+70 (libm - cr = -1.0 ulp)
[01:13:17Z] K1-DUR-dt2/8 appel 12160 pas 3040 etage 4 x=0x1.b352d8e000000p+11 libm=0x1.82dc1b458e89dp+70 cr=0x1.82dc1b458e89ep+70 (libm - cr = -1.0 ulp)
[01:13:17Z] EFFET-dt2/8  cas dur K1 appel 19 (pas 5) corrige seul : premier pas qui differe None, x_fin deplace de +0.0 ulp(x1) -> ABSORBE
[01:13:17Z] EFFET-dt2/8  cas dur K1 appel 20 (pas 5) corrige seul : premier pas qui differe None, x_fin deplace de +0.0 ulp(x1) -> ABSORBE
[01:13:17Z] EFFET-dt2/8  cas dur K1 appel 53 (pas 14) corrige seul : premier pas qui differe None, x_fin deplace de +0.0 ulp(x1) -> ABSORBE
[01:13:17Z] EFFET-dt2/8  cas dur K1 appel 88 (pas 22) corrige seul : premier pas qui differe None, x_fin deplace de +0.0 ulp(x1) -> ABSORBE
[01:13:17Z] EFFET-dt2/8  cas dur K1 appel 93 (pas 24) corrige seul : premier pas qui differe None, x_fin deplace de +0.0 ulp(x1) -> ABSORBE
[01:13:17Z] EFFET-dt2/8  cas dur K1 appel 136 (pas 34) corrige seul : premier pas qui differe None, x_fin deplace de +0.0 ulp(x1) -> ABSORBE
[01:13:17Z] EFFET-dt2/8  cas dur K1 appel 140 (pas 35) corrige seul : premier pas qui differe None, x_fin deplace de +0.0 ulp(x1) -> ABSORBE
[01:13:17Z] EFFET-dt2/8  cas dur K1 appel 143 (pas 36) corrige seul : premier pas qui differe None, x_fin deplace de +0.0 ulp(x1) -> ABSORBE
[01:13:17Z] EFFET-dt2/8  cas dur K1 appel 201 (pas 51) corrige seul : premier pas qui differe None, x_fin deplace de +0.0 ulp(x1) -> ABSORBE
[01:13:17Z] EFFET-dt2/8  cas dur K1 appel 203 (pas 51) corrige seul : premier pas qui differe None, x_fin deplace de +0.0 ulp(x1) -> ABSORBE
[01:13:17Z] EFFET-dt2/8  cas dur K1 appel 205 (pas 52) corrige seul : premier pas qui differe None, x_fin deplace de +0.0 ulp(x1) -> ABSORBE
[01:13:17Z] EFFET-dt2/8  cas dur K1 appel 218 (pas 55) corrige seul : premier pas qui differe None, x_fin deplace de +0.0 ulp(x1) -> ABSORBE
[01:13:17Z] EFFET-dt2/8  cas dur K1 appel 219 (pas 55) corrige seul : premier pas qui differe None, x_fin deplace de +0.0 ulp(x1) -> ABSORBE
[01:13:17Z] EFFET-dt2/8  cas dur K1 appel 232 (pas 58) corrige seul : premier pas qui differe None, x_fin deplace de +0.0 ulp(x1) -> ABSORBE
[01:13:17Z] EFFET-dt2/8  cas dur K1 appel 235 (pas 59) corrige seul : premier pas qui differe None, x_fin deplace de +0.0 ulp(x1) -> ABSORBE
[01:13:17Z] EFFET-dt2/8  cas dur K1 appel 245 (pas 62) corrige seul : premier pas qui differe None, x_fin deplace de +0.0 ulp(x1) -> ABSORBE
[01:13:17Z] EFFET-dt2/8  cas dur K1 appel 246 (pas 62) corrige seul : premier pas qui differe None, x_fin deplace de +0.0 ulp(x1) -> ABSORBE
[01:13:17Z] EFFET-dt2/8  cas dur K1 appel 254 (pas 64) corrige seul : premier pas qui differe None, x_fin deplace de +0.0 ulp(x1) -> ABSORBE
[01:13:17Z] EFFET-dt2/8  cas dur K1 appel 256 (pas 64) corrige seul : premier pas qui differe None, x_fin deplace de +0.0 ulp(x1) -> ABSORBE
[01:13:17Z] EFFET-dt2/8  cas dur K1 appel 308 (pas 77) corrige seul : premier pas qui differe None, x_fin deplace de +0.0 ulp(x1) -> ABSORBE
[01:13:17Z] EFFET-dt2/8  cas dur K1 appel 324 (pas 81) corrige seul : premier pas qui differe None, x_fin deplace de +0.0 ulp(x1) -> ABSORBE
[01:13:17Z] EFFET-dt2/8  cas dur K1 appel 475 (pas 119) corrige seul : premier pas qui differe None, x_fin deplace de +0.0 ulp(x1) -> ABSORBE
[01:13:17Z] EFFET-dt2/8  cas dur K1 appel 488 (pas 122) corrige seul : premier pas qui differe None, x_fin deplace de +0.0 ulp(x1) -> ABSORBE
[01:13:17Z] EFFET-dt2/8  cas dur K1 appel 495 (pas 124) corrige seul : premier pas qui differe None, x_fin deplace de +0.0 ulp(x1) -> ABSORBE
[01:13:17Z] EFFET-dt2/8  cas dur K1 appel 536 (pas 134) corrige seul : premier pas qui differe None, x_fin deplace de +0.0 ulp(x1) -> ABSORBE
[01:13:17Z] EFFET-dt2/8  cas dur K1 appel 558 (pas 140) corrige seul : premier pas qui differe None, x_fin deplace de +0.0 ulp(x1) -> ABSORBE
[01:13:17Z] EFFET-dt2/8  cas dur K1 appel 648 (pas 162) corrige seul : premier pas qui differe None, x_fin deplace de +0.0 ulp(x1) -> ABSORBE
[01:13:17Z] EFFET-dt2/8  cas dur K1 appel 651 (pas 163) corrige seul : premier pas qui differe None, x_fin deplace de +0.0 ulp(x1) -> ABSORBE
[01:13:17Z] EFFET-dt2/8  cas dur K1 appel 655 (pas 164) corrige seul : premier pas qui differe None, x_fin deplace de +0.0 ulp(x1) -> ABSORBE
[01:13:17Z] EFFET-dt2/8  cas dur K1 appel 661 (pas 166) corrige seul : premier pas qui differe None, x_fin deplace de +0.0 ulp(x1) -> ABSORBE
[01:13:17Z] EFFET-dt2/8  cas dur K1 appel 667 (pas 167) corrige seul : premier pas qui differe None, x_fin deplace de +0.0 ulp(x1) -> ABSORBE
[01:13:17Z] EFFET-dt2/8  cas dur K1 appel 696 (pas 174) corrige seul : premier pas qui differe None, x_fin deplace de +0.0 ulp(x1) -> ABSORBE
[01:13:17Z] EFFET-dt2/8  cas dur K1 appel 702 (pas 176) corrige seul : premier pas qui differe None, x_fin deplace de +0.0 ulp(x1) -> ABSORBE
[01:13:17Z] EFFET-dt2/8  cas dur K1 appel 772 (pas 193) corrige seul : premier pas qui differe None, x_fin deplace de +0.0 ulp(x1) -> ABSORBE
[01:13:17Z] EFFET-dt2/8  cas dur K1 appel 782 (pas 196) corrige seul : premier pas qui differe None, x_fin deplace de +0.0 ulp(x1) -> ABSORBE
[01:13:17Z] EFFET-dt2/8  cas dur K1 appel 786 (pas 197) corrige seul : premier pas qui differe None, x_fin deplace de +0.0 ulp(x1) -> ABSORBE
[01:13:17Z] EFFET-dt2/8  cas dur K1 appel 806 (pas 202) corrige seul : premier pas qui differe None, x_fin deplace de +0.0 ulp(x1) -> ABSORBE
[01:13:17Z] EFFET-dt2/8  cas dur K1 appel 807 (pas 202) corrige seul : premier pas qui differe None, x_fin deplace de +0.0 ulp(x1) -> ABSORBE
[01:13:17Z] EFFET-dt2/8  cas dur K1 appel 812 (pas 203) corrige seul : premier pas qui differe None, x_fin deplace de +0.0 ulp(x1) -> ABSORBE
[01:13:17Z] EFFET-dt2/8  cas dur K1 appel 862 (pas 216) corrige seul : premier pas qui differe None, x_fin deplace de +0.0 ulp(x1) -> ABSORBE
[01:13:17Z] EFFET-dt2/8  cas dur K1 appel 864 (pas 216) corrige seul : premier pas qui differe None, x_fin deplace de +0.0 ulp(x1) -> ABSORBE
[01:13:17Z] EFFET-dt2/8  cas dur K1 appel 874 (pas 219) corrige seul : premier pas qui differe None, x_fin deplace de +0.0 ulp(x1) -> ABSORBE
[01:13:17Z] EFFET-dt2/8  cas dur K1 appel 885 (pas 222) corrige seul : premier pas qui differe None, x_fin deplace de +0.0 ulp(x1) -> ABSORBE
[01:13:17Z] EFFET-dt2/8  cas dur K1 appel 910 (pas 228) corrige seul : premier pas qui differe None, x_fin deplace de +0.0 ulp(x1) -> ABSORBE
[01:13:17Z] EFFET-dt2/8  cas dur K1 appel 938 (pas 235) corrige seul : premier pas qui differe None, x_fin deplace de +0.0 ulp(x1) -> ABSORBE
[01:13:17Z] EFFET-dt2/8  cas dur K1 appel 940 (pas 235) corrige seul : premier pas qui differe None, x_fin deplace de +0.0 ulp(x1) -> ABSORBE
[01:13:17Z] EFFET-dt2/8  cas dur K1 appel 944 (pas 236) corrige seul : premier pas qui differe None, x_fin deplace de +0.0 ulp(x1) -> ABSORBE
[01:13:17Z] EFFET-dt2/8  cas dur K1 appel 980 (pas 245) corrige seul : premier pas qui differe None, x_fin deplace de +0.0 ulp(x1) -> ABSORBE
[01:13:17Z] EFFET-dt2/8  cas dur K1 appel 981 (pas 246) corrige seul : premier pas qui differe None, x_fin deplace de +0.0 ulp(x1) -> ABSORBE
[01:13:17Z] EFFET-dt2/8  cas dur K1 appel 1070 (pas 268) corrige seul : premier pas qui differe None, x_fin deplace de +0.0 ulp(x1) -> ABSORBE
[01:13:17Z] EFFET-dt2/8  cas dur K1 appel 1131 (pas 283) corrige seul : premier pas qui differe None, x_fin deplace de +0.0 ulp(x1) -> ABSORBE
[01:13:17Z] EFFET-dt2/8  cas dur K1 appel 1155 (pas 289) corrige seul : premier pas qui differe None, x_fin deplace de +0.0 ulp(x1) -> ABSORBE
[01:13:17Z] EFFET-dt2/8  cas dur K1 appel 1193 (pas 299) corrige seul : premier pas qui differe None, x_fin deplace de +0.0 ulp(x1) -> ABSORBE
[01:13:17Z] EFFET-dt2/8  cas dur K1 appel 1225 (pas 307) corrige seul : premier pas qui differe None, x_fin deplace de +0.0 ulp(x1) -> ABSORBE
[01:13:17Z] EFFET-dt2/8  cas dur K1 appel 1229 (pas 308) corrige seul : premier pas qui differe None, x_fin deplace de +0.0 ulp(x1) -> ABSORBE
[01:13:17Z] EFFET-dt2/8  cas dur K1 appel 1237 (pas 310) corrige seul : premier pas qui differe None, x_fin deplace de +0.0 ulp(x1) -> ABSORBE
[01:13:17Z] EFFET-dt2/8  cas dur K1 appel 1254 (pas 314) corrige seul : premier pas qui differe None, x_fin deplace de +0.0 ulp(x1) -> ABSORBE
[01:13:17Z] EFFET-dt2/8  cas dur K1 appel 1306 (pas 327) corrige seul : premier pas qui differe None, x_fin deplace de +0.0 ulp(x1) -> ABSORBE
[01:13:17Z] EFFET-dt2/8  cas dur K1 appel 1324 (pas 331) corrige seul : premier pas qui differe None, x_fin deplace de +0.0 ulp(x1) -> ABSORBE
[01:13:17Z] EFFET-dt2/8  cas dur K1 appel 1325 (pas 332) corrige seul : premier pas qui differe None, x_fin deplace de +0.0 ulp(x1) -> ABSORBE
[01:13:17Z] EFFET-dt2/8  cas dur K1 appel 1352 (pas 338) corrige seul : premier pas qui differe None, x_fin deplace de +0.0 ulp(x1) -> ABSORBE
[01:13:17Z] EFFET-dt2/8  cas dur K1 appel 1353 (pas 339) corrige seul : premier pas qui differe None, x_fin deplace de +0.0 ulp(x1) -> ABSORBE
[01:13:17Z] EFFET-dt2/8  cas dur K1 appel 1393 (pas 349) corrige seul : premier pas qui differe None, x_fin deplace de +0.0 ulp(x1) -> ABSORBE
[01:13:17Z] EFFET-dt2/8  cas dur K1 appel 1443 (pas 361) corrige seul : premier pas qui differe None, x_fin deplace de +0.0 ulp(x1) -> ABSORBE
[01:13:17Z] EFFET-dt2/8  cas dur K1 appel 1486 (pas 372) corrige seul : premier pas qui differe None, x_fin deplace de +0.0 ulp(x1) -> ABSORBE
[01:13:17Z] EFFET-dt2/8  cas dur K1 appel 1519 (pas 380) corrige seul : premier pas qui differe None, x_fin deplace de +0.0 ulp(x1) -> ABSORBE
[01:13:17Z] EFFET-dt2/8  cas dur K1 appel 1534 (pas 384) corrige seul : premier pas qui differe None, x_fin deplace de +0.0 ulp(x1) -> ABSORBE
[01:13:17Z] EFFET-dt2/8  cas dur K1 appel 1547 (pas 387) corrige seul : premier pas qui differe None, x_fin deplace de +0.0 ulp(x1) -> ABSORBE
[01:13:17Z] EFFET-dt2/8  cas dur K1 appel 1558 (pas 390) corrige seul : premier pas qui differe None, x_fin deplace de +0.0 ulp(x1) -> ABSORBE
[01:13:17Z] EFFET-dt2/8  cas dur K1 appel 1568 (pas 392) corrige seul : premier pas qui differe None, x_fin deplace de +0.0 ulp(x1) -> ABSORBE
[01:13:17Z] EFFET-dt2/8  cas dur K1 appel 1587 (pas 397) corrige seul : premier pas qui differe None, x_fin deplace de +0.0 ulp(x1) -> ABSORBE
[01:13:17Z] EFFET-dt2/8  cas dur K1 appel 1600 (pas 400) corrige seul : premier pas qui differe None, x_fin deplace de +0.0 ulp(x1) -> ABSORBE
[01:13:17Z] EFFET-dt2/8  cas dur K1 appel 1601 (pas 401) corrige seul : premier pas qui differe None, x_fin deplace de +0.0 ulp(x1) -> ABSORBE
[01:13:17Z] EFFET-dt2/8  cas dur K1 appel 1611 (pas 403) corrige seul : premier pas qui differe None, x_fin deplace de +0.0 ulp(x1) -> ABSORBE
[01:13:17Z] EFFET-dt2/8  cas dur K1 appel 1622 (pas 406) corrige seul : premier pas qui differe None, x_fin deplace de +0.0 ulp(x1) -> ABSORBE
[01:13:17Z] EFFET-dt2/8  cas dur K1 appel 1648 (pas 412) corrige seul : premier pas qui differe None, x_fin deplace de +0.0 ulp(x1) -> ABSORBE
[01:13:17Z] EFFET-dt2/8  cas dur K1 appel 1649 (pas 413) corrige seul : premier pas qui differe None, x_fin deplace de +0.0 ulp(x1) -> ABSORBE
[01:13:17Z] EFFET-dt2/8  cas dur K1 appel 1662 (pas 416) corrige seul : premier pas qui differe None, x_fin deplace de +0.0 ulp(x1) -> ABSORBE
[01:13:17Z] EFFET-dt2/8  cas dur K1 appel 1693 (pas 424) corrige seul : premier pas qui differe None, x_fin deplace de +0.0 ulp(x1) -> ABSORBE
[01:13:17Z] EFFET-dt2/8  cas dur K1 appel 1730 (pas 433) corrige seul : premier pas qui differe None, x_fin deplace de +0.0 ulp(x1) -> ABSORBE
[01:13:17Z] EFFET-dt2/8  cas dur K1 appel 1732 (pas 433) corrige seul : premier pas qui differe None, x_fin deplace de +0.0 ulp(x1) -> ABSORBE
[01:13:17Z] EFFET-dt2/8  cas dur K1 appel 1735 (pas 434) corrige seul : premier pas qui differe None, x_fin deplace de +0.0 ulp(x1) -> ABSORBE
[01:13:17Z] EFFET-dt2/8  cas dur K1 appel 1739 (pas 435) corrige seul : premier pas qui differe None, x_fin deplace de +0.0 ulp(x1) -> ABSORBE
[01:13:17Z] EFFET-dt2/8  cas dur K1 appel 1749 (pas 438) corrige seul : premier pas qui differe None, x_fin deplace de +0.0 ulp(x1) -> ABSORBE
[01:13:17Z] EFFET-dt2/8  cas dur K1 appel 1760 (pas 440) corrige seul : premier pas qui differe None, x_fin deplace de +0.0 ulp(x1) -> ABSORBE
[01:13:17Z] EFFET-dt2/8  cas dur K1 appel 1768 (pas 442) corrige seul : premier pas qui differe None, x_fin deplace de +0.0 ulp(x1) -> ABSORBE
[01:13:17Z] EFFET-dt2/8  cas dur K1 appel 1796 (pas 449) corrige seul : premier pas qui differe None, x_fin deplace de +0.0 ulp(x1) -> ABSORBE
[01:13:17Z] EFFET-dt2/8  cas dur K1 appel 1797 (pas 450) corrige seul : premier pas qui differe None, x_fin deplace de +0.0 ulp(x1) -> ABSORBE
[01:13:17Z] EFFET-dt2/8  cas dur K1 appel 1817 (pas 455) corrige seul : premier pas qui differe None, x_fin deplace de +0.0 ulp(x1) -> ABSORBE
[01:13:17Z] EFFET-dt2/8  cas dur K1 appel 1854 (pas 464) corrige seul : premier pas qui differe None, x_fin deplace de +0.0 ulp(x1) -> ABSORBE
[01:13:17Z] EFFET-dt2/8  cas dur K1 appel 1867 (pas 467) corrige seul : premier pas qui differe None, x_fin deplace de +0.0 ulp(x1) -> ABSORBE
[01:13:17Z] EFFET-dt2/8  cas dur K1 appel 1897 (pas 475) corrige seul : premier pas qui differe None, x_fin deplace de +0.0 ulp(x1) -> ABSORBE
[01:13:17Z] EFFET-dt2/8  cas dur K1 appel 1900 (pas 475) corrige seul : premier pas qui differe None, x_fin deplace de +0.0 ulp(x1) -> ABSORBE
[01:13:17Z] EFFET-dt2/8  cas dur K1 appel 1901 (pas 476) corrige seul : premier pas qui differe None, x_fin deplace de +0.0 ulp(x1) -> ABSORBE
[01:13:17Z] EFFET-dt2/8  cas dur K1 appel 1910 (pas 478) corrige seul : premier pas qui differe None, x_fin deplace de +0.0 ulp(x1) -> ABSORBE
[01:13:17Z] EFFET-dt2/8  cas dur K1 appel 1928 (pas 482) corrige seul : premier pas qui differe None, x_fin deplace de +0.0 ulp(x1) -> ABSORBE
[01:13:17Z] EFFET-dt2/8  cas dur K1 appel 1941 (pas 486) corrige seul : premier pas qui differe None, x_fin deplace de +0.0 ulp(x1) -> ABSORBE
[01:13:17Z] EFFET-dt2/8  cas dur K1 appel 1960 (pas 490) corrige seul : premier pas qui differe None, x_fin deplace de +0.0 ulp(x1) -> ABSORBE
[01:13:17Z] EFFET-dt2/8  cas dur K1 appel 1967 (pas 492) corrige seul : premier pas qui differe None, x_fin deplace de +0.0 ulp(x1) -> ABSORBE
[01:13:17Z] EFFET-dt2/8  cas dur K1 appel 1972 (pas 493) corrige seul : premier pas qui differe None, x_fin deplace de +0.0 ulp(x1) -> ABSORBE
[01:13:17Z] EFFET-dt2/8  cas dur K1 appel 1990 (pas 498) corrige seul : premier pas qui differe None, x_fin deplace de +0.0 ulp(x1) -> ABSORBE
[01:13:17Z] EFFET-dt2/8  cas dur K1 appel 2003 (pas 501) corrige seul : premier pas qui differe None, x_fin deplace de +0.0 ulp(x1) -> ABSORBE
[01:13:17Z] EFFET-dt2/8  cas dur K1 appel 2029 (pas 508) corrige seul : premier pas qui differe None, x_fin deplace de +0.0 ulp(x1) -> ABSORBE
[01:13:17Z] EFFET-dt2/8  cas dur K1 appel 2042 (pas 511) corrige seul : premier pas qui differe None, x_fin deplace de +0.0 ulp(x1) -> ABSORBE
[01:13:17Z] EFFET-dt2/8  cas dur K1 appel 2043 (pas 511) corrige seul : premier pas qui differe None, x_fin deplace de +0.0 ulp(x1) -> ABSORBE
[01:13:17Z] EFFET-dt2/8  cas dur K1 appel 2095 (pas 524) corrige seul : premier pas qui differe None, x_fin deplace de +0.0 ulp(x1) -> ABSORBE
[01:13:17Z] EFFET-dt2/8  cas dur K1 appel 2131 (pas 533) corrige seul : premier pas qui differe None, x_fin deplace de +0.0 ulp(x1) -> ABSORBE
[01:13:17Z] EFFET-dt2/8  cas dur K1 appel 2190 (pas 548) corrige seul : premier pas qui differe None, x_fin deplace de +0.0 ulp(x1) -> ABSORBE
[01:13:17Z] EFFET-dt2/8  cas dur K1 appel 2195 (pas 549) corrige seul : premier pas qui differe None, x_fin deplace de +0.0 ulp(x1) -> ABSORBE
[01:13:17Z] EFFET-dt2/8  cas dur K1 appel 2197 (pas 550) corrige seul : premier pas qui differe None, x_fin deplace de +0.0 ulp(x1) -> ABSORBE
[01:13:17Z] EFFET-dt2/8  cas dur K1 appel 2278 (pas 570) corrige seul : premier pas qui differe None, x_fin deplace de +0.0 ulp(x1) -> ABSORBE
[01:13:17Z] EFFET-dt2/8  cas dur K1 appel 2281 (pas 571) corrige seul : premier pas qui differe None, x_fin deplace de +0.0 ulp(x1) -> ABSORBE
[01:13:17Z] EFFET-dt2/8  cas dur K1 appel 2327 (pas 582) corrige seul : premier pas qui differe None, x_fin deplace de +0.0 ulp(x1) -> ABSORBE
[01:13:17Z] EFFET-dt2/8  cas dur K1 appel 2338 (pas 585) corrige seul : premier pas qui differe None, x_fin deplace de +0.0 ulp(x1) -> ABSORBE
[01:13:17Z] EFFET-dt2/8  cas dur K1 appel 2392 (pas 598) corrige seul : premier pas qui differe None, x_fin deplace de +0.0 ulp(x1) -> ABSORBE
[01:13:17Z] EFFET-dt2/8  cas dur K1 appel 2406 (pas 602) corrige seul : premier pas qui differe None, x_fin deplace de +0.0 ulp(x1) -> ABSORBE
[01:13:17Z] EFFET-dt2/8  cas dur K1 appel 2409 (pas 603) corrige seul : premier pas qui differe None, x_fin deplace de +0.0 ulp(x1) -> ABSORBE
[01:13:17Z] EFFET-dt2/8  cas dur K1 appel 2416 (pas 604) corrige seul : premier pas qui differe None, x_fin deplace de +0.0 ulp(x1) -> ABSORBE
[01:13:17Z] EFFET-dt2/8  cas dur K1 appel 2474 (pas 619) corrige seul : premier pas qui differe None, x_fin deplace de +0.0 ulp(x1) -> ABSORBE
[01:13:17Z] EFFET-dt2/8  cas dur K1 appel 2491 (pas 623) corrige seul : premier pas qui differe None, x_fin deplace de +0.0 ulp(x1) -> ABSORBE
[01:13:17Z] EFFET-dt2/8  cas dur K1 appel 2509 (pas 628) corrige seul : premier pas qui differe None, x_fin deplace de +0.0 ulp(x1) -> ABSORBE
[01:13:17Z] EFFET-dt2/8  cas dur K1 appel 2515 (pas 629) corrige seul : premier pas qui differe None, x_fin deplace de +0.0 ulp(x1) -> ABSORBE
[01:13:17Z] EFFET-dt2/8  cas dur K1 appel 2603 (pas 651) corrige seul : premier pas qui differe None, x_fin deplace de +0.0 ulp(x1) -> ABSORBE
[01:13:17Z] EFFET-dt2/8  cas dur K1 appel 2605 (pas 652) corrige seul : premier pas qui differe None, x_fin deplace de +0.0 ulp(x1) -> ABSORBE
[01:13:17Z] EFFET-dt2/8  cas dur K1 appel 2610 (pas 653) corrige seul : premier pas qui differe None, x_fin deplace de +0.0 ulp(x1) -> ABSORBE
[01:13:17Z] EFFET-dt2/8  cas dur K1 appel 2615 (pas 654) corrige seul : premier pas qui differe None, x_fin deplace de +0.0 ulp(x1) -> ABSORBE
[01:13:17Z] EFFET-dt2/8  cas dur K1 appel 2662 (pas 666) corrige seul : premier pas qui differe None, x_fin deplace de +0.0 ulp(x1) -> ABSORBE
[01:13:17Z] EFFET-dt2/8  cas dur K1 appel 2697 (pas 675) corrige seul : premier pas qui differe None, x_fin deplace de +0.0 ulp(x1) -> ABSORBE
[01:13:17Z] EFFET-dt2/8  cas dur K1 appel 2826 (pas 707) corrige seul : premier pas qui differe None, x_fin deplace de +0.0 ulp(x1) -> ABSORBE
[01:13:17Z] EFFET-dt2/8  cas dur K1 appel 2831 (pas 708) corrige seul : premier pas qui differe None, x_fin deplace de +0.0 ulp(x1) -> ABSORBE
[01:13:17Z] EFFET-dt2/8  cas dur K1 appel 2862 (pas 716) corrige seul : premier pas qui differe None, x_fin deplace de +0.0 ulp(x1) -> ABSORBE
[01:13:17Z] EFFET-dt2/8  cas dur K1 appel 2873 (pas 719) corrige seul : premier pas qui differe None, x_fin deplace de +0.0 ulp(x1) -> ABSORBE
[01:13:17Z] EFFET-dt2/8  cas dur K1 appel 2885 (pas 722) corrige seul : premier pas qui differe None, x_fin deplace de +0.0 ulp(x1) -> ABSORBE
[01:13:17Z] EFFET-dt2/8  cas dur K1 appel 2896 (pas 724) corrige seul : premier pas qui differe None, x_fin deplace de +0.0 ulp(x1) -> ABSORBE
[01:13:17Z] EFFET-dt2/8  cas dur K1 appel 2905 (pas 727) corrige seul : premier pas qui differe None, x_fin deplace de +0.0 ulp(x1) -> ABSORBE
[01:13:17Z] EFFET-dt2/8  cas dur K1 appel 2926 (pas 732) corrige seul : premier pas qui differe None, x_fin deplace de +0.0 ulp(x1) -> ABSORBE
[01:13:17Z] EFFET-dt2/8  cas dur K1 appel 2964 (pas 741) corrige seul : premier pas qui differe None, x_fin deplace de +0.0 ulp(x1) -> ABSORBE
[01:13:17Z] EFFET-dt2/8  cas dur K1 appel 2965 (pas 742) corrige seul : premier pas qui differe None, x_fin deplace de +0.0 ulp(x1) -> ABSORBE
[01:13:17Z] EFFET-dt2/8  cas dur K1 appel 2970 (pas 743) corrige seul : premier pas qui differe None, x_fin deplace de +0.0 ulp(x1) -> ABSORBE
[01:13:17Z] EFFET-dt2/8  cas dur K1 appel 2986 (pas 747) corrige seul : premier pas qui differe None, x_fin deplace de +0.0 ulp(x1) -> ABSORBE
[01:13:17Z] EFFET-dt2/8  cas dur K1 appel 3010 (pas 753) corrige seul : premier pas qui differe None, x_fin deplace de +0.0 ulp(x1) -> ABSORBE
[01:13:17Z] EFFET-dt2/8  cas dur K1 appel 3015 (pas 754) corrige seul : premier pas qui differe None, x_fin deplace de +0.0 ulp(x1) -> ABSORBE
[01:13:17Z] EFFET-dt2/8  cas dur K1 appel 3018 (pas 755) corrige seul : premier pas qui differe None, x_fin deplace de +0.0 ulp(x1) -> ABSORBE
[01:13:17Z] EFFET-dt2/8  cas dur K1 appel 3019 (pas 755) corrige seul : premier pas qui differe None, x_fin deplace de +0.0 ulp(x1) -> ABSORBE
[01:13:17Z] EFFET-dt2/8  cas dur K1 appel 3045 (pas 762) corrige seul : premier pas qui differe None, x_fin deplace de +0.0 ulp(x1) -> ABSORBE
[01:13:17Z] EFFET-dt2/8  cas dur K1 appel 3091 (pas 773) corrige seul : premier pas qui differe None, x_fin deplace de +0.0 ulp(x1) -> ABSORBE
[01:13:17Z] EFFET-dt2/8  cas dur K1 appel 3109 (pas 778) corrige seul : premier pas qui differe None, x_fin deplace de +0.0 ulp(x1) -> ABSORBE
[01:13:17Z] EFFET-dt2/8  cas dur K1 appel 3110 (pas 778) corrige seul : premier pas qui differe None, x_fin deplace de +0.0 ulp(x1) -> ABSORBE
[01:13:17Z] EFFET-dt2/8  cas dur K1 appel 3137 (pas 785) corrige seul : premier pas qui differe None, x_fin deplace de +0.0 ulp(x1) -> ABSORBE
[01:13:17Z] EFFET-dt2/8  cas dur K1 appel 3147 (pas 787) corrige seul : premier pas qui differe None, x_fin deplace de +0.0 ulp(x1) -> ABSORBE
[01:13:17Z] EFFET-dt2/8  cas dur K1 appel 3189 (pas 798) corrige seul : premier pas qui differe None, x_fin deplace de +0.0 ulp(x1) -> ABSORBE
[01:13:17Z] EFFET-dt2/8  cas dur K1 appel 3210 (pas 803) corrige seul : premier pas qui differe None, x_fin deplace de +0.0 ulp(x1) -> ABSORBE
[01:13:17Z] EFFET-dt2/8  cas dur K1 appel 3218 (pas 805) corrige seul : premier pas qui differe None, x_fin deplace de +0.0 ulp(x1) -> ABSORBE
[01:13:17Z] EFFET-dt2/8  cas dur K1 appel 3221 (pas 806) corrige seul : premier pas qui differe None, x_fin deplace de +0.0 ulp(x1) -> ABSORBE
[01:13:17Z] EFFET-dt2/8  cas dur K1 appel 3230 (pas 808) corrige seul : premier pas qui differe None, x_fin deplace de +0.0 ulp(x1) -> ABSORBE
[01:13:17Z] EFFET-dt2/8  cas dur K1 appel 3246 (pas 812) corrige seul : premier pas qui differe None, x_fin deplace de +0.0 ulp(x1) -> ABSORBE
[01:13:17Z] EFFET-dt2/8  cas dur K1 appel 3249 (pas 813) corrige seul : premier pas qui differe None, x_fin deplace de +0.0 ulp(x1) -> ABSORBE
[01:13:17Z] EFFET-dt2/8  cas dur K1 appel 3256 (pas 814) corrige seul : premier pas qui differe None, x_fin deplace de +0.0 ulp(x1) -> ABSORBE
[01:13:17Z] EFFET-dt2/8  cas dur K1 appel 3285 (pas 822) corrige seul : premier pas qui differe None, x_fin deplace de +0.0 ulp(x1) -> ABSORBE
[01:13:17Z] EFFET-dt2/8  cas dur K1 appel 3330 (pas 833) corrige seul : premier pas qui differe None, x_fin deplace de +0.0 ulp(x1) -> ABSORBE
[01:13:17Z] EFFET-dt2/8  cas dur K1 appel 3343 (pas 836) corrige seul : premier pas qui differe None, x_fin deplace de +0.0 ulp(x1) -> ABSORBE
[01:13:17Z] EFFET-dt2/8  cas dur K1 appel 3360 (pas 840) corrige seul : premier pas qui differe None, x_fin deplace de +0.0 ulp(x1) -> ABSORBE
[01:13:17Z] EFFET-dt2/8  cas dur K1 appel 3363 (pas 841) corrige seul : premier pas qui differe None, x_fin deplace de +0.0 ulp(x1) -> ABSORBE
[01:13:17Z] EFFET-dt2/8  cas dur K1 appel 3398 (pas 850) corrige seul : premier pas qui differe None, x_fin deplace de +0.0 ulp(x1) -> ABSORBE
[01:13:17Z] EFFET-dt2/8  cas dur K1 appel 3401 (pas 851) corrige seul : premier pas qui differe None, x_fin deplace de +0.0 ulp(x1) -> ABSORBE
[01:13:17Z] EFFET-dt2/8  cas dur K1 appel 3451 (pas 863) corrige seul : premier pas qui differe None, x_fin deplace de +0.0 ulp(x1) -> ABSORBE
[01:13:17Z] EFFET-dt2/8  cas dur K1 appel 3459 (pas 865) corrige seul : premier pas qui differe None, x_fin deplace de +0.0 ulp(x1) -> ABSORBE
[01:13:17Z] EFFET-dt2/8  cas dur K1 appel 3465 (pas 867) corrige seul : premier pas qui differe None, x_fin deplace de +0.0 ulp(x1) -> ABSORBE
[01:13:17Z] EFFET-dt2/8  cas dur K1 appel 3481 (pas 871) corrige seul : premier pas qui differe None, x_fin deplace de +0.0 ulp(x1) -> ABSORBE
[01:13:17Z] EFFET-dt2/8  cas dur K1 appel 3485 (pas 872) corrige seul : premier pas qui differe None, x_fin deplace de +0.0 ulp(x1) -> ABSORBE
[01:13:17Z] EFFET-dt2/8  cas dur K1 appel 3489 (pas 873) corrige seul : premier pas qui differe None, x_fin deplace de +0.0 ulp(x1) -> ABSORBE
[01:13:17Z] EFFET-dt2/8  cas dur K1 appel 3503 (pas 876) corrige seul : premier pas qui differe None, x_fin deplace de +0.0 ulp(x1) -> ABSORBE
[01:13:17Z] EFFET-dt2/8  cas dur K1 appel 3537 (pas 885) corrige seul : premier pas qui differe None, x_fin deplace de +0.0 ulp(x1) -> ABSORBE
[01:13:17Z] EFFET-dt2/8  cas dur K1 appel 3548 (pas 887) corrige seul : premier pas qui differe None, x_fin deplace de +0.0 ulp(x1) -> ABSORBE
[01:13:17Z] EFFET-dt2/8  cas dur K1 appel 3577 (pas 895) corrige seul : premier pas qui differe None, x_fin deplace de +0.0 ulp(x1) -> ABSORBE
[01:13:17Z] EFFET-dt2/8  cas dur K1 appel 3594 (pas 899) corrige seul : premier pas qui differe None, x_fin deplace de +0.0 ulp(x1) -> ABSORBE
[01:13:17Z] EFFET-dt2/8  cas dur K1 appel 3611 (pas 903) corrige seul : premier pas qui differe None, x_fin deplace de +0.0 ulp(x1) -> ABSORBE
[01:13:17Z] EFFET-dt2/8  cas dur K1 appel 3613 (pas 904) corrige seul : premier pas qui differe None, x_fin deplace de +0.0 ulp(x1) -> ABSORBE
[01:13:17Z] EFFET-dt2/8  cas dur K1 appel 3619 (pas 905) corrige seul : premier pas qui differe None, x_fin deplace de +0.0 ulp(x1) -> ABSORBE
[01:13:17Z] EFFET-dt2/8  cas dur K1 appel 3635 (pas 909) corrige seul : premier pas qui differe None, x_fin deplace de +0.0 ulp(x1) -> ABSORBE
[01:13:17Z] EFFET-dt2/8  cas dur K1 appel 3670 (pas 918) corrige seul : premier pas qui differe None, x_fin deplace de +0.0 ulp(x1) -> ABSORBE
[01:13:17Z] EFFET-dt2/8  cas dur K1 appel 3696 (pas 924) corrige seul : premier pas qui differe None, x_fin deplace de +0.0 ulp(x1) -> ABSORBE
[01:13:17Z] EFFET-dt2/8  cas dur K1 appel 3701 (pas 926) corrige seul : premier pas qui differe None, x_fin deplace de +0.0 ulp(x1) -> ABSORBE
[01:13:17Z] EFFET-dt2/8  cas dur K1 appel 3702 (pas 926) corrige seul : premier pas qui differe None, x_fin deplace de +0.0 ulp(x1) -> ABSORBE
[01:13:17Z] EFFET-dt2/8  cas dur K1 appel 3722 (pas 931) corrige seul : premier pas qui differe None, x_fin deplace de +0.0 ulp(x1) -> ABSORBE
[01:13:17Z] EFFET-dt2/8  cas dur K1 appel 3723 (pas 931) corrige seul : premier pas qui differe None, x_fin deplace de +0.0 ulp(x1) -> ABSORBE
[01:13:17Z] EFFET-dt2/8  cas dur K1 appel 3725 (pas 932) corrige seul : premier pas qui differe None, x_fin deplace de +0.0 ulp(x1) -> ABSORBE
[01:13:17Z] EFFET-dt2/8  cas dur K1 appel 3732 (pas 933) corrige seul : premier pas qui differe None, x_fin deplace de +0.0 ulp(x1) -> ABSORBE
[01:13:17Z] EFFET-dt2/8  cas dur K1 appel 3749 (pas 938) corrige seul : premier pas qui differe None, x_fin deplace de +0.0 ulp(x1) -> ABSORBE
[01:13:17Z] EFFET-dt2/8  cas dur K1 appel 3755 (pas 939) corrige seul : premier pas qui differe None, x_fin deplace de +0.0 ulp(x1) -> ABSORBE
[01:13:17Z] EFFET-dt2/8  cas dur K1 appel 3813 (pas 954) corrige seul : premier pas qui differe None, x_fin deplace de +0.0 ulp(x1) -> ABSORBE
[01:13:17Z] EFFET-dt2/8  cas dur K1 appel 3815 (pas 954) corrige seul : premier pas qui differe None, x_fin deplace de +0.0 ulp(x1) -> ABSORBE
[01:13:17Z] EFFET-dt2/8  cas dur K1 appel 3816 (pas 954) corrige seul : premier pas qui differe None, x_fin deplace de +0.0 ulp(x1) -> ABSORBE
[01:13:17Z] EFFET-dt2/8  cas dur K1 appel 3836 (pas 959) corrige seul : premier pas qui differe None, x_fin deplace de +0.0 ulp(x1) -> ABSORBE
[01:13:17Z] EFFET-dt2/8  cas dur K1 appel 3837 (pas 960) corrige seul : premier pas qui differe None, x_fin deplace de +0.0 ulp(x1) -> ABSORBE
[01:13:17Z] EFFET-dt2/8  cas dur K1 appel 3859 (pas 965) corrige seul : premier pas qui differe None, x_fin deplace de +0.0 ulp(x1) -> ABSORBE
[01:13:17Z] EFFET-dt2/8  cas dur K1 appel 3864 (pas 966) corrige seul : premier pas qui differe None, x_fin deplace de +0.0 ulp(x1) -> ABSORBE
[01:13:17Z] EFFET-dt2/8  cas dur K1 appel 3873 (pas 969) corrige seul : premier pas qui differe None, x_fin deplace de +0.0 ulp(x1) -> ABSORBE
[01:13:17Z] EFFET-dt2/8  cas dur K1 appel 3888 (pas 972) corrige seul : premier pas qui differe None, x_fin deplace de +0.0 ulp(x1) -> ABSORBE
[01:13:17Z] EFFET-dt2/8  cas dur K1 appel 3910 (pas 978) corrige seul : premier pas qui differe None, x_fin deplace de +0.0 ulp(x1) -> ABSORBE
[01:13:17Z] EFFET-dt2/8  cas dur K1 appel 3915 (pas 979) corrige seul : premier pas qui differe None, x_fin deplace de +0.0 ulp(x1) -> ABSORBE
[01:13:17Z] EFFET-dt2/8  cas dur K1 appel 4000 (pas 1000) corrige seul : premier pas qui differe None, x_fin deplace de +0.0 ulp(x1) -> ABSORBE
[01:13:17Z] EFFET-dt2/8  cas dur K1 appel 4049 (pas 1013) corrige seul : premier pas qui differe None, x_fin deplace de +0.0 ulp(x1) -> ABSORBE
[01:13:17Z] EFFET-dt2/8  cas dur K1 appel 4098 (pas 1025) corrige seul : premier pas qui differe None, x_fin deplace de +0.0 ulp(x1) -> ABSORBE
[01:13:17Z] EFFET-dt2/8  cas dur K1 appel 4099 (pas 1025) corrige seul : premier pas qui differe None, x_fin deplace de +0.0 ulp(x1) -> ABSORBE
[01:13:17Z] EFFET-dt2/8  cas dur K1 appel 4132 (pas 1033) corrige seul : premier pas qui differe None, x_fin deplace de +0.0 ulp(x1) -> ABSORBE
[01:13:17Z] EFFET-dt2/8  cas dur K1 appel 4133 (pas 1034) corrige seul : premier pas qui differe None, x_fin deplace de +0.0 ulp(x1) -> ABSORBE
[01:13:17Z] EFFET-dt2/8  cas dur K1 appel 4134 (pas 1034) corrige seul : premier pas qui differe None, x_fin deplace de +0.0 ulp(x1) -> ABSORBE
[01:13:17Z] EFFET-dt2/8  cas dur K1 appel 4136 (pas 1034) corrige seul : premier pas qui differe None, x_fin deplace de +0.0 ulp(x1) -> ABSORBE
[01:13:17Z] EFFET-dt2/8  cas dur K1 appel 4152 (pas 1038) corrige seul : premier pas qui differe None, x_fin deplace de +0.0 ulp(x1) -> ABSORBE
[01:13:17Z] EFFET-dt2/8  cas dur K1 appel 4175 (pas 1044) corrige seul : premier pas qui differe None, x_fin deplace de +0.0 ulp(x1) -> ABSORBE
[01:13:17Z] EFFET-dt2/8  cas dur K1 appel 4182 (pas 1046) corrige seul : premier pas qui differe None, x_fin deplace de +0.0 ulp(x1) -> ABSORBE
[01:13:17Z] EFFET-dt2/8  cas dur K1 appel 4212 (pas 1053) corrige seul : premier pas qui differe None, x_fin deplace de +0.0 ulp(x1) -> ABSORBE
[01:13:17Z] EFFET-dt2/8  cas dur K1 appel 4233 (pas 1059) corrige seul : premier pas qui differe None, x_fin deplace de +0.0 ulp(x1) -> ABSORBE
[01:13:17Z] EFFET-dt2/8  cas dur K1 appel 4282 (pas 1071) corrige seul : premier pas qui differe None, x_fin deplace de +0.0 ulp(x1) -> ABSORBE
[01:13:17Z] EFFET-dt2/8  cas dur K1 appel 4335 (pas 1084) corrige seul : premier pas qui differe None, x_fin deplace de +0.0 ulp(x1) -> ABSORBE
[01:13:17Z] EFFET-dt2/8  cas dur K1 appel 4339 (pas 1085) corrige seul : premier pas qui differe None, x_fin deplace de +0.0 ulp(x1) -> ABSORBE
[01:13:17Z] EFFET-dt2/8  cas dur K1 appel 4366 (pas 1092) corrige seul : premier pas qui differe None, x_fin deplace de +0.0 ulp(x1) -> ABSORBE
[01:13:17Z] EFFET-dt2/8  cas dur K1 appel 4386 (pas 1097) corrige seul : premier pas qui differe None, x_fin deplace de +0.0 ulp(x1) -> ABSORBE
[01:13:17Z] EFFET-dt2/8  cas dur K1 appel 4408 (pas 1102) corrige seul : premier pas qui differe None, x_fin deplace de +0.0 ulp(x1) -> ABSORBE
[01:13:17Z] EFFET-dt2/8  cas dur K1 appel 4414 (pas 1104) corrige seul : premier pas qui differe None, x_fin deplace de +0.0 ulp(x1) -> ABSORBE
[01:13:17Z] EFFET-dt2/8  cas dur K1 appel 4445 (pas 1112) corrige seul : premier pas qui differe None, x_fin deplace de +0.0 ulp(x1) -> ABSORBE
[01:13:17Z] EFFET-dt2/8  cas dur K1 appel 4457 (pas 1115) corrige seul : premier pas qui differe None, x_fin deplace de +0.0 ulp(x1) -> ABSORBE
[01:13:17Z] EFFET-dt2/8  cas dur K1 appel 4463 (pas 1116) corrige seul : premier pas qui differe None, x_fin deplace de +0.0 ulp(x1) -> ABSORBE
[01:13:17Z] EFFET-dt2/8  cas dur K1 appel 4482 (pas 1121) corrige seul : premier pas qui differe None, x_fin deplace de +0.0 ulp(x1) -> ABSORBE
[01:13:17Z] EFFET-dt2/8  cas dur K1 appel 4490 (pas 1123) corrige seul : premier pas qui differe None, x_fin deplace de +0.0 ulp(x1) -> ABSORBE
[01:13:17Z] EFFET-dt2/8  cas dur K1 appel 4491 (pas 1123) corrige seul : premier pas qui differe None, x_fin deplace de +0.0 ulp(x1) -> ABSORBE
[01:13:17Z] EFFET-dt2/8  cas dur K1 appel 4493 (pas 1124) corrige seul : premier pas qui differe None, x_fin deplace de +0.0 ulp(x1) -> ABSORBE
[01:13:17Z] EFFET-dt2/8  cas dur K1 appel 4494 (pas 1124) corrige seul : premier pas qui differe None, x_fin deplace de +0.0 ulp(x1) -> ABSORBE
[01:13:17Z] EFFET-dt2/8  cas dur K1 appel 4513 (pas 1129) corrige seul : premier pas qui differe None, x_fin deplace de +0.0 ulp(x1) -> ABSORBE
[01:13:17Z] EFFET-dt2/8  cas dur K1 appel 4515 (pas 1129) corrige seul : premier pas qui differe None, x_fin deplace de +0.0 ulp(x1) -> ABSORBE
[01:13:17Z] EFFET-dt2/8  cas dur K1 appel 4518 (pas 1130) corrige seul : premier pas qui differe None, x_fin deplace de +0.0 ulp(x1) -> ABSORBE
[01:13:17Z] EFFET-dt2/8  cas dur K1 appel 4553 (pas 1139) corrige seul : premier pas qui differe None, x_fin deplace de +0.0 ulp(x1) -> ABSORBE
[01:13:17Z] EFFET-dt2/8  cas dur K1 appel 4555 (pas 1139) corrige seul : premier pas qui differe None, x_fin deplace de +0.0 ulp(x1) -> ABSORBE
[01:13:17Z] EFFET-dt2/8  cas dur K1 appel 4560 (pas 1140) corrige seul : premier pas qui differe None, x_fin deplace de +0.0 ulp(x1) -> ABSORBE
[01:13:17Z] EFFET-dt2/8  cas dur K1 appel 4570 (pas 1143) corrige seul : premier pas qui differe None, x_fin deplace de +0.0 ulp(x1) -> ABSORBE
[01:13:17Z] EFFET-dt2/8  cas dur K1 appel 4608 (pas 1152) corrige seul : premier pas qui differe None, x_fin deplace de +0.0 ulp(x1) -> ABSORBE
[01:13:17Z] EFFET-dt2/8  cas dur K1 appel 4629 (pas 1158) corrige seul : premier pas qui differe None, x_fin deplace de +0.0 ulp(x1) -> ABSORBE
[01:13:17Z] EFFET-dt2/8  cas dur K1 appel 4631 (pas 1158) corrige seul : premier pas qui differe None, x_fin deplace de +0.0 ulp(x1) -> ABSORBE
[01:13:17Z] EFFET-dt2/8  cas dur K1 appel 4659 (pas 1165) corrige seul : premier pas qui differe None, x_fin deplace de +0.0 ulp(x1) -> ABSORBE
[01:13:17Z] EFFET-dt2/8  cas dur K1 appel 4662 (pas 1166) corrige seul : premier pas qui differe None, x_fin deplace de +0.0 ulp(x1) -> ABSORBE
[01:13:17Z] EFFET-dt2/8  cas dur K1 appel 4674 (pas 1169) corrige seul : premier pas qui differe None, x_fin deplace de +0.0 ulp(x1) -> ABSORBE
[01:13:17Z] EFFET-dt2/8  cas dur K1 appel 4707 (pas 1177) corrige seul : premier pas qui differe None, x_fin deplace de +0.0 ulp(x1) -> ABSORBE
[01:13:17Z] EFFET-dt2/8  cas dur K1 appel 4739 (pas 1185) corrige seul : premier pas qui differe None, x_fin deplace de +0.0 ulp(x1) -> ABSORBE
[01:13:17Z] EFFET-dt2/8  cas dur K1 appel 4877 (pas 1220) corrige seul : premier pas qui differe None, x_fin deplace de +0.0 ulp(x1) -> ABSORBE
[01:13:17Z] EFFET-dt2/8  cas dur K1 appel 4884 (pas 1221) corrige seul : premier pas qui differe None, x_fin deplace de +0.0 ulp(x1) -> ABSORBE
[01:13:17Z] EFFET-dt2/8  cas dur K1 appel 4918 (pas 1230) corrige seul : premier pas qui differe None, x_fin deplace de +0.0 ulp(x1) -> ABSORBE
[01:13:17Z] EFFET-dt2/8  cas dur K1 appel 4925 (pas 1232) corrige seul : premier pas qui differe None, x_fin deplace de +0.0 ulp(x1) -> ABSORBE
[01:13:17Z] EFFET-dt2/8  cas dur K1 appel 4954 (pas 1239) corrige seul : premier pas qui differe None, x_fin deplace de +0.0 ulp(x1) -> ABSORBE
[01:13:17Z] EFFET-dt2/8  cas dur K1 appel 4969 (pas 1243) corrige seul : premier pas qui differe None, x_fin deplace de +0.0 ulp(x1) -> ABSORBE
[01:13:17Z] EFFET-dt2/8  cas dur K1 appel 5013 (pas 1254) corrige seul : premier pas qui differe None, x_fin deplace de +0.0 ulp(x1) -> ABSORBE
[01:13:17Z] EFFET-dt2/8  cas dur K1 appel 5057 (pas 1265) corrige seul : premier pas qui differe None, x_fin deplace de +0.0 ulp(x1) -> ABSORBE
[01:13:17Z] EFFET-dt2/8  cas dur K1 appel 5064 (pas 1266) corrige seul : premier pas qui differe None, x_fin deplace de +0.0 ulp(x1) -> ABSORBE
[01:13:17Z] EFFET-dt2/8  cas dur K1 appel 5103 (pas 1276) corrige seul : premier pas qui differe None, x_fin deplace de +0.0 ulp(x1) -> ABSORBE
[01:13:17Z] EFFET-dt2/8  cas dur K1 appel 5109 (pas 1278) corrige seul : premier pas qui differe None, x_fin deplace de +0.0 ulp(x1) -> ABSORBE
[01:13:17Z] EFFET-dt2/8  cas dur K1 appel 5137 (pas 1285) corrige seul : premier pas qui differe None, x_fin deplace de +0.0 ulp(x1) -> ABSORBE
[01:13:17Z] EFFET-dt2/8  cas dur K1 appel 5148 (pas 1287) corrige seul : premier pas qui differe None, x_fin deplace de +0.0 ulp(x1) -> ABSORBE
[01:13:17Z] EFFET-dt2/8  cas dur K1 appel 5166 (pas 1292) corrige seul : premier pas qui differe None, x_fin deplace de +0.0 ulp(x1) -> ABSORBE
[01:13:17Z] EFFET-dt2/8  cas dur K1 appel 5167 (pas 1292) corrige seul : premier pas qui differe None, x_fin deplace de +0.0 ulp(x1) -> ABSORBE
[01:13:17Z] EFFET-dt2/8  cas dur K1 appel 5169 (pas 1293) corrige seul : premier pas qui differe None, x_fin deplace de +0.0 ulp(x1) -> ABSORBE
[01:13:17Z] EFFET-dt2/8  cas dur K1 appel 5174 (pas 1294) corrige seul : premier pas qui differe None, x_fin deplace de +0.0 ulp(x1) -> ABSORBE
[01:13:17Z] EFFET-dt2/8  cas dur K1 appel 5187 (pas 1297) corrige seul : premier pas qui differe None, x_fin deplace de +0.0 ulp(x1) -> ABSORBE
[01:13:17Z] EFFET-dt2/8  cas dur K1 appel 5210 (pas 1303) corrige seul : premier pas qui differe None, x_fin deplace de +0.0 ulp(x1) -> ABSORBE
[01:13:17Z] EFFET-dt2/8  cas dur K1 appel 5224 (pas 1306) corrige seul : premier pas qui differe None, x_fin deplace de +0.0 ulp(x1) -> ABSORBE
[01:13:17Z] EFFET-dt2/8  cas dur K1 appel 5239 (pas 1310) corrige seul : premier pas qui differe None, x_fin deplace de +0.0 ulp(x1) -> ABSORBE
[01:13:17Z] EFFET-dt2/8  cas dur K1 appel 5249 (pas 1313) corrige seul : premier pas qui differe None, x_fin deplace de +0.0 ulp(x1) -> ABSORBE
[01:13:17Z] EFFET-dt2/8  cas dur K1 appel 5273 (pas 1319) corrige seul : premier pas qui differe None, x_fin deplace de +0.0 ulp(x1) -> ABSORBE
[01:13:17Z] EFFET-dt2/8  cas dur K1 appel 5334 (pas 1334) corrige seul : premier pas qui differe None, x_fin deplace de +0.0 ulp(x1) -> ABSORBE
[01:13:17Z] EFFET-dt2/8  cas dur K1 appel 5341 (pas 1336) corrige seul : premier pas qui differe None, x_fin deplace de +0.0 ulp(x1) -> ABSORBE
[01:13:17Z] EFFET-dt2/8  cas dur K1 appel 5365 (pas 1342) corrige seul : premier pas qui differe None, x_fin deplace de +0.0 ulp(x1) -> ABSORBE
[01:13:17Z] EFFET-dt2/8  cas dur K1 appel 5367 (pas 1342) corrige seul : premier pas qui differe None, x_fin deplace de +0.0 ulp(x1) -> ABSORBE
[01:13:17Z] EFFET-dt2/8  cas dur K1 appel 5400 (pas 1350) corrige seul : premier pas qui differe None, x_fin deplace de +0.0 ulp(x1) -> ABSORBE
[01:13:17Z] EFFET-dt2/8  cas dur K1 appel 5406 (pas 1352) corrige seul : premier pas qui differe None, x_fin deplace de +0.0 ulp(x1) -> ABSORBE
[01:13:17Z] EFFET-dt2/8  cas dur K1 appel 5438 (pas 1360) corrige seul : premier pas qui differe None, x_fin deplace de +0.0 ulp(x1) -> ABSORBE
[01:13:17Z] EFFET-dt2/8  cas dur K1 appel 5444 (pas 1361) corrige seul : premier pas qui differe None, x_fin deplace de +0.0 ulp(x1) -> ABSORBE
[01:13:17Z] EFFET-dt2/8  cas dur K1 appel 5448 (pas 1362) corrige seul : premier pas qui differe None, x_fin deplace de +0.0 ulp(x1) -> ABSORBE
[01:13:17Z] EFFET-dt2/8  cas dur K1 appel 5498 (pas 1375) corrige seul : premier pas qui differe None, x_fin deplace de +0.0 ulp(x1) -> ABSORBE
[01:13:17Z] EFFET-dt2/8  cas dur K1 appel 5510 (pas 1378) corrige seul : premier pas qui differe None, x_fin deplace de +0.0 ulp(x1) -> ABSORBE
[01:13:17Z] EFFET-dt2/8  cas dur K1 appel 5534 (pas 1384) corrige seul : premier pas qui differe None, x_fin deplace de +0.0 ulp(x1) -> ABSORBE
[01:13:17Z] EFFET-dt2/8  cas dur K1 appel 5544 (pas 1386) corrige seul : premier pas qui differe None, x_fin deplace de +0.0 ulp(x1) -> ABSORBE
[01:13:17Z] EFFET-dt2/8  cas dur K1 appel 5573 (pas 1394) corrige seul : premier pas qui differe None, x_fin deplace de +0.0 ulp(x1) -> ABSORBE
[01:13:17Z] EFFET-dt2/8  cas dur K1 appel 5580 (pas 1395) corrige seul : premier pas qui differe None, x_fin deplace de +0.0 ulp(x1) -> ABSORBE
[01:13:17Z] EFFET-dt2/8  cas dur K1 appel 5603 (pas 1401) corrige seul : premier pas qui differe None, x_fin deplace de +0.0 ulp(x1) -> ABSORBE
[01:13:17Z] EFFET-dt2/8  cas dur K1 appel 5604 (pas 1401) corrige seul : premier pas qui differe None, x_fin deplace de +0.0 ulp(x1) -> ABSORBE
[01:13:17Z] EFFET-dt2/8  cas dur K1 appel 5605 (pas 1402) corrige seul : premier pas qui differe None, x_fin deplace de +0.0 ulp(x1) -> ABSORBE
[01:13:17Z] EFFET-dt2/8  cas dur K1 appel 5627 (pas 1407) corrige seul : premier pas qui differe None, x_fin deplace de +0.0 ulp(x1) -> ABSORBE
[01:13:17Z] EFFET-dt2/8  cas dur K1 appel 5644 (pas 1411) corrige seul : premier pas qui differe None, x_fin deplace de +0.0 ulp(x1) -> ABSORBE
[01:13:17Z] EFFET-dt2/8  cas dur K1 appel 5645 (pas 1412) corrige seul : premier pas qui differe None, x_fin deplace de +0.0 ulp(x1) -> ABSORBE
[01:13:17Z] EFFET-dt2/8  cas dur K1 appel 5648 (pas 1412) corrige seul : premier pas qui differe None, x_fin deplace de +0.0 ulp(x1) -> ABSORBE
[01:13:17Z] EFFET-dt2/8  cas dur K1 appel 5665 (pas 1417) corrige seul : premier pas qui differe None, x_fin deplace de +0.0 ulp(x1) -> ABSORBE
[01:13:17Z] EFFET-dt2/8  cas dur K1 appel 5691 (pas 1423) corrige seul : premier pas qui differe None, x_fin deplace de +0.0 ulp(x1) -> ABSORBE
[01:13:17Z] EFFET-dt2/8  cas dur K1 appel 5706 (pas 1427) corrige seul : premier pas qui differe None, x_fin deplace de +0.0 ulp(x1) -> ABSORBE
[01:13:17Z] EFFET-dt2/8  cas dur K1 appel 5707 (pas 1427) corrige seul : premier pas qui differe None, x_fin deplace de +0.0 ulp(x1) -> ABSORBE
[01:13:17Z] EFFET-dt2/8  cas dur K1 appel 5733 (pas 1434) corrige seul : premier pas qui differe None, x_fin deplace de +0.0 ulp(x1) -> ABSORBE
[01:13:17Z] EFFET-dt2/8  cas dur K1 appel 5734 (pas 1434) corrige seul : premier pas qui differe None, x_fin deplace de +0.0 ulp(x1) -> ABSORBE
[01:13:17Z] EFFET-dt2/8  cas dur K1 appel 5755 (pas 1439) corrige seul : premier pas qui differe None, x_fin deplace de +0.0 ulp(x1) -> ABSORBE
[01:13:17Z] EFFET-dt2/8  cas dur K1 appel 5760 (pas 1440) corrige seul : premier pas qui differe None, x_fin deplace de +0.0 ulp(x1) -> ABSORBE
[01:13:17Z] EFFET-dt2/8  cas dur K1 appel 5790 (pas 1448) corrige seul : premier pas qui differe None, x_fin deplace de +0.0 ulp(x1) -> ABSORBE
[01:13:17Z] EFFET-dt2/8  cas dur K1 appel 5791 (pas 1448) corrige seul : premier pas qui differe None, x_fin deplace de +0.0 ulp(x1) -> ABSORBE
[01:13:17Z] EFFET-dt2/8  cas dur K1 appel 5819 (pas 1455) corrige seul : premier pas qui differe None, x_fin deplace de +0.0 ulp(x1) -> ABSORBE
[01:13:17Z] EFFET-dt2/8  cas dur K1 appel 5918 (pas 1480) corrige seul : premier pas qui differe None, x_fin deplace de +0.0 ulp(x1) -> ABSORBE
[01:13:17Z] EFFET-dt2/8  cas dur K1 appel 5920 (pas 1480) corrige seul : premier pas qui differe None, x_fin deplace de +0.0 ulp(x1) -> ABSORBE
[01:13:17Z] EFFET-dt2/8  cas dur K1 appel 5974 (pas 1494) corrige seul : premier pas qui differe None, x_fin deplace de +0.0 ulp(x1) -> ABSORBE
[01:13:17Z] EFFET-dt2/8  cas dur K1 appel 5980 (pas 1495) corrige seul : premier pas qui differe None, x_fin deplace de +0.0 ulp(x1) -> ABSORBE
[01:13:17Z] EFFET-dt2/8  cas dur K1 appel 6004 (pas 1501) corrige seul : premier pas qui differe None, x_fin deplace de +0.0 ulp(x1) -> ABSORBE
[01:13:17Z] EFFET-dt2/8  cas dur K1 appel 6012 (pas 1503) corrige seul : premier pas qui differe None, x_fin deplace de +0.0 ulp(x1) -> ABSORBE
[01:13:17Z] EFFET-dt2/8  cas dur K1 appel 6014 (pas 1504) corrige seul : premier pas qui differe None, x_fin deplace de +0.0 ulp(x1) -> ABSORBE
[01:13:17Z] EFFET-dt2/8  cas dur K1 appel 6022 (pas 1506) corrige seul : premier pas qui differe None, x_fin deplace de +0.0 ulp(x1) -> ABSORBE
[01:13:17Z] EFFET-dt2/8  cas dur K1 appel 6066 (pas 1517) corrige seul : premier pas qui differe None, x_fin deplace de +0.0 ulp(x1) -> ABSORBE
[01:13:17Z] EFFET-dt2/8  cas dur K1 appel 6068 (pas 1517) corrige seul : premier pas qui differe None, x_fin deplace de +0.0 ulp(x1) -> ABSORBE
[01:13:17Z] EFFET-dt2/8  cas dur K1 appel 6106 (pas 1527) corrige seul : premier pas qui differe None, x_fin deplace de +0.0 ulp(x1) -> ABSORBE
[01:13:17Z] EFFET-dt2/8  cas dur K1 appel 6129 (pas 1533) corrige seul : premier pas qui differe None, x_fin deplace de +0.0 ulp(x1) -> ABSORBE
[01:13:17Z] EFFET-dt2/8  cas dur K1 appel 6143 (pas 1536) corrige seul : premier pas qui differe None, x_fin deplace de +0.0 ulp(x1) -> ABSORBE
[01:13:17Z] EFFET-dt2/8  cas dur K1 appel 6190 (pas 1548) corrige seul : premier pas qui differe None, x_fin deplace de +0.0 ulp(x1) -> ABSORBE
[01:13:17Z] EFFET-dt2/8  cas dur K1 appel 6224 (pas 1556) corrige seul : premier pas qui differe None, x_fin deplace de +0.0 ulp(x1) -> ABSORBE
[01:13:17Z] EFFET-dt2/8  cas dur K1 appel 6233 (pas 1559) corrige seul : premier pas qui differe None, x_fin deplace de +0.0 ulp(x1) -> ABSORBE
[01:13:17Z] EFFET-dt2/8  cas dur K1 appel 6261 (pas 1566) corrige seul : premier pas qui differe None, x_fin deplace de +0.0 ulp(x1) -> ABSORBE
[01:13:17Z] EFFET-dt2/8  cas dur K1 appel 6264 (pas 1566) corrige seul : premier pas qui differe None, x_fin deplace de +0.0 ulp(x1) -> ABSORBE
[01:13:17Z] EFFET-dt2/8  cas dur K1 appel 6300 (pas 1575) corrige seul : premier pas qui differe None, x_fin deplace de +0.0 ulp(x1) -> ABSORBE
[01:13:17Z] EFFET-dt2/8  cas dur K1 appel 6309 (pas 1578) corrige seul : premier pas qui differe None, x_fin deplace de +0.0 ulp(x1) -> ABSORBE
[01:13:17Z] EFFET-dt2/8  cas dur K1 appel 6323 (pas 1581) corrige seul : premier pas qui differe None, x_fin deplace de +0.0 ulp(x1) -> ABSORBE
[01:13:17Z] EFFET-dt2/8  cas dur K1 appel 6342 (pas 1586) corrige seul : premier pas qui differe None, x_fin deplace de +0.0 ulp(x1) -> ABSORBE
[01:13:17Z] EFFET-dt2/8  cas dur K1 appel 6343 (pas 1586) corrige seul : premier pas qui differe None, x_fin deplace de +0.0 ulp(x1) -> ABSORBE
[01:13:17Z] EFFET-dt2/8  cas dur K1 appel 6346 (pas 1587) corrige seul : premier pas qui differe None, x_fin deplace de +0.0 ulp(x1) -> ABSORBE
[01:13:17Z] EFFET-dt2/8  cas dur K1 appel 6423 (pas 1606) corrige seul : premier pas qui differe None, x_fin deplace de +0.0 ulp(x1) -> ABSORBE
[01:13:17Z] EFFET-dt2/8  cas dur K1 appel 6429 (pas 1608) corrige seul : premier pas qui differe None, x_fin deplace de +0.0 ulp(x1) -> ABSORBE
[01:13:17Z] EFFET-dt2/8  cas dur K1 appel 6452 (pas 1613) corrige seul : premier pas qui differe None, x_fin deplace de +0.0 ulp(x1) -> ABSORBE
[01:13:17Z] EFFET-dt2/8  cas dur K1 appel 6479 (pas 1620) corrige seul : premier pas qui differe None, x_fin deplace de +0.0 ulp(x1) -> ABSORBE
[01:13:17Z] EFFET-dt2/8  cas dur K1 appel 6508 (pas 1627) corrige seul : premier pas qui differe None, x_fin deplace de +0.0 ulp(x1) -> ABSORBE
[01:13:17Z] EFFET-dt2/8  cas dur K1 appel 6519 (pas 1630) corrige seul : premier pas qui differe None, x_fin deplace de +0.0 ulp(x1) -> ABSORBE
[01:13:17Z] EFFET-dt2/8  cas dur K1 appel 6541 (pas 1636) corrige seul : premier pas qui differe None, x_fin deplace de +0.0 ulp(x1) -> ABSORBE
[01:13:17Z] EFFET-dt2/8  cas dur K1 appel 6544 (pas 1636) corrige seul : premier pas qui differe None, x_fin deplace de +0.0 ulp(x1) -> ABSORBE
[01:13:17Z] EFFET-dt2/8  cas dur K1 appel 6548 (pas 1637) corrige seul : premier pas qui differe None, x_fin deplace de +0.0 ulp(x1) -> ABSORBE
[01:13:17Z] EFFET-dt2/8  cas dur K1 appel 6549 (pas 1638) corrige seul : premier pas qui differe None, x_fin deplace de +0.0 ulp(x1) -> ABSORBE
[01:13:17Z] EFFET-dt2/8  cas dur K1 appel 6564 (pas 1641) corrige seul : premier pas qui differe None, x_fin deplace de +0.0 ulp(x1) -> ABSORBE
[01:13:17Z] EFFET-dt2/8  cas dur K1 appel 6572 (pas 1643) corrige seul : premier pas qui differe None, x_fin deplace de +0.0 ulp(x1) -> ABSORBE
[01:13:17Z] EFFET-dt2/8  cas dur K1 appel 6605 (pas 1652) corrige seul : premier pas qui differe None, x_fin deplace de +0.0 ulp(x1) -> ABSORBE
[01:13:17Z] EFFET-dt2/8  cas dur K1 appel 6606 (pas 1652) corrige seul : premier pas qui differe None, x_fin deplace de +0.0 ulp(x1) -> ABSORBE
[01:13:17Z] EFFET-dt2/8  cas dur K1 appel 6616 (pas 1654) corrige seul : premier pas qui differe None, x_fin deplace de +0.0 ulp(x1) -> ABSORBE
[01:13:17Z] EFFET-dt2/8  cas dur K1 appel 6624 (pas 1656) corrige seul : premier pas qui differe None, x_fin deplace de +0.0 ulp(x1) -> ABSORBE
[01:13:17Z] EFFET-dt2/8  cas dur K1 appel 6631 (pas 1658) corrige seul : premier pas qui differe None, x_fin deplace de +0.0 ulp(x1) -> ABSORBE
[01:13:17Z] EFFET-dt2/8  cas dur K1 appel 6645 (pas 1662) corrige seul : premier pas qui differe None, x_fin deplace de +0.0 ulp(x1) -> ABSORBE
[01:13:17Z] EFFET-dt2/8  cas dur K1 appel 6646 (pas 1662) corrige seul : premier pas qui differe None, x_fin deplace de +0.0 ulp(x1) -> ABSORBE
[01:13:17Z] EFFET-dt2/8  cas dur K1 appel 6650 (pas 1663) corrige seul : premier pas qui differe None, x_fin deplace de +0.0 ulp(x1) -> ABSORBE
[01:13:17Z] EFFET-dt2/8  cas dur K1 appel 6659 (pas 1665) corrige seul : premier pas qui differe None, x_fin deplace de +0.0 ulp(x1) -> ABSORBE
[01:13:17Z] EFFET-dt2/8  cas dur K1 appel 6697 (pas 1675) corrige seul : premier pas qui differe None, x_fin deplace de +0.0 ulp(x1) -> ABSORBE
[01:13:17Z] EFFET-dt2/8  cas dur K1 appel 6703 (pas 1676) corrige seul : premier pas qui differe None, x_fin deplace de +0.0 ulp(x1) -> ABSORBE
[01:13:17Z] EFFET-dt2/8  cas dur K1 appel 6709 (pas 1678) corrige seul : premier pas qui differe None, x_fin deplace de +0.0 ulp(x1) -> ABSORBE
[01:13:17Z] EFFET-dt2/8  cas dur K1 appel 6736 (pas 1684) corrige seul : premier pas qui differe None, x_fin deplace de +0.0 ulp(x1) -> ABSORBE
[01:13:17Z] EFFET-dt2/8  cas dur K1 appel 6758 (pas 1690) corrige seul : premier pas qui differe None, x_fin deplace de +0.0 ulp(x1) -> ABSORBE
[01:13:17Z] EFFET-dt2/8  cas dur K1 appel 6768 (pas 1692) corrige seul : premier pas qui differe None, x_fin deplace de +0.0 ulp(x1) -> ABSORBE
[01:13:17Z] EFFET-dt2/8  cas dur K1 appel 6827 (pas 1707) corrige seul : premier pas qui differe None, x_fin deplace de +0.0 ulp(x1) -> ABSORBE
[01:13:17Z] EFFET-dt2/8  cas dur K1 appel 6828 (pas 1707) corrige seul : premier pas qui differe None, x_fin deplace de +0.0 ulp(x1) -> ABSORBE
[01:13:17Z] EFFET-dt2/8  cas dur K1 appel 6847 (pas 1712) corrige seul : premier pas qui differe None, x_fin deplace de +0.0 ulp(x1) -> ABSORBE
[01:13:17Z] EFFET-dt2/8  cas dur K1 appel 6922 (pas 1731) corrige seul : premier pas qui differe None, x_fin deplace de +0.0 ulp(x1) -> ABSORBE
[01:13:17Z] EFFET-dt2/8  cas dur K1 appel 6944 (pas 1736) corrige seul : premier pas qui differe None, x_fin deplace de +0.0 ulp(x1) -> ABSORBE
[01:13:17Z] EFFET-dt2/8  cas dur K1 appel 6989 (pas 1748) corrige seul : premier pas qui differe None, x_fin deplace de +0.0 ulp(x1) -> ABSORBE
[01:13:17Z] EFFET-dt2/8  cas dur K1 appel 6991 (pas 1748) corrige seul : premier pas qui differe None, x_fin deplace de +0.0 ulp(x1) -> ABSORBE
[01:13:17Z] EFFET-dt2/8  cas dur K1 appel 7024 (pas 1756) corrige seul : premier pas qui differe None, x_fin deplace de +0.0 ulp(x1) -> ABSORBE
[01:13:17Z] EFFET-dt2/8  cas dur K1 appel 7029 (pas 1758) corrige seul : premier pas qui differe None, x_fin deplace de +0.0 ulp(x1) -> ABSORBE
[01:13:17Z] EFFET-dt2/8  cas dur K1 appel 7036 (pas 1759) corrige seul : premier pas qui differe None, x_fin deplace de +0.0 ulp(x1) -> ABSORBE
[01:13:17Z] EFFET-dt2/8  cas dur K1 appel 7040 (pas 1760) corrige seul : premier pas qui differe None, x_fin deplace de +0.0 ulp(x1) -> ABSORBE
[01:13:17Z] EFFET-dt2/8  cas dur K1 appel 7055 (pas 1764) corrige seul : premier pas qui differe None, x_fin deplace de +0.0 ulp(x1) -> ABSORBE
[01:13:17Z] EFFET-dt2/8  cas dur K1 appel 7058 (pas 1765) corrige seul : premier pas qui differe None, x_fin deplace de +0.0 ulp(x1) -> ABSORBE
[01:13:17Z] EFFET-dt2/8  cas dur K1 appel 7126 (pas 1782) corrige seul : premier pas qui differe None, x_fin deplace de +0.0 ulp(x1) -> ABSORBE
[01:13:17Z] EFFET-dt2/8  cas dur K1 appel 7162 (pas 1791) corrige seul : premier pas qui differe None, x_fin deplace de +0.0 ulp(x1) -> ABSORBE
[01:13:17Z] EFFET-dt2/8  cas dur K1 appel 7180 (pas 1795) corrige seul : premier pas qui differe None, x_fin deplace de +0.0 ulp(x1) -> ABSORBE
[01:13:17Z] EFFET-dt2/8  cas dur K1 appel 7182 (pas 1796) corrige seul : premier pas qui differe None, x_fin deplace de +0.0 ulp(x1) -> ABSORBE
[01:13:17Z] EFFET-dt2/8  cas dur K1 appel 7204 (pas 1801) corrige seul : premier pas qui differe None, x_fin deplace de +0.0 ulp(x1) -> ABSORBE
[01:13:17Z] EFFET-dt2/8  cas dur K1 appel 7208 (pas 1802) corrige seul : premier pas qui differe None, x_fin deplace de +0.0 ulp(x1) -> ABSORBE
[01:13:17Z] EFFET-dt2/8  cas dur K1 appel 7310 (pas 1828) corrige seul : premier pas qui differe None, x_fin deplace de +0.0 ulp(x1) -> ABSORBE
[01:13:17Z] EFFET-dt2/8  cas dur K1 appel 7312 (pas 1828) corrige seul : premier pas qui differe None, x_fin deplace de +0.0 ulp(x1) -> ABSORBE
[01:13:17Z] EFFET-dt2/8  cas dur K1 appel 7338 (pas 1835) corrige seul : premier pas qui differe None, x_fin deplace de +0.0 ulp(x1) -> ABSORBE
[01:13:17Z] EFFET-dt2/8  cas dur K1 appel 7361 (pas 1841) corrige seul : premier pas qui differe None, x_fin deplace de +0.0 ulp(x1) -> ABSORBE
[01:13:17Z] EFFET-dt2/8  cas dur K1 appel 7382 (pas 1846) corrige seul : premier pas qui differe None, x_fin deplace de +0.0 ulp(x1) -> ABSORBE
[01:13:17Z] EFFET-dt2/8  cas dur K1 appel 7391 (pas 1848) corrige seul : premier pas qui differe None, x_fin deplace de +0.0 ulp(x1) -> ABSORBE
[01:13:17Z] EFFET-dt2/8  cas dur K1 appel 7405 (pas 1852) corrige seul : premier pas qui differe None, x_fin deplace de +0.0 ulp(x1) -> ABSORBE
[01:13:17Z] EFFET-dt2/8  cas dur K1 appel 7407 (pas 1852) corrige seul : premier pas qui differe None, x_fin deplace de +0.0 ulp(x1) -> ABSORBE
[01:13:17Z] EFFET-dt2/8  cas dur K1 appel 7427 (pas 1857) corrige seul : premier pas qui differe None, x_fin deplace de +0.0 ulp(x1) -> ABSORBE
[01:13:17Z] EFFET-dt2/8  cas dur K1 appel 7428 (pas 1857) corrige seul : premier pas qui differe None, x_fin deplace de +0.0 ulp(x1) -> ABSORBE
[01:13:17Z] EFFET-dt2/8  cas dur K1 appel 7450 (pas 1863) corrige seul : premier pas qui differe None, x_fin deplace de +0.0 ulp(x1) -> ABSORBE
[01:13:17Z] EFFET-dt2/8  cas dur K1 appel 7451 (pas 1863) corrige seul : premier pas qui differe None, x_fin deplace de +0.0 ulp(x1) -> ABSORBE
[01:13:17Z] EFFET-dt2/8  cas dur K1 appel 7459 (pas 1865) corrige seul : premier pas qui differe None, x_fin deplace de +0.0 ulp(x1) -> ABSORBE
[01:13:17Z] EFFET-dt2/8  cas dur K1 appel 7474 (pas 1869) corrige seul : premier pas qui differe None, x_fin deplace de +0.0 ulp(x1) -> ABSORBE
[01:13:17Z] EFFET-dt2/8  cas dur K1 appel 7502 (pas 1876) corrige seul : premier pas qui differe None, x_fin deplace de +0.0 ulp(x1) -> ABSORBE
[01:13:17Z] EFFET-dt2/8  cas dur K1 appel 7505 (pas 1877) corrige seul : premier pas qui differe None, x_fin deplace de +0.0 ulp(x1) -> ABSORBE
[01:13:17Z] EFFET-dt2/8  cas dur K1 appel 7510 (pas 1878) corrige seul : premier pas qui differe None, x_fin deplace de +0.0 ulp(x1) -> ABSORBE
[01:13:17Z] EFFET-dt2/8  cas dur K1 appel 7525 (pas 1882) corrige seul : premier pas qui differe None, x_fin deplace de +0.0 ulp(x1) -> ABSORBE
[01:13:17Z] EFFET-dt2/8  cas dur K1 appel 7534 (pas 1884) corrige seul : premier pas qui differe None, x_fin deplace de +0.0 ulp(x1) -> ABSORBE
[01:13:17Z] EFFET-dt2/8  cas dur K1 appel 7577 (pas 1895) corrige seul : premier pas qui differe None, x_fin deplace de +0.0 ulp(x1) -> ABSORBE
[01:13:17Z] EFFET-dt2/8  cas dur K1 appel 7586 (pas 1897) corrige seul : premier pas qui differe None, x_fin deplace de +0.0 ulp(x1) -> ABSORBE
[01:13:17Z] EFFET-dt2/8  cas dur K1 appel 7602 (pas 1901) corrige seul : premier pas qui differe None, x_fin deplace de +0.0 ulp(x1) -> ABSORBE
[01:13:17Z] EFFET-dt2/8  cas dur K1 appel 7616 (pas 1904) corrige seul : premier pas qui differe None, x_fin deplace de +0.0 ulp(x1) -> ABSORBE
[01:13:17Z] EFFET-dt2/8  cas dur K1 appel 7620 (pas 1905) corrige seul : premier pas qui differe None, x_fin deplace de +0.0 ulp(x1) -> ABSORBE
[01:13:17Z] EFFET-dt2/8  cas dur K1 appel 7638 (pas 1910) corrige seul : premier pas qui differe None, x_fin deplace de +0.0 ulp(x1) -> ABSORBE
[01:13:17Z] EFFET-dt2/8  cas dur K1 appel 7640 (pas 1910) corrige seul : premier pas qui differe None, x_fin deplace de +0.0 ulp(x1) -> ABSORBE
[01:13:17Z] EFFET-dt2/8  cas dur K1 appel 7649 (pas 1913) corrige seul : premier pas qui differe None, x_fin deplace de +0.0 ulp(x1) -> ABSORBE
[01:13:17Z] EFFET-dt2/8  cas dur K1 appel 7666 (pas 1917) corrige seul : premier pas qui differe None, x_fin deplace de +0.0 ulp(x1) -> ABSORBE
[01:13:17Z] EFFET-dt2/8  cas dur K1 appel 7735 (pas 1934) corrige seul : premier pas qui differe None, x_fin deplace de +0.0 ulp(x1) -> ABSORBE
[01:13:17Z] EFFET-dt2/8  cas dur K1 appel 7758 (pas 1940) corrige seul : premier pas qui differe None, x_fin deplace de +0.0 ulp(x1) -> ABSORBE
[01:13:17Z] EFFET-dt2/8  cas dur K1 appel 7784 (pas 1946) corrige seul : premier pas qui differe None, x_fin deplace de +0.0 ulp(x1) -> ABSORBE
[01:13:17Z] EFFET-dt2/8  cas dur K1 appel 7851 (pas 1963) corrige seul : premier pas qui differe None, x_fin deplace de +0.0 ulp(x1) -> ABSORBE
[01:13:17Z] EFFET-dt2/8  cas dur K1 appel 7861 (pas 1966) corrige seul : premier pas qui differe None, x_fin deplace de +0.0 ulp(x1) -> ABSORBE
[01:13:17Z] EFFET-dt2/8  cas dur K1 appel 7867 (pas 1967) corrige seul : premier pas qui differe None, x_fin deplace de +0.0 ulp(x1) -> ABSORBE
[01:13:17Z] EFFET-dt2/8  cas dur K1 appel 7874 (pas 1969) corrige seul : premier pas qui differe None, x_fin deplace de +0.0 ulp(x1) -> ABSORBE
[01:13:17Z] EFFET-dt2/8  cas dur K1 appel 7888 (pas 1972) corrige seul : premier pas qui differe None, x_fin deplace de +0.0 ulp(x1) -> ABSORBE
[01:13:17Z] EFFET-dt2/8  cas dur K1 appel 7899 (pas 1975) corrige seul : premier pas qui differe None, x_fin deplace de +0.0 ulp(x1) -> ABSORBE
[01:13:17Z] EFFET-dt2/8  cas dur K1 appel 7958 (pas 1990) corrige seul : premier pas qui differe None, x_fin deplace de +0.0 ulp(x1) -> ABSORBE
[01:13:17Z] EFFET-dt2/8  cas dur K1 appel 7964 (pas 1991) corrige seul : premier pas qui differe None, x_fin deplace de +0.0 ulp(x1) -> ABSORBE
[01:13:17Z] EFFET-dt2/8  cas dur K1 appel 7976 (pas 1994) corrige seul : premier pas qui differe None, x_fin deplace de +0.0 ulp(x1) -> ABSORBE
[01:13:17Z] EFFET-dt2/8  cas dur K1 appel 7986 (pas 1997) corrige seul : premier pas qui differe None, x_fin deplace de +0.0 ulp(x1) -> ABSORBE
[01:13:17Z] EFFET-dt2/8  cas dur K1 appel 7994 (pas 1999) corrige seul : premier pas qui differe None, x_fin deplace de +0.0 ulp(x1) -> ABSORBE
[01:13:17Z] EFFET-dt2/8  cas dur K1 appel 8036 (pas 2009) corrige seul : premier pas qui differe None, x_fin deplace de +0.0 ulp(x1) -> ABSORBE
[01:13:17Z] EFFET-dt2/8  cas dur K1 appel 8037 (pas 2010) corrige seul : premier pas qui differe None, x_fin deplace de +0.0 ulp(x1) -> ABSORBE
[01:13:17Z] EFFET-dt2/8  cas dur K1 appel 8104 (pas 2026) corrige seul : premier pas qui differe None, x_fin deplace de +0.0 ulp(x1) -> ABSORBE
[01:13:17Z] EFFET-dt2/8  cas dur K1 appel 8118 (pas 2030) corrige seul : premier pas qui differe None, x_fin deplace de +0.0 ulp(x1) -> ABSORBE
[01:13:17Z] EFFET-dt2/8  cas dur K1 appel 8120 (pas 2030) corrige seul : premier pas qui differe None, x_fin deplace de +0.0 ulp(x1) -> ABSORBE
[01:13:17Z] EFFET-dt2/8  cas dur K1 appel 8132 (pas 2033) corrige seul : premier pas qui differe None, x_fin deplace de +0.0 ulp(x1) -> ABSORBE
[01:13:17Z] EFFET-dt2/8  cas dur K1 appel 8134 (pas 2034) corrige seul : premier pas qui differe None, x_fin deplace de +0.0 ulp(x1) -> ABSORBE
[01:13:17Z] EFFET-dt2/8  cas dur K1 appel 8158 (pas 2040) corrige seul : premier pas qui differe None, x_fin deplace de +0.0 ulp(x1) -> ABSORBE
[01:13:17Z] EFFET-dt2/8  cas dur K1 appel 8180 (pas 2045) corrige seul : premier pas qui differe None, x_fin deplace de +0.0 ulp(x1) -> ABSORBE
[01:13:17Z] EFFET-dt2/8  cas dur K1 appel 8232 (pas 2058) corrige seul : premier pas qui differe None, x_fin deplace de +0.0 ulp(x1) -> ABSORBE
[01:13:17Z] EFFET-dt2/8  cas dur K1 appel 8259 (pas 2065) corrige seul : premier pas qui differe None, x_fin deplace de +0.0 ulp(x1) -> ABSORBE
[01:13:17Z] EFFET-dt2/8  cas dur K1 appel 8275 (pas 2069) corrige seul : premier pas qui differe None, x_fin deplace de +0.0 ulp(x1) -> ABSORBE
[01:13:17Z] EFFET-dt2/8  cas dur K1 appel 8296 (pas 2074) corrige seul : premier pas qui differe None, x_fin deplace de +0.0 ulp(x1) -> ABSORBE
[01:13:17Z] EFFET-dt2/8  cas dur K1 appel 8314 (pas 2079) corrige seul : premier pas qui differe None, x_fin deplace de +0.0 ulp(x1) -> ABSORBE
[01:13:17Z] EFFET-dt2/8  cas dur K1 appel 8362 (pas 2091) corrige seul : premier pas qui differe None, x_fin deplace de +0.0 ulp(x1) -> ABSORBE
[01:13:17Z] EFFET-dt2/8  cas dur K1 appel 8426 (pas 2107) corrige seul : premier pas qui differe None, x_fin deplace de +0.0 ulp(x1) -> ABSORBE
[01:13:17Z] EFFET-dt2/8  cas dur K1 appel 8532 (pas 2133) corrige seul : premier pas qui differe None, x_fin deplace de +0.0 ulp(x1) -> ABSORBE
[01:13:17Z] EFFET-dt2/8  cas dur K1 appel 8537 (pas 2135) corrige seul : premier pas qui differe None, x_fin deplace de +0.0 ulp(x1) -> ABSORBE
[01:13:17Z] EFFET-dt2/8  cas dur K1 appel 8560 (pas 2140) corrige seul : premier pas qui differe None, x_fin deplace de +0.0 ulp(x1) -> ABSORBE
[01:13:17Z] EFFET-dt2/8  cas dur K1 appel 8570 (pas 2143) corrige seul : premier pas qui differe None, x_fin deplace de +0.0 ulp(x1) -> ABSORBE
[01:13:17Z] EFFET-dt2/8  cas dur K1 appel 8574 (pas 2144) corrige seul : premier pas qui differe None, x_fin deplace de +0.0 ulp(x1) -> ABSORBE
[01:13:17Z] EFFET-dt2/8  cas dur K1 appel 8616 (pas 2154) corrige seul : premier pas qui differe None, x_fin deplace de +0.0 ulp(x1) -> ABSORBE
[01:13:17Z] EFFET-dt2/8  cas dur K1 appel 8640 (pas 2160) corrige seul : premier pas qui differe None, x_fin deplace de +0.0 ulp(x1) -> ABSORBE
[01:13:17Z] EFFET-dt2/8  cas dur K1 appel 8663 (pas 2166) corrige seul : premier pas qui differe None, x_fin deplace de +0.0 ulp(x1) -> ABSORBE
[01:13:17Z] EFFET-dt2/8  cas dur K1 appel 8671 (pas 2168) corrige seul : premier pas qui differe None, x_fin deplace de +0.0 ulp(x1) -> ABSORBE
[01:13:17Z] EFFET-dt2/8  cas dur K1 appel 8690 (pas 2173) corrige seul : premier pas qui differe None, x_fin deplace de +0.0 ulp(x1) -> ABSORBE
[01:13:17Z] EFFET-dt2/8  cas dur K1 appel 8707 (pas 2177) corrige seul : premier pas qui differe None, x_fin deplace de +0.0 ulp(x1) -> ABSORBE
[01:13:17Z] EFFET-dt2/8  cas dur K1 appel 8738 (pas 2185) corrige seul : premier pas qui differe None, x_fin deplace de +0.0 ulp(x1) -> ABSORBE
[01:13:17Z] EFFET-dt2/8  cas dur K1 appel 8745 (pas 2187) corrige seul : premier pas qui differe None, x_fin deplace de +0.0 ulp(x1) -> ABSORBE
[01:13:17Z] EFFET-dt2/8  cas dur K1 appel 8747 (pas 2187) corrige seul : premier pas qui differe None, x_fin deplace de +0.0 ulp(x1) -> ABSORBE
[01:13:17Z] EFFET-dt2/8  cas dur K1 appel 8775 (pas 2194) corrige seul : premier pas qui differe None, x_fin deplace de +0.0 ulp(x1) -> ABSORBE
[01:13:17Z] EFFET-dt2/8  cas dur K1 appel 8785 (pas 2197) corrige seul : premier pas qui differe None, x_fin deplace de +0.0 ulp(x1) -> ABSORBE
[01:13:17Z] EFFET-dt2/8  cas dur K1 appel 8805 (pas 2202) corrige seul : premier pas qui differe None, x_fin deplace de +0.0 ulp(x1) -> ABSORBE
[01:13:17Z] EFFET-dt2/8  cas dur K1 appel 8807 (pas 2202) corrige seul : premier pas qui differe None, x_fin deplace de +0.0 ulp(x1) -> ABSORBE
[01:13:17Z] EFFET-dt2/8  cas dur K1 appel 8815 (pas 2204) corrige seul : premier pas qui differe None, x_fin deplace de +0.0 ulp(x1) -> ABSORBE
[01:13:17Z] EFFET-dt2/8  cas dur K1 appel 8831 (pas 2208) corrige seul : premier pas qui differe None, x_fin deplace de +0.0 ulp(x1) -> ABSORBE
[01:13:17Z] EFFET-dt2/8  cas dur K1 appel 8903 (pas 2226) corrige seul : premier pas qui differe None, x_fin deplace de +0.0 ulp(x1) -> ABSORBE
[01:13:17Z] EFFET-dt2/8  cas dur K1 appel 8928 (pas 2232) corrige seul : premier pas qui differe None, x_fin deplace de +0.0 ulp(x1) -> ABSORBE
[01:13:17Z] EFFET-dt2/8  cas dur K1 appel 8952 (pas 2238) corrige seul : premier pas qui differe None, x_fin deplace de +0.0 ulp(x1) -> ABSORBE
[01:13:17Z] EFFET-dt2/8  cas dur K1 appel 8953 (pas 2239) corrige seul : premier pas qui differe None, x_fin deplace de +0.0 ulp(x1) -> ABSORBE
[01:13:17Z] EFFET-dt2/8  cas dur K1 appel 8962 (pas 2241) corrige seul : premier pas qui differe None, x_fin deplace de +0.0 ulp(x1) -> ABSORBE
[01:13:17Z] EFFET-dt2/8  cas dur K1 appel 8964 (pas 2241) corrige seul : premier pas qui differe None, x_fin deplace de +0.0 ulp(x1) -> ABSORBE
[01:13:17Z] EFFET-dt2/8  cas dur K1 appel 9034 (pas 2259) corrige seul : premier pas qui differe None, x_fin deplace de +0.0 ulp(x1) -> ABSORBE
[01:13:17Z] EFFET-dt2/8  cas dur K1 appel 9065 (pas 2267) corrige seul : premier pas qui differe None, x_fin deplace de +0.0 ulp(x1) -> ABSORBE
[01:13:17Z] EFFET-dt2/8  cas dur K1 appel 9072 (pas 2268) corrige seul : premier pas qui differe None, x_fin deplace de +0.0 ulp(x1) -> ABSORBE
[01:13:17Z] EFFET-dt2/8  cas dur K1 appel 9075 (pas 2269) corrige seul : premier pas qui differe None, x_fin deplace de +0.0 ulp(x1) -> ABSORBE
[01:13:17Z] EFFET-dt2/8  cas dur K1 appel 9077 (pas 2270) corrige seul : premier pas qui differe None, x_fin deplace de +0.0 ulp(x1) -> ABSORBE
[01:13:17Z] EFFET-dt2/8  cas dur K1 appel 9089 (pas 2273) corrige seul : premier pas qui differe None, x_fin deplace de +0.0 ulp(x1) -> ABSORBE
[01:13:17Z] EFFET-dt2/8  cas dur K1 appel 9113 (pas 2279) corrige seul : premier pas qui differe None, x_fin deplace de +0.0 ulp(x1) -> ABSORBE
[01:13:17Z] EFFET-dt2/8  cas dur K1 appel 9130 (pas 2283) corrige seul : premier pas qui differe None, x_fin deplace de +0.0 ulp(x1) -> ABSORBE
[01:13:17Z] EFFET-dt2/8  cas dur K1 appel 9138 (pas 2285) corrige seul : premier pas qui differe None, x_fin deplace de +0.0 ulp(x1) -> ABSORBE
[01:13:17Z] EFFET-dt2/8  cas dur K1 appel 9163 (pas 2291) corrige seul : premier pas qui differe None, x_fin deplace de +0.0 ulp(x1) -> ABSORBE
[01:13:17Z] EFFET-dt2/8  cas dur K1 appel 9173 (pas 2294) corrige seul : premier pas qui differe None, x_fin deplace de +0.0 ulp(x1) -> ABSORBE
[01:13:17Z] EFFET-dt2/8  cas dur K1 appel 9178 (pas 2295) corrige seul : premier pas qui differe None, x_fin deplace de +0.0 ulp(x1) -> ABSORBE
[01:13:17Z] EFFET-dt2/8  cas dur K1 appel 9190 (pas 2298) corrige seul : premier pas qui differe None, x_fin deplace de +0.0 ulp(x1) -> ABSORBE
[01:13:17Z] EFFET-dt2/8  cas dur K1 appel 9207 (pas 2302) corrige seul : premier pas qui differe None, x_fin deplace de +0.0 ulp(x1) -> ABSORBE
[01:13:17Z] EFFET-dt2/8  cas dur K1 appel 9209 (pas 2303) corrige seul : premier pas qui differe None, x_fin deplace de +0.0 ulp(x1) -> ABSORBE
[01:13:17Z] EFFET-dt2/8  cas dur K1 appel 9240 (pas 2310) corrige seul : premier pas qui differe None, x_fin deplace de +0.0 ulp(x1) -> ABSORBE
[01:13:17Z] EFFET-dt2/8  cas dur K1 appel 9241 (pas 2311) corrige seul : premier pas qui differe None, x_fin deplace de +0.0 ulp(x1) -> ABSORBE
[01:13:17Z] EFFET-dt2/8  cas dur K1 appel 9255 (pas 2314) corrige seul : premier pas qui differe None, x_fin deplace de +0.0 ulp(x1) -> ABSORBE
[01:13:17Z] EFFET-dt2/8  cas dur K1 appel 9262 (pas 2316) corrige seul : premier pas qui differe None, x_fin deplace de +0.0 ulp(x1) -> ABSORBE
[01:13:17Z] EFFET-dt2/8  cas dur K1 appel 9268 (pas 2317) corrige seul : premier pas qui differe None, x_fin deplace de +0.0 ulp(x1) -> ABSORBE
[01:13:17Z] EFFET-dt2/8  cas dur K1 appel 9269 (pas 2318) corrige seul : premier pas qui differe None, x_fin deplace de +0.0 ulp(x1) -> ABSORBE
[01:13:17Z] EFFET-dt2/8  cas dur K1 appel 9286 (pas 2322) corrige seul : premier pas qui differe None, x_fin deplace de +0.0 ulp(x1) -> ABSORBE
[01:13:17Z] EFFET-dt2/8  cas dur K1 appel 9314 (pas 2329) corrige seul : premier pas qui differe None, x_fin deplace de +0.0 ulp(x1) -> ABSORBE
[01:13:17Z] EFFET-dt2/8  cas dur K1 appel 9318 (pas 2330) corrige seul : premier pas qui differe None, x_fin deplace de +0.0 ulp(x1) -> ABSORBE
[01:13:17Z] EFFET-dt2/8  cas dur K1 appel 9348 (pas 2337) corrige seul : premier pas qui differe None, x_fin deplace de +0.0 ulp(x1) -> ABSORBE
[01:13:17Z] EFFET-dt2/8  cas dur K1 appel 9358 (pas 2340) corrige seul : premier pas qui differe None, x_fin deplace de +0.0 ulp(x1) -> ABSORBE
[01:13:17Z] EFFET-dt2/8  cas dur K1 appel 9362 (pas 2341) corrige seul : premier pas qui differe None, x_fin deplace de +0.0 ulp(x1) -> ABSORBE
[01:13:17Z] EFFET-dt2/8  cas dur K1 appel 9387 (pas 2347) corrige seul : premier pas qui differe None, x_fin deplace de +0.0 ulp(x1) -> ABSORBE
[01:13:17Z] EFFET-dt2/8  cas dur K1 appel 9399 (pas 2350) corrige seul : premier pas qui differe None, x_fin deplace de +0.0 ulp(x1) -> ABSORBE
[01:13:17Z] EFFET-dt2/8  cas dur K1 appel 9401 (pas 2351) corrige seul : premier pas qui differe None, x_fin deplace de +0.0 ulp(x1) -> ABSORBE
[01:13:17Z] EFFET-dt2/8  cas dur K1 appel 9459 (pas 2365) corrige seul : premier pas qui differe None, x_fin deplace de +0.0 ulp(x1) -> ABSORBE
[01:13:17Z] EFFET-dt2/8  cas dur K1 appel 9490 (pas 2373) corrige seul : premier pas qui differe None, x_fin deplace de +0.0 ulp(x1) -> ABSORBE
[01:13:17Z] EFFET-dt2/8  cas dur K1 appel 9508 (pas 2377) corrige seul : premier pas qui differe None, x_fin deplace de +0.0 ulp(x1) -> ABSORBE
[01:13:17Z] EFFET-dt2/8  cas dur K1 appel 9536 (pas 2384) corrige seul : premier pas qui differe None, x_fin deplace de +0.0 ulp(x1) -> ABSORBE
[01:13:17Z] EFFET-dt2/8  cas dur K1 appel 9538 (pas 2385) corrige seul : premier pas qui differe None, x_fin deplace de +0.0 ulp(x1) -> ABSORBE
[01:13:17Z] EFFET-dt2/8  cas dur K1 appel 9564 (pas 2391) corrige seul : premier pas qui differe None, x_fin deplace de +0.0 ulp(x1) -> ABSORBE
[01:13:17Z] EFFET-dt2/8  cas dur K1 appel 9591 (pas 2398) corrige seul : premier pas qui differe None, x_fin deplace de +0.0 ulp(x1) -> ABSORBE
[01:13:17Z] EFFET-dt2/8  cas dur K1 appel 9604 (pas 2401) corrige seul : premier pas qui differe None, x_fin deplace de +0.0 ulp(x1) -> ABSORBE
[01:13:17Z] EFFET-dt2/8  cas dur K1 appel 9606 (pas 2402) corrige seul : premier pas qui differe None, x_fin deplace de +0.0 ulp(x1) -> ABSORBE
[01:13:17Z] EFFET-dt2/8  cas dur K1 appel 9627 (pas 2407) corrige seul : premier pas qui differe None, x_fin deplace de +0.0 ulp(x1) -> ABSORBE
[01:13:17Z] EFFET-dt2/8  cas dur K1 appel 9654 (pas 2414) corrige seul : premier pas qui differe None, x_fin deplace de +0.0 ulp(x1) -> ABSORBE
[01:13:17Z] EFFET-dt2/8  cas dur K1 appel 9663 (pas 2416) corrige seul : premier pas qui differe None, x_fin deplace de +0.0 ulp(x1) -> ABSORBE
[01:13:17Z] EFFET-dt2/8  cas dur K1 appel 9664 (pas 2416) corrige seul : premier pas qui differe None, x_fin deplace de +0.0 ulp(x1) -> ABSORBE
[01:13:17Z] EFFET-dt2/8  cas dur K1 appel 9676 (pas 2419) corrige seul : premier pas qui differe None, x_fin deplace de +0.0 ulp(x1) -> ABSORBE
[01:13:17Z] EFFET-dt2/8  cas dur K1 appel 9688 (pas 2422) corrige seul : premier pas qui differe None, x_fin deplace de +0.0 ulp(x1) -> ABSORBE
[01:13:17Z] EFFET-dt2/8  cas dur K1 appel 9689 (pas 2423) corrige seul : premier pas qui differe None, x_fin deplace de +0.0 ulp(x1) -> ABSORBE
[01:13:17Z] EFFET-dt2/8  cas dur K1 appel 9705 (pas 2427) corrige seul : premier pas qui differe None, x_fin deplace de +0.0 ulp(x1) -> ABSORBE
[01:13:17Z] EFFET-dt2/8  cas dur K1 appel 9718 (pas 2430) corrige seul : premier pas qui differe None, x_fin deplace de +0.0 ulp(x1) -> ABSORBE
[01:13:17Z] EFFET-dt2/8  cas dur K1 appel 9719 (pas 2430) corrige seul : premier pas qui differe None, x_fin deplace de +0.0 ulp(x1) -> ABSORBE
[01:13:17Z] EFFET-dt2/8  cas dur K1 appel 9720 (pas 2430) corrige seul : premier pas qui differe None, x_fin deplace de +0.0 ulp(x1) -> ABSORBE
[01:13:17Z] EFFET-dt2/8  cas dur K1 appel 9725 (pas 2432) corrige seul : premier pas qui differe None, x_fin deplace de +0.0 ulp(x1) -> ABSORBE
[01:13:17Z] EFFET-dt2/8  cas dur K1 appel 9728 (pas 2432) corrige seul : premier pas qui differe None, x_fin deplace de +0.0 ulp(x1) -> ABSORBE
[01:13:17Z] EFFET-dt2/8  cas dur K1 appel 9748 (pas 2437) corrige seul : premier pas qui differe None, x_fin deplace de +0.0 ulp(x1) -> ABSORBE
[01:13:17Z] EFFET-dt2/8  cas dur K1 appel 9760 (pas 2440) corrige seul : premier pas qui differe None, x_fin deplace de +0.0 ulp(x1) -> ABSORBE
[01:13:17Z] EFFET-dt2/8  cas dur K1 appel 9805 (pas 2452) corrige seul : premier pas qui differe None, x_fin deplace de +0.0 ulp(x1) -> ABSORBE
[01:13:17Z] EFFET-dt2/8  cas dur K1 appel 9817 (pas 2455) corrige seul : premier pas qui differe None, x_fin deplace de +0.0 ulp(x1) -> ABSORBE
[01:13:17Z] EFFET-dt2/8  cas dur K1 appel 9821 (pas 2456) corrige seul : premier pas qui differe None, x_fin deplace de +0.0 ulp(x1) -> ABSORBE
[01:13:17Z] EFFET-dt2/8  cas dur K1 appel 9841 (pas 2461) corrige seul : premier pas qui differe None, x_fin deplace de +0.0 ulp(x1) -> ABSORBE
[01:13:17Z] EFFET-dt2/8  cas dur K1 appel 9872 (pas 2468) corrige seul : premier pas qui differe None, x_fin deplace de +0.0 ulp(x1) -> ABSORBE
[01:13:17Z] EFFET-dt2/8  cas dur K1 appel 9884 (pas 2471) corrige seul : premier pas qui differe None, x_fin deplace de +0.0 ulp(x1) -> ABSORBE
[01:13:17Z] EFFET-dt2/8  cas dur K1 appel 9899 (pas 2475) corrige seul : premier pas qui differe None, x_fin deplace de +0.0 ulp(x1) -> ABSORBE
[01:13:17Z] EFFET-dt2/8  cas dur K1 appel 9908 (pas 2477) corrige seul : premier pas qui differe None, x_fin deplace de +0.0 ulp(x1) -> ABSORBE
[01:13:17Z] EFFET-dt2/8  cas dur K1 appel 9911 (pas 2478) corrige seul : premier pas qui differe None, x_fin deplace de +0.0 ulp(x1) -> ABSORBE
[01:13:17Z] EFFET-dt2/8  cas dur K1 appel 9916 (pas 2479) corrige seul : premier pas qui differe None, x_fin deplace de +0.0 ulp(x1) -> ABSORBE
[01:13:17Z] EFFET-dt2/8  cas dur K1 appel 9935 (pas 2484) corrige seul : premier pas qui differe None, x_fin deplace de +0.0 ulp(x1) -> ABSORBE
[01:13:17Z] EFFET-dt2/8  cas dur K1 appel 9971 (pas 2493) corrige seul : premier pas qui differe None, x_fin deplace de +0.0 ulp(x1) -> ABSORBE
[01:13:17Z] EFFET-dt2/8  cas dur K1 appel 9976 (pas 2494) corrige seul : premier pas qui differe None, x_fin deplace de +0.0 ulp(x1) -> ABSORBE
[01:13:17Z] EFFET-dt2/8  cas dur K1 appel 9977 (pas 2495) corrige seul : premier pas qui differe None, x_fin deplace de +0.0 ulp(x1) -> ABSORBE
[01:13:17Z] EFFET-dt2/8  cas dur K1 appel 10002 (pas 2501) corrige seul : premier pas qui differe None, x_fin deplace de +0.0 ulp(x1) -> ABSORBE
[01:13:17Z] EFFET-dt2/8  cas dur K1 appel 10034 (pas 2509) corrige seul : premier pas qui differe None, x_fin deplace de +0.0 ulp(x1) -> ABSORBE
[01:13:17Z] EFFET-dt2/8  cas dur K1 appel 10052 (pas 2513) corrige seul : premier pas qui differe None, x_fin deplace de +0.0 ulp(x1) -> ABSORBE
[01:13:17Z] EFFET-dt2/8  cas dur K1 appel 10058 (pas 2515) corrige seul : premier pas qui differe None, x_fin deplace de +0.0 ulp(x1) -> ABSORBE
[01:13:17Z] EFFET-dt2/8  cas dur K1 appel 10059 (pas 2515) corrige seul : premier pas qui differe None, x_fin deplace de +0.0 ulp(x1) -> ABSORBE
[01:13:17Z] EFFET-dt2/8  cas dur K1 appel 10092 (pas 2523) corrige seul : premier pas qui differe None, x_fin deplace de +0.0 ulp(x1) -> ABSORBE
[01:13:17Z] EFFET-dt2/8  cas dur K1 appel 10109 (pas 2528) corrige seul : premier pas qui differe None, x_fin deplace de +0.0 ulp(x1) -> ABSORBE
[01:13:17Z] EFFET-dt2/8  cas dur K1 appel 10122 (pas 2531) corrige seul : premier pas qui differe None, x_fin deplace de +0.0 ulp(x1) -> ABSORBE
[01:13:17Z] EFFET-dt2/8  cas dur K1 appel 10123 (pas 2531) corrige seul : premier pas qui differe None, x_fin deplace de +0.0 ulp(x1) -> ABSORBE
[01:13:17Z] EFFET-dt2/8  cas dur K1 appel 10155 (pas 2539) corrige seul : premier pas qui differe None, x_fin deplace de +0.0 ulp(x1) -> ABSORBE
[01:13:17Z] EFFET-dt2/8  cas dur K1 appel 10159 (pas 2540) corrige seul : premier pas qui differe None, x_fin deplace de +0.0 ulp(x1) -> ABSORBE
[01:13:17Z] EFFET-dt2/8  cas dur K1 appel 10182 (pas 2546) corrige seul : premier pas qui differe None, x_fin deplace de +0.0 ulp(x1) -> ABSORBE
[01:13:17Z] EFFET-dt2/8  cas dur K1 appel 10219 (pas 2555) corrige seul : premier pas qui differe None, x_fin deplace de +0.0 ulp(x1) -> ABSORBE
[01:13:17Z] EFFET-dt2/8  cas dur K1 appel 10236 (pas 2559) corrige seul : premier pas qui differe None, x_fin deplace de +0.0 ulp(x1) -> ABSORBE
[01:13:17Z] EFFET-dt2/8  cas dur K1 appel 10307 (pas 2577) corrige seul : premier pas qui differe None, x_fin deplace de +0.0 ulp(x1) -> ABSORBE
[01:13:17Z] EFFET-dt2/8  cas dur K1 appel 10312 (pas 2578) corrige seul : premier pas qui differe None, x_fin deplace de +0.0 ulp(x1) -> ABSORBE
[01:13:17Z] EFFET-dt2/8  cas dur K1 appel 10318 (pas 2580) corrige seul : premier pas qui differe None, x_fin deplace de +0.0 ulp(x1) -> ABSORBE
[01:13:17Z] EFFET-dt2/8  cas dur K1 appel 10328 (pas 2582) corrige seul : premier pas qui differe None, x_fin deplace de +0.0 ulp(x1) -> ABSORBE
[01:13:17Z] EFFET-dt2/8  cas dur K1 appel 10343 (pas 2586) corrige seul : premier pas qui differe None, x_fin deplace de +0.0 ulp(x1) -> ABSORBE
[01:13:17Z] EFFET-dt2/8  cas dur K1 appel 10365 (pas 2592) corrige seul : premier pas qui differe None, x_fin deplace de +0.0 ulp(x1) -> ABSORBE
[01:13:17Z] EFFET-dt2/8  cas dur K1 appel 10372 (pas 2593) corrige seul : premier pas qui differe None, x_fin deplace de +0.0 ulp(x1) -> ABSORBE
[01:13:17Z] EFFET-dt2/8  cas dur K1 appel 10427 (pas 2607) corrige seul : premier pas qui differe None, x_fin deplace de +0.0 ulp(x1) -> ABSORBE
[01:13:17Z] EFFET-dt2/8  cas dur K1 appel 10450 (pas 2613) corrige seul : premier pas qui differe None, x_fin deplace de +0.0 ulp(x1) -> ABSORBE
[01:13:17Z] EFFET-dt2/8  cas dur K1 appel 10463 (pas 2616) corrige seul : premier pas qui differe None, x_fin deplace de +0.0 ulp(x1) -> ABSORBE
[01:13:17Z] EFFET-dt2/8  cas dur K1 appel 10465 (pas 2617) corrige seul : premier pas qui differe None, x_fin deplace de +0.0 ulp(x1) -> ABSORBE
[01:13:17Z] EFFET-dt2/8  cas dur K1 appel 10481 (pas 2621) corrige seul : premier pas qui differe None, x_fin deplace de +0.0 ulp(x1) -> ABSORBE
[01:13:17Z] EFFET-dt2/8  cas dur K1 appel 10484 (pas 2621) corrige seul : premier pas qui differe None, x_fin deplace de +0.0 ulp(x1) -> ABSORBE
[01:13:17Z] EFFET-dt2/8  cas dur K1 appel 10523 (pas 2631) corrige seul : premier pas qui differe None, x_fin deplace de +0.0 ulp(x1) -> ABSORBE
[01:13:17Z] EFFET-dt2/8  cas dur K1 appel 10543 (pas 2636) corrige seul : premier pas qui differe None, x_fin deplace de +0.0 ulp(x1) -> ABSORBE
[01:13:17Z] EFFET-dt2/8  cas dur K1 appel 10565 (pas 2642) corrige seul : premier pas qui differe None, x_fin deplace de +0.0 ulp(x1) -> ABSORBE
[01:13:17Z] EFFET-dt2/8  cas dur K1 appel 10582 (pas 2646) corrige seul : premier pas qui differe None, x_fin deplace de +0.0 ulp(x1) -> ABSORBE
[01:13:17Z] EFFET-dt2/8  cas dur K1 appel 10655 (pas 2664) corrige seul : premier pas qui differe None, x_fin deplace de +0.0 ulp(x1) -> ABSORBE
[01:13:17Z] EFFET-dt2/8  cas dur K1 appel 10660 (pas 2665) corrige seul : premier pas qui differe None, x_fin deplace de +0.0 ulp(x1) -> ABSORBE
[01:13:17Z] EFFET-dt2/8  cas dur K1 appel 10680 (pas 2670) corrige seul : premier pas qui differe None, x_fin deplace de +0.0 ulp(x1) -> ABSORBE
[01:13:17Z] EFFET-dt2/8  cas dur K1 appel 10690 (pas 2673) corrige seul : premier pas qui differe None, x_fin deplace de +0.0 ulp(x1) -> ABSORBE
[01:13:17Z] EFFET-dt2/8  cas dur K1 appel 10699 (pas 2675) corrige seul : premier pas qui differe None, x_fin deplace de +0.0 ulp(x1) -> ABSORBE
[01:13:17Z] EFFET-dt2/8  cas dur K1 appel 10710 (pas 2678) corrige seul : premier pas qui differe None, x_fin deplace de +0.0 ulp(x1) -> ABSORBE
[01:13:17Z] EFFET-dt2/8  cas dur K1 appel 10713 (pas 2679) corrige seul : premier pas qui differe None, x_fin deplace de +0.0 ulp(x1) -> ABSORBE
[01:13:17Z] EFFET-dt2/8  cas dur K1 appel 10730 (pas 2683) corrige seul : premier pas qui differe None, x_fin deplace de +0.0 ulp(x1) -> ABSORBE
[01:13:17Z] EFFET-dt2/8  cas dur K1 appel 10754 (pas 2689) corrige seul : premier pas qui differe None, x_fin deplace de +0.0 ulp(x1) -> ABSORBE
[01:13:17Z] EFFET-dt2/8  cas dur K1 appel 10761 (pas 2691) corrige seul : premier pas qui differe None, x_fin deplace de +0.0 ulp(x1) -> ABSORBE
[01:13:17Z] EFFET-dt2/8  cas dur K1 appel 10765 (pas 2692) corrige seul : premier pas qui differe None, x_fin deplace de +0.0 ulp(x1) -> ABSORBE
[01:13:17Z] EFFET-dt2/8  cas dur K1 appel 10797 (pas 2700) corrige seul : premier pas qui differe None, x_fin deplace de +0.0 ulp(x1) -> ABSORBE
[01:13:17Z] EFFET-dt2/8  cas dur K1 appel 10810 (pas 2703) corrige seul : premier pas qui differe None, x_fin deplace de +0.0 ulp(x1) -> ABSORBE
[01:13:17Z] EFFET-dt2/8  cas dur K1 appel 10841 (pas 2711) corrige seul : premier pas qui differe None, x_fin deplace de +0.0 ulp(x1) -> ABSORBE
[01:13:17Z] EFFET-dt2/8  cas dur K1 appel 10845 (pas 2712) corrige seul : premier pas qui differe None, x_fin deplace de +0.0 ulp(x1) -> ABSORBE
[01:13:17Z] EFFET-dt2/8  cas dur K1 appel 10873 (pas 2719) corrige seul : premier pas qui differe None, x_fin deplace de +0.0 ulp(x1) -> ABSORBE
[01:13:17Z] EFFET-dt2/8  cas dur K1 appel 10906 (pas 2727) corrige seul : premier pas qui differe None, x_fin deplace de +0.0 ulp(x1) -> ABSORBE
[01:13:17Z] EFFET-dt2/8  cas dur K1 appel 10936 (pas 2734) corrige seul : premier pas qui differe None, x_fin deplace de +0.0 ulp(x1) -> ABSORBE
[01:13:17Z] EFFET-dt2/8  cas dur K1 appel 10945 (pas 2737) corrige seul : premier pas qui differe None, x_fin deplace de +0.0 ulp(x1) -> ABSORBE
[01:13:17Z] EFFET-dt2/8  cas dur K1 appel 10958 (pas 2740) corrige seul : premier pas qui differe None, x_fin deplace de +0.0 ulp(x1) -> ABSORBE
[01:13:17Z] EFFET-dt2/8  cas dur K1 appel 11040 (pas 2760) corrige seul : premier pas qui differe None, x_fin deplace de +0.0 ulp(x1) -> ABSORBE
[01:13:17Z] EFFET-dt2/8  cas dur K1 appel 11042 (pas 2761) corrige seul : premier pas qui differe None, x_fin deplace de +0.0 ulp(x1) -> ABSORBE
[01:13:17Z] EFFET-dt2/8  cas dur K1 appel 11057 (pas 2765) corrige seul : premier pas qui differe None, x_fin deplace de +0.0 ulp(x1) -> ABSORBE
[01:13:17Z] EFFET-dt2/8  cas dur K1 appel 11078 (pas 2770) corrige seul : premier pas qui differe None, x_fin deplace de +0.0 ulp(x1) -> ABSORBE
[01:13:17Z] EFFET-dt2/8  cas dur K1 appel 11149 (pas 2788) corrige seul : premier pas qui differe None, x_fin deplace de +0.0 ulp(x1) -> ABSORBE
[01:13:17Z] EFFET-dt2/8  cas dur K1 appel 11199 (pas 2800) corrige seul : premier pas qui differe None, x_fin deplace de +0.0 ulp(x1) -> ABSORBE
[01:13:17Z] EFFET-dt2/8  cas dur K1 appel 11234 (pas 2809) corrige seul : premier pas qui differe None, x_fin deplace de +0.0 ulp(x1) -> ABSORBE
[01:13:17Z] EFFET-dt2/8  cas dur K1 appel 11235 (pas 2809) corrige seul : premier pas qui differe None, x_fin deplace de +0.0 ulp(x1) -> ABSORBE
[01:13:17Z] EFFET-dt2/8  cas dur K1 appel 11249 (pas 2813) corrige seul : premier pas qui differe None, x_fin deplace de +0.0 ulp(x1) -> ABSORBE
[01:13:17Z] EFFET-dt2/8  cas dur K1 appel 11255 (pas 2814) corrige seul : premier pas qui differe None, x_fin deplace de +0.0 ulp(x1) -> ABSORBE
[01:13:17Z] EFFET-dt2/8  cas dur K1 appel 11256 (pas 2814) corrige seul : premier pas qui differe None, x_fin deplace de +0.0 ulp(x1) -> ABSORBE
[01:13:17Z] EFFET-dt2/8  cas dur K1 appel 11273 (pas 2819) corrige seul : premier pas qui differe None, x_fin deplace de +0.0 ulp(x1) -> ABSORBE
[01:13:17Z] EFFET-dt2/8  cas dur K1 appel 11277 (pas 2820) corrige seul : premier pas qui differe None, x_fin deplace de +0.0 ulp(x1) -> ABSORBE
[01:13:17Z] EFFET-dt2/8  cas dur K1 appel 11285 (pas 2822) corrige seul : premier pas qui differe None, x_fin deplace de +0.0 ulp(x1) -> ABSORBE
[01:13:17Z] EFFET-dt2/8  cas dur K1 appel 11320 (pas 2830) corrige seul : premier pas qui differe None, x_fin deplace de +0.0 ulp(x1) -> ABSORBE
[01:13:17Z] EFFET-dt2/8  cas dur K1 appel 11342 (pas 2836) corrige seul : premier pas qui differe None, x_fin deplace de +0.0 ulp(x1) -> ABSORBE
[01:13:17Z] EFFET-dt2/8  cas dur K1 appel 11382 (pas 2846) corrige seul : premier pas qui differe None, x_fin deplace de +0.0 ulp(x1) -> ABSORBE
[01:13:17Z] EFFET-dt2/8  cas dur K1 appel 11394 (pas 2849) corrige seul : premier pas qui differe None, x_fin deplace de +0.0 ulp(x1) -> ABSORBE
[01:13:17Z] EFFET-dt2/8  cas dur K1 appel 11396 (pas 2849) corrige seul : premier pas qui differe None, x_fin deplace de +0.0 ulp(x1) -> ABSORBE
[01:13:17Z] EFFET-dt2/8  cas dur K1 appel 11405 (pas 2852) corrige seul : premier pas qui differe None, x_fin deplace de +0.0 ulp(x1) -> ABSORBE
[01:13:17Z] EFFET-dt2/8  cas dur K1 appel 11498 (pas 2875) corrige seul : premier pas qui differe None, x_fin deplace de +0.0 ulp(x1) -> ABSORBE
[01:13:17Z] EFFET-dt2/8  cas dur K1 appel 11499 (pas 2875) corrige seul : premier pas qui differe None, x_fin deplace de +0.0 ulp(x1) -> ABSORBE
[01:13:17Z] EFFET-dt2/8  cas dur K1 appel 11533 (pas 2884) corrige seul : premier pas qui differe None, x_fin deplace de +0.0 ulp(x1) -> ABSORBE
[01:13:17Z] EFFET-dt2/8  cas dur K1 appel 11557 (pas 2890) corrige seul : premier pas qui differe None, x_fin deplace de +0.0 ulp(x1) -> ABSORBE
[01:13:17Z] EFFET-dt2/8  cas dur K1 appel 11559 (pas 2890) corrige seul : premier pas qui differe None, x_fin deplace de +0.0 ulp(x1) -> ABSORBE
[01:13:17Z] EFFET-dt2/8  cas dur K1 appel 11588 (pas 2897) corrige seul : premier pas qui differe None, x_fin deplace de +0.0 ulp(x1) -> ABSORBE
[01:13:17Z] EFFET-dt2/8  cas dur K1 appel 11612 (pas 2903) corrige seul : premier pas qui differe None, x_fin deplace de +0.0 ulp(x1) -> ABSORBE
[01:13:17Z] EFFET-dt2/8  cas dur K1 appel 11616 (pas 2904) corrige seul : premier pas qui differe None, x_fin deplace de +0.0 ulp(x1) -> ABSORBE
[01:13:17Z] EFFET-dt2/8  cas dur K1 appel 11621 (pas 2906) corrige seul : premier pas qui differe None, x_fin deplace de +0.0 ulp(x1) -> ABSORBE
[01:13:17Z] EFFET-dt2/8  cas dur K1 appel 11624 (pas 2906) corrige seul : premier pas qui differe None, x_fin deplace de +0.0 ulp(x1) -> ABSORBE
[01:13:17Z] EFFET-dt2/8  cas dur K1 appel 11645 (pas 2912) corrige seul : premier pas qui differe None, x_fin deplace de +0.0 ulp(x1) -> ABSORBE
[01:13:17Z] EFFET-dt2/8  cas dur K1 appel 11653 (pas 2914) corrige seul : premier pas qui differe None, x_fin deplace de +0.0 ulp(x1) -> ABSORBE
[01:13:17Z] EFFET-dt2/8  cas dur K1 appel 11683 (pas 2921) corrige seul : premier pas qui differe None, x_fin deplace de +0.0 ulp(x1) -> ABSORBE
[01:13:17Z] EFFET-dt2/8  cas dur K1 appel 11728 (pas 2932) corrige seul : premier pas qui differe None, x_fin deplace de +0.0 ulp(x1) -> ABSORBE
[01:13:17Z] EFFET-dt2/8  cas dur K1 appel 11756 (pas 2939) corrige seul : premier pas qui differe None, x_fin deplace de +0.0 ulp(x1) -> ABSORBE
[01:13:17Z] EFFET-dt2/8  cas dur K1 appel 11771 (pas 2943) corrige seul : premier pas qui differe None, x_fin deplace de +0.0 ulp(x1) -> ABSORBE
[01:13:17Z] EFFET-dt2/8  cas dur K1 appel 11773 (pas 2944) corrige seul : premier pas qui differe None, x_fin deplace de +0.0 ulp(x1) -> ABSORBE
[01:13:17Z] EFFET-dt2/8  cas dur K1 appel 11785 (pas 2947) corrige seul : premier pas qui differe None, x_fin deplace de +0.0 ulp(x1) -> ABSORBE
[01:13:17Z] EFFET-dt2/8  cas dur K1 appel 11815 (pas 2954) corrige seul : premier pas qui differe None, x_fin deplace de +0.0 ulp(x1) -> ABSORBE
[01:13:17Z] EFFET-dt2/8  cas dur K1 appel 11841 (pas 2961) corrige seul : premier pas qui differe None, x_fin deplace de +0.0 ulp(x1) -> ABSORBE
[01:13:17Z] EFFET-dt2/8  cas dur K1 appel 11879 (pas 2970) corrige seul : premier pas qui differe None, x_fin deplace de +0.0 ulp(x1) -> ABSORBE
[01:13:17Z] EFFET-dt2/8  cas dur K1 appel 11896 (pas 2974) corrige seul : premier pas qui differe None, x_fin deplace de +0.0 ulp(x1) -> ABSORBE
[01:13:17Z] EFFET-dt2/8  cas dur K1 appel 11924 (pas 2981) corrige seul : premier pas qui differe None, x_fin deplace de +0.0 ulp(x1) -> ABSORBE
[01:13:17Z] EFFET-dt2/8  cas dur K1 appel 11932 (pas 2983) corrige seul : premier pas qui differe None, x_fin deplace de +0.0 ulp(x1) -> ABSORBE
[01:13:17Z] EFFET-dt2/8  cas dur K1 appel 11933 (pas 2984) corrige seul : premier pas qui differe None, x_fin deplace de +0.0 ulp(x1) -> ABSORBE
[01:13:17Z] EFFET-dt2/8  cas dur K1 appel 11953 (pas 2989) corrige seul : premier pas qui differe None, x_fin deplace de +0.0 ulp(x1) -> ABSORBE
[01:13:17Z] EFFET-dt2/8  cas dur K1 appel 11970 (pas 2993) corrige seul : premier pas qui differe None, x_fin deplace de +0.0 ulp(x1) -> ABSORBE
[01:13:17Z] EFFET-dt2/8  cas dur K1 appel 11981 (pas 2996) corrige seul : premier pas qui differe None, x_fin deplace de +0.0 ulp(x1) -> ABSORBE
[01:13:17Z] EFFET-dt2/8  cas dur K1 appel 12002 (pas 3001) corrige seul : premier pas qui differe None, x_fin deplace de +0.0 ulp(x1) -> ABSORBE
[01:13:17Z] EFFET-dt2/8  cas dur K1 appel 12019 (pas 3005) corrige seul : premier pas qui differe None, x_fin deplace de +0.0 ulp(x1) -> ABSORBE
[01:13:17Z] EFFET-dt2/8  cas dur K1 appel 12046 (pas 3012) corrige seul : premier pas qui differe None, x_fin deplace de +0.0 ulp(x1) -> ABSORBE
[01:13:17Z] EFFET-dt2/8  cas dur K1 appel 12048 (pas 3012) corrige seul : premier pas qui differe None, x_fin deplace de +0.0 ulp(x1) -> ABSORBE
[01:13:17Z] EFFET-dt2/8  cas dur K1 appel 12063 (pas 3016) corrige seul : premier pas qui differe None, x_fin deplace de +0.0 ulp(x1) -> ABSORBE
[01:13:17Z] EFFET-dt2/8  cas dur K1 appel 12067 (pas 3017) corrige seul : premier pas qui differe None, x_fin deplace de +0.0 ulp(x1) -> ABSORBE
[01:13:17Z] EFFET-dt2/8  cas dur K1 appel 12068 (pas 3017) corrige seul : premier pas qui differe None, x_fin deplace de +0.0 ulp(x1) -> ABSORBE
[01:13:17Z] EFFET-dt2/8  cas dur K1 appel 12093 (pas 3024) corrige seul : premier pas qui differe None, x_fin deplace de +0.0 ulp(x1) -> ABSORBE
[01:13:17Z] EFFET-dt2/8  cas dur K1 appel 12141 (pas 3036) corrige seul : premier pas qui differe None, x_fin deplace de +0.0 ulp(x1) -> ABSORBE
[01:13:17Z] EFFET-dt2/8  cas dur K1 appel 12150 (pas 3038) corrige seul : premier pas qui differe None, x_fin deplace de +0.0 ulp(x1) -> ABSORBE
[01:13:17Z] EFFET-dt2/8  cas dur K1 appel 12156 (pas 3039) corrige seul : premier pas qui differe None, x_fin deplace de +0.0 ulp(x1) -> ABSORBE
[01:13:17Z] EFFET-dt2/8  cas dur K1 appel 12160 (pas 3040) corrige seul : premier pas qui differe None, x_fin deplace de +0.0 ulp(x1) -> ABSORBE
[01:13:17Z] JUMEAU-CR-dt2/8 K1 CR seul : e=1.6530853961382515e-08 (egal poste True, egal JSON recu True, premier pas None, x_fin +0.0 ulp) ; tout CR : e=1.6530853961382515e-08 / xm numpy 1.6530853961382515e-08 (egal poste True, egal JSON recu True, premier pas None, x_fin +0.0 ulp)
[01:13:17Z] BILAN        jumeau fidele aux 4 pas : True ; CR egal poste : [False, False, False, True] ; CR egal JSON recu : [True, True, True, True] ; flots ou poste != JSON recu : [0, 1, 2] ; cas durs K1 par flot : [83, 161, 316, 633] ; bascules : [0, 1, 2, 0]
[01:13:17Z] VERDICT      H-POW TENUE, CAUSE ICI : le jumeau a puissances CR rend les valeurs du JSON recu (rejeu1, machine 2 (lot eb7fb1cefbf2cec4)) aux pas ou il differe de ce poste, et celles de ce poste ailleurs -- CE POSTE n'est pas CR sur les cas durs enumeres ; le poste du JSON recu l'est sur ces flots
[01:13:17Z] JSON         /home/claude/geste2/sortie_diag_v2/diagnostic_pow_cas_durs_machine1_v2.json ecrit, empreinte B 9dc66b9808465078
[01:13:17Z] FIN          45.0 s
